/* Generated from web/index.html by make. */
const unsigned char web_page_html[] = {
  0x3c, 0x21, 0x64, 0x6f, 0x63, 0x74, 0x79, 0x70, 0x65, 0x20, 0x68, 0x74,
  0x6d, 0x6c, 0x3e, 0x0a, 0x3c, 0x68, 0x74, 0x6d, 0x6c, 0x20, 0x6c, 0x61,
  0x6e, 0x67, 0x3d, 0x22, 0x65, 0x6e, 0x22, 0x3e, 0x0a, 0x3c, 0x68, 0x65,
  0x61, 0x64, 0x3e, 0x0a, 0x3c, 0x6d, 0x65, 0x74, 0x61, 0x20, 0x63, 0x68,
  0x61, 0x72, 0x73, 0x65, 0x74, 0x3d, 0x22, 0x75, 0x74, 0x66, 0x2d, 0x38,
  0x22, 0x3e, 0x0a, 0x3c, 0x6d, 0x65, 0x74, 0x61, 0x20, 0x6e, 0x61, 0x6d,
  0x65, 0x3d, 0x22, 0x76, 0x69, 0x65, 0x77, 0x70, 0x6f, 0x72, 0x74, 0x22,
  0x20, 0x63, 0x6f, 0x6e, 0x74, 0x65, 0x6e, 0x74, 0x3d, 0x22, 0x77, 0x69,
  0x64, 0x74, 0x68, 0x3d, 0x64, 0x65, 0x76, 0x69, 0x63, 0x65, 0x2d, 0x77,
  0x69, 0x64, 0x74, 0x68, 0x2c, 0x20, 0x69, 0x6e, 0x69, 0x74, 0x69, 0x61,
  0x6c, 0x2d, 0x73, 0x63, 0x61, 0x6c, 0x65, 0x3d, 0x31, 0x22, 0x3e, 0x0a,
  0x3c, 0x6d, 0x65, 0x74, 0x61, 0x20, 0x6e, 0x61, 0x6d, 0x65, 0x3d, 0x22,
  0x63, 0x6f, 0x6c, 0x6f, 0x72, 0x2d, 0x73, 0x63, 0x68, 0x65, 0x6d, 0x65,
  0x22, 0x20, 0x63, 0x6f, 0x6e, 0x74, 0x65, 0x6e, 0x74, 0x3d, 0x22, 0x64,
  0x61, 0x72, 0x6b, 0x22, 0x3e, 0x0a, 0x3c, 0x74, 0x69, 0x74, 0x6c, 0x65,
  0x3e, 0x50, 0x61, 0x64, 0x42, 0x72, 0x69, 0x64, 0x67, 0x65, 0x20, 0x50,
  0x53, 0x35, 0x3c, 0x2f, 0x74, 0x69, 0x74, 0x6c, 0x65, 0x3e, 0x0a, 0x3c,
  0x73, 0x74, 0x79, 0x6c, 0x65, 0x3e, 0x0a, 0x3a, 0x72, 0x6f, 0x6f, 0x74,
  0x20, 0x7b, 0x0a, 0x20, 0x20, 0x2d, 0x2d, 0x69, 0x6e, 0x6b, 0x3a, 0x20,
  0x23, 0x66, 0x34, 0x65, 0x66, 0x65, 0x36, 0x3b, 0x20, 0x2d, 0x2d, 0x6d,
  0x75, 0x74, 0x65, 0x3a, 0x20, 0x23, 0x39, 0x61, 0x39, 0x34, 0x38, 0x61,
  0x3b, 0x20, 0x2d, 0x2d, 0x76, 0x6f, 0x69, 0x64, 0x3a, 0x20, 0x23, 0x30,
  0x63, 0x30, 0x62, 0x30, 0x66, 0x3b, 0x20, 0x2d, 0x2d, 0x64, 0x65, 0x63,
  0x6b, 0x3a, 0x20, 0x23, 0x31, 0x35, 0x31, 0x33, 0x31, 0x61, 0x3b, 0x20,
  0x2d, 0x2d, 0x63, 0x61, 0x72, 0x64, 0x3a, 0x20, 0x23, 0x31, 0x63, 0x31,
  0x39, 0x32, 0x32, 0x3b, 0x20, 0x2d, 0x2d, 0x65, 0x64, 0x67, 0x65, 0x3a,
  0x20, 0x23, 0x32, 0x63, 0x32, 0x38, 0x33, 0x33, 0x3b, 0x0a, 0x20, 0x20,
  0x2d, 0x2d, 0x6c, 0x69, 0x6d, 0x65, 0x3a, 0x20, 0x23, 0x63, 0x38, 0x66,
  0x66, 0x33, 0x64, 0x3b, 0x20, 0x2d, 0x2d, 0x65, 0x6d, 0x62, 0x65, 0x72,
  0x3a, 0x20, 0x23, 0x66, 0x66, 0x36, 0x61, 0x32, 0x62, 0x3b, 0x20, 0x2d,
  0x2d, 0x72, 0x6f, 0x73, 0x65, 0x3a, 0x20, 0x23, 0x66, 0x66, 0x33, 0x64,
  0x37, 0x66, 0x3b, 0x20, 0x2d, 0x2d, 0x67, 0x6f, 0x6f, 0x64, 0x3a, 0x20,
  0x23, 0x63, 0x38, 0x66, 0x66, 0x33, 0x64, 0x3b, 0x20, 0x2d, 0x2d, 0x77,
  0x61, 0x72, 0x6e, 0x3a, 0x20, 0x23, 0x66, 0x66, 0x62, 0x32, 0x33, 0x64,
  0x3b, 0x20, 0x2d, 0x2d, 0x62, 0x61, 0x64, 0x3a, 0x20, 0x23, 0x66, 0x66,
  0x33, 0x64, 0x35, 0x61, 0x3b, 0x0a, 0x20, 0x20, 0x2d, 0x2d, 0x67, 0x6c,
  0x6f, 0x77, 0x3a, 0x20, 0x30, 0x20, 0x30, 0x20, 0x30, 0x20, 0x32, 0x70,
  0x78, 0x20, 0x76, 0x61, 0x72, 0x28, 0x2d, 0x2d, 0x6c, 0x69, 0x6d, 0x65,
  0x29, 0x3b, 0x0a, 0x20, 0x20, 0x2d, 0x2d, 0x63, 0x79, 0x61, 0x6e, 0x3a,
  0x20, 0x76, 0x61, 0x72, 0x28, 0x2d, 0x2d, 0x6c, 0x69, 0x6d, 0x65, 0x29,
  0x3b, 0x20, 0x2d, 0x2d, 0x62, 0x6c, 0x75, 0x65, 0x3a, 0x20, 0x76, 0x61,
  0x72, 0x28, 0x2d, 0x2d, 0x65, 0x6d, 0x62, 0x65, 0x72, 0x29, 0x3b, 0x20,
  0x2d, 0x2d, 0x76, 0x69, 0x6f, 0x6c, 0x65, 0x74, 0x3a, 0x20, 0x76, 0x61,
  0x72, 0x28, 0x2d, 0x2d, 0x72, 0x6f, 0x73, 0x65, 0x29, 0x3b, 0x0a, 0x7d,
  0x0a, 0x2a, 0x20, 0x7b, 0x20, 0x62, 0x6f, 0x78, 0x2d, 0x73, 0x69, 0x7a,
  0x69, 0x6e, 0x67, 0x3a, 0x20, 0x62, 0x6f, 0x72, 0x64, 0x65, 0x72, 0x2d,
  0x62, 0x6f, 0x78, 0x3b, 0x20, 0x7d, 0x0a, 0x68, 0x74, 0x6d, 0x6c, 0x20,
  0x7b, 0x20, 0x62, 0x61, 0x63, 0x6b, 0x67, 0x72, 0x6f, 0x75, 0x6e, 0x64,
  0x3a, 0x20, 0x76, 0x61, 0x72, 0x28, 0x2d, 0x2d, 0x76, 0x6f, 0x69, 0x64,
  0x29, 0x3b, 0x20, 0x7d, 0x0a, 0x62, 0x6f, 0x64, 0x79, 0x20, 0x7b, 0x20,
  0x6d, 0x61, 0x72, 0x67, 0x69, 0x6e, 0x3a, 0x20, 0x30, 0x3b, 0x20, 0x6d,
  0x69, 0x6e, 0x2d, 0x68, 0x65, 0x69, 0x67, 0x68, 0x74, 0x3a, 0x20, 0x31,
  0x30, 0x30, 0x76, 0x68, 0x3b, 0x20, 0x63, 0x6f, 0x6c, 0x6f, 0x72, 0x3a,
  0x20, 0x76, 0x61, 0x72, 0x28, 0x2d, 0x2d, 0x69, 0x6e, 0x6b, 0x29, 0x3b,
  0x0a, 0x20, 0x20, 0x66, 0x6f, 0x6e, 0x74, 0x3a, 0x20, 0x31, 0x36, 0x70,
  0x78, 0x2f, 0x31, 0x2e, 0x35, 0x20, 0x22, 0x42, 0x61, 0x68, 0x6e, 0x73,
  0x63, 0x68, 0x72, 0x69, 0x66, 0x74, 0x22, 0x2c, 0x20, 0x22, 0x44, 0x49,
  0x4e, 0x20, 0x41, 0x6c, 0x74, 0x65, 0x72, 0x6e, 0x61, 0x74, 0x65, 0x22,
  0x2c, 0x20, 0x22, 0x42, 0x61, 0x72, 0x6c, 0x6f, 0x77, 0x22, 0x2c, 0x20,
  0x22, 0x53, 0x65, 0x67, 0x6f, 0x65, 0x20, 0x55, 0x49, 0x22, 0x2c, 0x20,
  0x73, 0x79, 0x73, 0x74, 0x65, 0x6d, 0x2d, 0x75, 0x69, 0x2c, 0x20, 0x73,
  0x61, 0x6e, 0x73, 0x2d, 0x73, 0x65, 0x72, 0x69, 0x66, 0x3b, 0x0a, 0x20,
  0x20, 0x62, 0x61, 0x63, 0x6b, 0x67, 0x72, 0x6f, 0x75, 0x6e, 0x64, 0x3a,
  0x0a, 0x20, 0x20, 0x20, 0x20, 0x72, 0x65, 0x70, 0x65, 0x61, 0x74, 0x69,
  0x6e, 0x67, 0x2d, 0x6c, 0x69, 0x6e, 0x65, 0x61, 0x72, 0x2d, 0x67, 0x72,
  0x61, 0x64, 0x69, 0x65, 0x6e, 0x74, 0x28, 0x31, 0x33, 0x35, 0x64, 0x65,
  0x67, 0x2c, 0x20, 0x72, 0x67, 0x62, 0x61, 0x28, 0x32, 0x35, 0x35, 0x2c,
  0x32, 0x35, 0x35, 0x2c, 0x32, 0x35, 0x35, 0x2c, 0x2e, 0x30, 0x31, 0x38,
  0x29, 0x20, 0x30, 0x20, 0x32, 0x70, 0x78, 0x2c, 0x20, 0x74, 0x72, 0x61,
  0x6e, 0x73, 0x70, 0x61, 0x72, 0x65, 0x6e, 0x74, 0x20, 0x32, 0x70, 0x78,
  0x20, 0x31, 0x34, 0x70, 0x78, 0x29, 0x2c, 0x0a, 0x20, 0x20, 0x20, 0x20,
  0x72, 0x61, 0x64, 0x69, 0x61, 0x6c, 0x2d, 0x67, 0x72, 0x61, 0x64, 0x69,
  0x65, 0x6e, 0x74, 0x28, 0x39, 0x30, 0x30, 0x70, 0x78, 0x20, 0x35, 0x30,
  0x30, 0x70, 0x78, 0x20, 0x61, 0x74, 0x20, 0x31, 0x30, 0x30, 0x25, 0x20,
  0x30, 0x2c, 0x20, 0x72, 0x67, 0x62, 0x61, 0x28, 0x32, 0x35, 0x35, 0x2c,
  0x31, 0x30, 0x36, 0x2c, 0x34, 0x33, 0x2c, 0x2e, 0x31, 0x34, 0x29, 0x2c,
  0x20, 0x74, 0x72, 0x61, 0x6e, 0x73, 0x70, 0x61, 0x72, 0x65, 0x6e, 0x74,
  0x20, 0x36, 0x30, 0x25, 0x29, 0x2c, 0x0a, 0x20, 0x20, 0x20, 0x20, 0x72,
  0x61, 0x64, 0x69, 0x61, 0x6c, 0x2d, 0x67, 0x72, 0x61, 0x64, 0x69, 0x65,
  0x6e, 0x74, 0x28, 0x37, 0x30, 0x30, 0x70, 0x78, 0x20, 0x35, 0x30, 0x30,
  0x70, 0x78, 0x20, 0x61, 0x74, 0x20, 0x30, 0x20, 0x31, 0x30, 0x30, 0x25,
  0x2c, 0x20, 0x72, 0x67, 0x62, 0x61, 0x28, 0x32, 0x30, 0x30, 0x2c, 0x32,
  0x35, 0x35, 0x2c, 0x36, 0x31, 0x2c, 0x2e, 0x30, 0x37, 0x29, 0x2c, 0x20,
  0x74, 0x72, 0x61, 0x6e, 0x73, 0x70, 0x61, 0x72, 0x65, 0x6e, 0x74, 0x20,
  0x36, 0x30, 0x25, 0x29, 0x2c, 0x20, 0x76, 0x61, 0x72, 0x28, 0x2d, 0x2d,
  0x76, 0x6f, 0x69, 0x64, 0x29, 0x3b, 0x20, 0x7d, 0x0a, 0x2e, 0x77, 0x72,
  0x61, 0x70, 0x20, 0x7b, 0x20, 0x6d, 0x61, 0x78, 0x2d, 0x77, 0x69, 0x64,
  0x74, 0x68, 0x3a, 0x20, 0x31, 0x32, 0x30, 0x30, 0x70, 0x78, 0x3b, 0x20,
  0x6d, 0x61, 0x72, 0x67, 0x69, 0x6e, 0x3a, 0x20, 0x30, 0x20, 0x61, 0x75,
  0x74, 0x6f, 0x3b, 0x20, 0x70, 0x61, 0x64, 0x64, 0x69, 0x6e, 0x67, 0x3a,
  0x20, 0x31, 0x38, 0x70, 0x78, 0x20, 0x32, 0x34, 0x70, 0x78, 0x20, 0x34,
  0x30, 0x70, 0x78, 0x3b, 0x20, 0x7d, 0x0a, 0x2e, 0x74, 0x74, 0x6c, 0x20,
  0x7b, 0x20, 0x74, 0x65, 0x78, 0x74, 0x2d, 0x74, 0x72, 0x61, 0x6e, 0x73,
  0x66, 0x6f, 0x72, 0x6d, 0x3a, 0x20, 0x75, 0x70, 0x70, 0x65, 0x72, 0x63,
  0x61, 0x73, 0x65, 0x3b, 0x20, 0x6c, 0x65, 0x74, 0x74, 0x65, 0x72, 0x2d,
  0x73, 0x70, 0x61, 0x63, 0x69, 0x6e, 0x67, 0x3a, 0x20, 0x33, 0x70, 0x78,
  0x3b, 0x20, 0x66, 0x6f, 0x6e, 0x74, 0x2d, 0x77, 0x65, 0x69, 0x67, 0x68,
  0x74, 0x3a, 0x20, 0x38, 0x30, 0x30, 0x3b, 0x20, 0x7d, 0x0a, 0x0a, 0x2f,
  0x2a, 0x20, 0x74, 0x6f, 0x70, 0x20, 0x62, 0x61, 0x72, 0x20, 0x2a, 0x2f,
  0x0a, 0x2e, 0x62, 0x61, 0x72, 0x20, 0x7b, 0x20, 0x64, 0x69, 0x73, 0x70,
  0x6c, 0x61, 0x79, 0x3a, 0x20, 0x66, 0x6c, 0x65, 0x78, 0x3b, 0x20, 0x61,
  0x6c, 0x69, 0x67, 0x6e, 0x2d, 0x69, 0x74, 0x65, 0x6d, 0x73, 0x3a, 0x20,
  0x63, 0x65, 0x6e, 0x74, 0x65, 0x72, 0x3b, 0x20, 0x6a, 0x75, 0x73, 0x74,
  0x69, 0x66, 0x79, 0x2d, 0x63, 0x6f, 0x6e, 0x74, 0x65, 0x6e, 0x74, 0x3a,
  0x20, 0x73, 0x70, 0x61, 0x63, 0x65, 0x2d, 0x62, 0x65, 0x74, 0x77, 0x65,
  0x65, 0x6e, 0x3b, 0x20, 0x70, 0x61, 0x64, 0x64, 0x69, 0x6e, 0x67, 0x3a,
  0x20, 0x36, 0x70, 0x78, 0x20, 0x30, 0x20, 0x31, 0x36, 0x70, 0x78, 0x3b,
  0x20, 0x62, 0x6f, 0x72, 0x64, 0x65, 0x72, 0x2d, 0x62, 0x6f, 0x74, 0x74,
  0x6f, 0x6d, 0x3a, 0x20, 0x32, 0x70, 0x78, 0x20, 0x73, 0x6f, 0x6c, 0x69,
  0x64, 0x20, 0x76, 0x61, 0x72, 0x28, 0x2d, 0x2d, 0x65, 0x64, 0x67, 0x65,
  0x29, 0x3b, 0x20, 0x6d, 0x61, 0x72, 0x67, 0x69, 0x6e, 0x2d, 0x62, 0x6f,
  0x74, 0x74, 0x6f, 0x6d, 0x3a, 0x20, 0x31, 0x38, 0x70, 0x78, 0x3b, 0x20,
  0x7d, 0x0a, 0x2e, 0x62, 0x72, 0x61, 0x6e, 0x64, 0x20, 0x7b, 0x20, 0x64,
  0x69, 0x73, 0x70, 0x6c, 0x61, 0x79, 0x3a, 0x20, 0x66, 0x6c, 0x65, 0x78,
  0x3b, 0x20, 0x61, 0x6c, 0x69, 0x67, 0x6e, 0x2d, 0x69, 0x74, 0x65, 0x6d,
  0x73, 0x3a, 0x20, 0x63, 0x65, 0x6e, 0x74, 0x65, 0x72, 0x3b, 0x20, 0x7d,
  0x0a, 0x2e, 0x6d, 0x61, 0x72, 0x6b, 0x20, 0x7b, 0x20, 0x77, 0x69, 0x64,
  0x74, 0x68, 0x3a, 0x20, 0x34, 0x36, 0x70, 0x78, 0x3b, 0x20, 0x68, 0x65,
  0x69, 0x67, 0x68, 0x74, 0x3a, 0x20, 0x34, 0x36, 0x70, 0x78, 0x3b, 0x20,
  0x6d, 0x61, 0x72, 0x67, 0x69, 0x6e, 0x2d, 0x72, 0x69, 0x67, 0x68, 0x74,
  0x3a, 0x20, 0x31, 0x34, 0x70, 0x78, 0x3b, 0x20, 0x7d, 0x0a, 0x2e, 0x62,
  0x72, 0x61, 0x6e, 0x64, 0x20, 0x68, 0x31, 0x20, 0x7b, 0x20, 0x6d, 0x61,
  0x72, 0x67, 0x69, 0x6e, 0x3a, 0x20, 0x30, 0x3b, 0x20, 0x66, 0x6f, 0x6e,
  0x74, 0x2d, 0x73, 0x69, 0x7a, 0x65, 0x3a, 0x20, 0x32, 0x34, 0x70, 0x78,
  0x3b, 0x20, 0x66, 0x6f, 0x6e, 0x74, 0x2d, 0x77, 0x65, 0x69, 0x67, 0x68,
  0x74, 0x3a, 0x20, 0x39, 0x30, 0x30, 0x3b, 0x20, 0x6c, 0x65, 0x74, 0x74,
  0x65, 0x72, 0x2d, 0x73, 0x70, 0x61, 0x63, 0x69, 0x6e, 0x67, 0x3a, 0x20,
  0x34, 0x70, 0x78, 0x3b, 0x20, 0x74, 0x65, 0x78, 0x74, 0x2d, 0x74, 0x72,
  0x61, 0x6e, 0x73, 0x66, 0x6f, 0x72, 0x6d, 0x3a, 0x20, 0x75, 0x70, 0x70,
  0x65, 0x72, 0x63, 0x61, 0x73, 0x65, 0x3b, 0x20, 0x6c, 0x69, 0x6e, 0x65,
  0x2d, 0x68, 0x65, 0x69, 0x67, 0x68, 0x74, 0x3a, 0x20, 0x31, 0x2e, 0x31,
  0x3b, 0x20, 0x7d, 0x0a, 0x2e, 0x62, 0x72, 0x61, 0x6e, 0x64, 0x20, 0x68,
  0x31, 0x20, 0x62, 0x20, 0x7b, 0x20, 0x63, 0x6f, 0x6c, 0x6f, 0x72, 0x3a,
  0x20, 0x76, 0x61, 0x72, 0x28, 0x2d, 0x2d, 0x6c, 0x69, 0x6d, 0x65, 0x29,
  0x3b, 0x20, 0x7d, 0x0a, 0x2e, 0x76, 0x65, 0x72, 0x20, 0x7b, 0x20, 0x64,
  0x69, 0x73, 0x70, 0x6c, 0x61, 0x79, 0x3a, 0x20, 0x69, 0x6e, 0x6c, 0x69,
  0x6e, 0x65, 0x2d, 0x62, 0x6c, 0x6f, 0x63, 0x6b, 0x3b, 0x20, 0x63, 0x6f,
  0x6c, 0x6f, 0x72, 0x3a, 0x20, 0x76, 0x61, 0x72, 0x28, 0x2d, 0x2d, 0x76,
  0x6f, 0x69, 0x64, 0x29, 0x3b, 0x20, 0x62, 0x61, 0x63, 0x6b, 0x67, 0x72,
  0x6f, 0x75, 0x6e, 0x64, 0x3a, 0x20, 0x76, 0x61, 0x72, 0x28, 0x2d, 0x2d,
  0x65, 0x6d, 0x62, 0x65, 0x72, 0x29, 0x3b, 0x20, 0x66, 0x6f, 0x6e, 0x74,
  0x2d, 0x73, 0x69, 0x7a, 0x65, 0x3a, 0x20, 0x31, 0x32, 0x70, 0x78, 0x3b,
  0x20, 0x66, 0x6f, 0x6e, 0x74, 0x2d, 0x77, 0x65, 0x69, 0x67, 0x68, 0x74,
  0x3a, 0x20, 0x38, 0x30, 0x30, 0x3b, 0x20, 0x70, 0x61, 0x64, 0x64, 0x69,
  0x6e, 0x67, 0x3a, 0x20, 0x30, 0x20, 0x37, 0x70, 0x78, 0x3b, 0x20, 0x6d,
  0x61, 0x72, 0x67, 0x69, 0x6e, 0x2d, 0x72, 0x69, 0x67, 0x68, 0x74, 0x3a,
  0x20, 0x38, 0x70, 0x78, 0x3b, 0x20, 0x6c, 0x65, 0x74, 0x74, 0x65, 0x72,
  0x2d, 0x73, 0x70, 0x61, 0x63, 0x69, 0x6e, 0x67, 0x3a, 0x20, 0x31, 0x70,
  0x78, 0x3b, 0x0a, 0x20, 0x20, 0x63, 0x6c, 0x69, 0x70, 0x2d, 0x70, 0x61,
  0x74, 0x68, 0x3a, 0x20, 0x70, 0x6f, 0x6c, 0x79, 0x67, 0x6f, 0x6e, 0x28,
  0x36, 0x70, 0x78, 0x20, 0x30, 0x2c, 0x20, 0x31, 0x30, 0x30, 0x25, 0x20,
  0x30, 0x2c, 0x20, 0x63, 0x61, 0x6c, 0x63, 0x28, 0x31, 0x30, 0x30, 0x25,
  0x20, 0x2d, 0x20, 0x36, 0x70, 0x78, 0x29, 0x20, 0x31, 0x30, 0x30, 0x25,
  0x2c, 0x20, 0x30, 0x20, 0x31, 0x30, 0x30, 0x25, 0x29, 0x3b, 0x20, 0x7d,
  0x0a, 0x2e, 0x62, 0x79, 0x20, 0x7b, 0x20, 0x64, 0x69, 0x73, 0x70, 0x6c,
  0x61, 0x79, 0x3a, 0x20, 0x69, 0x6e, 0x6c, 0x69, 0x6e, 0x65, 0x2d, 0x62,
  0x6c, 0x6f, 0x63, 0x6b, 0x3b, 0x20, 0x63, 0x6f, 0x6c, 0x6f, 0x72, 0x3a,
  0x20, 0x76, 0x61, 0x72, 0x28, 0x2d, 0x2d, 0x6d, 0x75, 0x74, 0x65, 0x29,
  0x3b, 0x20, 0x66, 0x6f, 0x6e, 0x74, 0x2d, 0x73, 0x69, 0x7a, 0x65, 0x3a,
  0x20, 0x31, 0x33, 0x70, 0x78, 0x3b, 0x20, 0x64, 0x69, 0x72, 0x65, 0x63,
  0x74, 0x69, 0x6f, 0x6e, 0x3a, 0x20, 0x6c, 0x74, 0x72, 0x3b, 0x20, 0x75,
  0x6e, 0x69, 0x63, 0x6f, 0x64, 0x65, 0x2d, 0x62, 0x69, 0x64, 0x69, 0x3a,
  0x20, 0x69, 0x73, 0x6f, 0x6c, 0x61, 0x74, 0x65, 0x3b, 0x20, 0x7d, 0x0a,
  0x2e, 0x62, 0x79, 0x20, 0x61, 0x20, 0x7b, 0x20, 0x63, 0x6f, 0x6c, 0x6f,
  0x72, 0x3a, 0x20, 0x76, 0x61, 0x72, 0x28, 0x2d, 0x2d, 0x6c, 0x69, 0x6d,
  0x65, 0x29, 0x3b, 0x20, 0x66, 0x6f, 0x6e, 0x74, 0x2d, 0x77, 0x65, 0x69,
  0x67, 0x68, 0x74, 0x3a, 0x20, 0x38, 0x30, 0x30, 0x3b, 0x20, 0x74, 0x65,
  0x78, 0x74, 0x2d, 0x64, 0x65, 0x63, 0x6f, 0x72, 0x61, 0x74, 0x69, 0x6f,
  0x6e, 0x3a, 0x20, 0x6e, 0x6f, 0x6e, 0x65, 0x3b, 0x20, 0x7d, 0x0a, 0x2e,
  0x62, 0x79, 0x20, 0x61, 0x3a, 0x68, 0x6f, 0x76, 0x65, 0x72, 0x2c, 0x20,
  0x2e, 0x62, 0x79, 0x20, 0x61, 0x3a, 0x66, 0x6f, 0x63, 0x75, 0x73, 0x20,
  0x7b, 0x20, 0x6f, 0x75, 0x74, 0x6c, 0x69, 0x6e, 0x65, 0x3a, 0x20, 0x6e,
  0x6f, 0x6e, 0x65, 0x3b, 0x20, 0x74, 0x65, 0x78, 0x74, 0x2d, 0x64, 0x65,
  0x63, 0x6f, 0x72, 0x61, 0x74, 0x69, 0x6f, 0x6e, 0x3a, 0x20, 0x75, 0x6e,
  0x64, 0x65, 0x72, 0x6c, 0x69, 0x6e, 0x65, 0x3b, 0x20, 0x7d, 0x0a, 0x2e,
  0x6c, 0x69, 0x76, 0x65, 0x20, 0x7b, 0x20, 0x64, 0x69, 0x73, 0x70, 0x6c,
  0x61, 0x79, 0x3a, 0x20, 0x66, 0x6c, 0x65, 0x78, 0x3b, 0x20, 0x61, 0x6c,
  0x69, 0x67, 0x6e, 0x2d, 0x69, 0x74, 0x65, 0x6d, 0x73, 0x3a, 0x20, 0x63,
  0x65, 0x6e, 0x74, 0x65, 0x72, 0x3b, 0x20, 0x70, 0x61, 0x64, 0x64, 0x69,
  0x6e, 0x67, 0x3a, 0x20, 0x38, 0x70, 0x78, 0x20, 0x31, 0x36, 0x70, 0x78,
  0x3b, 0x20, 0x62, 0x61, 0x63, 0x6b, 0x67, 0x72, 0x6f, 0x75, 0x6e, 0x64,
  0x3a, 0x20, 0x76, 0x61, 0x72, 0x28, 0x2d, 0x2d, 0x64, 0x65, 0x63, 0x6b,
  0x29, 0x3b, 0x20, 0x62, 0x6f, 0x72, 0x64, 0x65, 0x72, 0x3a, 0x20, 0x32,
  0x70, 0x78, 0x20, 0x73, 0x6f, 0x6c, 0x69, 0x64, 0x20, 0x76, 0x61, 0x72,
  0x28, 0x2d, 0x2d, 0x65, 0x64, 0x67, 0x65, 0x29, 0x3b, 0x0a, 0x20, 0x20,
  0x66, 0x6f, 0x6e, 0x74, 0x2d, 0x73, 0x69, 0x7a, 0x65, 0x3a, 0x20, 0x31,
  0x34, 0x70, 0x78, 0x3b, 0x20, 0x66, 0x6f, 0x6e, 0x74, 0x2d, 0x77, 0x65,
  0x69, 0x67, 0x68, 0x74, 0x3a, 0x20, 0x38, 0x30, 0x30, 0x3b, 0x20, 0x74,
  0x65, 0x78, 0x74, 0x2d, 0x74, 0x72, 0x61, 0x6e, 0x73, 0x66, 0x6f, 0x72,
  0x6d, 0x3a, 0x20, 0x75, 0x70, 0x70, 0x65, 0x72, 0x63, 0x61, 0x73, 0x65,
  0x3b, 0x20, 0x6c, 0x65, 0x74, 0x74, 0x65, 0x72, 0x2d, 0x73, 0x70, 0x61,
  0x63, 0x69, 0x6e, 0x67, 0x3a, 0x20, 0x31, 0x2e, 0x35, 0x70, 0x78, 0x3b,
  0x0a, 0x20, 0x20, 0x63, 0x6c, 0x69, 0x70, 0x2d, 0x70, 0x61, 0x74, 0x68,
  0x3a, 0x20, 0x70, 0x6f, 0x6c, 0x79, 0x67, 0x6f, 0x6e, 0x28, 0x31, 0x30,
  0x70, 0x78, 0x20, 0x30, 0x2c, 0x20, 0x31, 0x30, 0x30, 0x25, 0x20, 0x30,
  0x2c, 0x20, 0x63, 0x61, 0x6c, 0x63, 0x28, 0x31, 0x30, 0x30, 0x25, 0x20,
  0x2d, 0x20, 0x31, 0x30, 0x70, 0x78, 0x29, 0x20, 0x31, 0x30, 0x30, 0x25,
  0x2c, 0x20, 0x30, 0x20, 0x31, 0x30, 0x30, 0x25, 0x29, 0x3b, 0x20, 0x7d,
  0x0a, 0x2e, 0x6c, 0x69, 0x76, 0x65, 0x20, 0x69, 0x20, 0x7b, 0x20, 0x77,
  0x69, 0x64, 0x74, 0x68, 0x3a, 0x20, 0x31, 0x32, 0x70, 0x78, 0x3b, 0x20,
  0x68, 0x65, 0x69, 0x67, 0x68, 0x74, 0x3a, 0x20, 0x31, 0x32, 0x70, 0x78,
  0x3b, 0x20, 0x6d, 0x61, 0x72, 0x67, 0x69, 0x6e, 0x2d, 0x72, 0x69, 0x67,
  0x68, 0x74, 0x3a, 0x20, 0x31, 0x30, 0x70, 0x78, 0x3b, 0x20, 0x62, 0x61,
  0x63, 0x6b, 0x67, 0x72, 0x6f, 0x75, 0x6e, 0x64, 0x3a, 0x20, 0x76, 0x61,
  0x72, 0x28, 0x2d, 0x2d, 0x6d, 0x75, 0x74, 0x65, 0x29, 0x3b, 0x20, 0x74,
  0x72, 0x61, 0x6e, 0x73, 0x66, 0x6f, 0x72, 0x6d, 0x3a, 0x20, 0x72, 0x6f,
  0x74, 0x61, 0x74, 0x65, 0x28, 0x34, 0x35, 0x64, 0x65, 0x67, 0x29, 0x3b,
  0x20, 0x7d, 0x0a, 0x2e, 0x6c, 0x69, 0x76, 0x65, 0x2e, 0x6f, 0x6b, 0x20,
  0x69, 0x20, 0x7b, 0x20, 0x62, 0x61, 0x63, 0x6b, 0x67, 0x72, 0x6f, 0x75,
  0x6e, 0x64, 0x3a, 0x20, 0x76, 0x61, 0x72, 0x28, 0x2d, 0x2d, 0x67, 0x6f,
  0x6f, 0x64, 0x29, 0x3b, 0x20, 0x62, 0x6f, 0x78, 0x2d, 0x73, 0x68, 0x61,
  0x64, 0x6f, 0x77, 0x3a, 0x20, 0x30, 0x20, 0x30, 0x20, 0x31, 0x30, 0x70,
  0x78, 0x20, 0x76, 0x61, 0x72, 0x28, 0x2d, 0x2d, 0x67, 0x6f, 0x6f, 0x64,
  0x29, 0x3b, 0x20, 0x7d, 0x0a, 0x2e, 0x6c, 0x69, 0x76, 0x65, 0x2e, 0x77,
  0x61, 0x69, 0x74, 0x20, 0x69, 0x20, 0x7b, 0x20, 0x62, 0x61, 0x63, 0x6b,
  0x67, 0x72, 0x6f, 0x75, 0x6e, 0x64, 0x3a, 0x20, 0x76, 0x61, 0x72, 0x28,
  0x2d, 0x2d, 0x77, 0x61, 0x72, 0x6e, 0x29, 0x3b, 0x20, 0x61, 0x6e, 0x69,
  0x6d, 0x61, 0x74, 0x69, 0x6f, 0x6e, 0x3a, 0x20, 0x62, 0x6c, 0x69, 0x6e,
  0x6b, 0x20, 0x31, 0x73, 0x20, 0x69, 0x6e, 0x66, 0x69, 0x6e, 0x69, 0x74,
  0x65, 0x3b, 0x20, 0x7d, 0x0a, 0x2e, 0x6c, 0x69, 0x76, 0x65, 0x2e, 0x62,
  0x61, 0x64, 0x20, 0x69, 0x20, 0x7b, 0x20, 0x62, 0x61, 0x63, 0x6b, 0x67,
  0x72, 0x6f, 0x75, 0x6e, 0x64, 0x3a, 0x20, 0x76, 0x61, 0x72, 0x28, 0x2d,
  0x2d, 0x62, 0x61, 0x64, 0x29, 0x3b, 0x20, 0x7d, 0x0a, 0x40, 0x6b, 0x65,
  0x79, 0x66, 0x72, 0x61, 0x6d, 0x65, 0x73, 0x20, 0x62, 0x6c, 0x69, 0x6e,
  0x6b, 0x20, 0x7b, 0x20, 0x35, 0x30, 0x25, 0x20, 0x7b, 0x20, 0x6f, 0x70,
  0x61, 0x63, 0x69, 0x74, 0x79, 0x3a, 0x20, 0x2e, 0x32, 0x35, 0x3b, 0x20,
  0x7d, 0x20, 0x7d, 0x0a, 0x0a, 0x2f, 0x2a, 0x20, 0x6c, 0x61, 0x79, 0x6f,
  0x75, 0x74, 0x3a, 0x20, 0x68, 0x65, 0x72, 0x6f, 0x20, 0x62, 0x61, 0x6e,
  0x6e, 0x65, 0x72, 0x20, 0x2b, 0x20, 0x73, 0x69, 0x64, 0x65, 0x20, 0x63,
  0x6f, 0x6c, 0x75, 0x6d, 0x6e, 0x20, 0x2a, 0x2f, 0x0a, 0x2e, 0x67, 0x72,
  0x69, 0x64, 0x20, 0x7b, 0x20, 0x64, 0x69, 0x73, 0x70, 0x6c, 0x61, 0x79,
  0x3a, 0x20, 0x67, 0x72, 0x69, 0x64, 0x3b, 0x20, 0x67, 0x72, 0x69, 0x64,
  0x2d, 0x74, 0x65, 0x6d, 0x70, 0x6c, 0x61, 0x74, 0x65, 0x2d, 0x63, 0x6f,
  0x6c, 0x75, 0x6d, 0x6e, 0x73, 0x3a, 0x20, 0x33, 0x34, 0x30, 0x70, 0x78,
  0x20, 0x31, 0x66, 0x72, 0x3b, 0x20, 0x67, 0x72, 0x69, 0x64, 0x2d, 0x67,
  0x61, 0x70, 0x3a, 0x20, 0x32, 0x32, 0x70, 0x78, 0x3b, 0x20, 0x61, 0x6c,
  0x69, 0x67, 0x6e, 0x2d, 0x69, 0x74, 0x65, 0x6d, 0x73, 0x3a, 0x20, 0x73,
  0x74, 0x61, 0x72, 0x74, 0x3b, 0x20, 0x7d, 0x0a, 0x2e, 0x73, 0x69, 0x64,
  0x65, 0x20, 0x3e, 0x20, 0x2a, 0x20, 0x7b, 0x20, 0x6d, 0x61, 0x72, 0x67,
  0x69, 0x6e, 0x2d, 0x62, 0x6f, 0x74, 0x74, 0x6f, 0x6d, 0x3a, 0x20, 0x31,
  0x38, 0x70, 0x78, 0x3b, 0x20, 0x7d, 0x0a, 0x2e, 0x62, 0x61, 0x6e, 0x6e,
  0x65, 0x72, 0x20, 0x7b, 0x20, 0x70, 0x6f, 0x73, 0x69, 0x74, 0x69, 0x6f,
  0x6e, 0x3a, 0x20, 0x72, 0x65, 0x6c, 0x61, 0x74, 0x69, 0x76, 0x65, 0x3b,
  0x20, 0x6f, 0x76, 0x65, 0x72, 0x66, 0x6c, 0x6f, 0x77, 0x3a, 0x20, 0x68,
  0x69, 0x64, 0x64, 0x65, 0x6e, 0x3b, 0x20, 0x62, 0x6f, 0x72, 0x64, 0x65,
  0x72, 0x3a, 0x20, 0x32, 0x70, 0x78, 0x20, 0x73, 0x6f, 0x6c, 0x69, 0x64,
  0x20, 0x76, 0x61, 0x72, 0x28, 0x2d, 0x2d, 0x65, 0x64, 0x67, 0x65, 0x29,
  0x3b, 0x20, 0x62, 0x61, 0x63, 0x6b, 0x67, 0x72, 0x6f, 0x75, 0x6e, 0x64,
  0x3a, 0x20, 0x23, 0x31, 0x32, 0x31, 0x30, 0x31, 0x36, 0x3b, 0x20, 0x68,
  0x65, 0x69, 0x67, 0x68, 0x74, 0x3a, 0x20, 0x31, 0x35, 0x30, 0x70, 0x78,
  0x3b, 0x20, 0x7d, 0x0a, 0x2e, 0x62, 0x61, 0x6e, 0x6e, 0x65, 0x72, 0x20,
  0x73, 0x76, 0x67, 0x20, 0x7b, 0x20, 0x70, 0x6f, 0x73, 0x69, 0x74, 0x69,
  0x6f, 0x6e, 0x3a, 0x20, 0x61, 0x62, 0x73, 0x6f, 0x6c, 0x75, 0x74, 0x65,
  0x3b, 0x20, 0x69, 0x6e, 0x73, 0x65, 0x74, 0x3a, 0x20, 0x30, 0x3b, 0x20,
  0x77, 0x69, 0x64, 0x74, 0x68, 0x3a, 0x20, 0x31, 0x30, 0x30, 0x25, 0x3b,
  0x20, 0x68, 0x65, 0x69, 0x67, 0x68, 0x74, 0x3a, 0x20, 0x31, 0x30, 0x30,
  0x25, 0x3b, 0x20, 0x7d, 0x0a, 0x2e, 0x70, 0x61, 0x6e, 0x65, 0x6c, 0x20,
  0x7b, 0x20, 0x62, 0x61, 0x63, 0x6b, 0x67, 0x72, 0x6f, 0x75, 0x6e, 0x64,
  0x3a, 0x20, 0x76, 0x61, 0x72, 0x28, 0x2d, 0x2d, 0x64, 0x65, 0x63, 0x6b,
  0x29, 0x3b, 0x20, 0x62, 0x6f, 0x72, 0x64, 0x65, 0x72, 0x3a, 0x20, 0x32,
  0x70, 0x78, 0x20, 0x73, 0x6f, 0x6c, 0x69, 0x64, 0x20, 0x76, 0x61, 0x72,
  0x28, 0x2d, 0x2d, 0x65, 0x64, 0x67, 0x65, 0x29, 0x3b, 0x20, 0x62, 0x6f,
  0x72, 0x64, 0x65, 0x72, 0x2d, 0x6c, 0x65, 0x66, 0x74, 0x3a, 0x20, 0x34,
  0x70, 0x78, 0x20, 0x73, 0x6f, 0x6c, 0x69, 0x64, 0x20, 0x76, 0x61, 0x72,
  0x28, 0x2d, 0x2d, 0x65, 0x6d, 0x62, 0x65, 0x72, 0x29, 0x3b, 0x20, 0x70,
  0x61, 0x64, 0x64, 0x69, 0x6e, 0x67, 0x3a, 0x20, 0x31, 0x38, 0x70, 0x78,
  0x20, 0x32, 0x30, 0x70, 0x78, 0x3b, 0x20, 0x7d, 0x0a, 0x2e, 0x6c, 0x61,
  0x62, 0x65, 0x6c, 0x20, 0x7b, 0x20, 0x6d, 0x61, 0x72, 0x67, 0x69, 0x6e,
  0x3a, 0x20, 0x30, 0x20, 0x30, 0x20, 0x31, 0x32, 0x70, 0x78, 0x3b, 0x20,
  0x66, 0x6f, 0x6e, 0x74, 0x2d, 0x73, 0x69, 0x7a, 0x65, 0x3a, 0x20, 0x31,
  0x32, 0x70, 0x78, 0x3b, 0x20, 0x66, 0x6f, 0x6e, 0x74, 0x2d, 0x77, 0x65,
  0x69, 0x67, 0x68, 0x74, 0x3a, 0x20, 0x38, 0x30, 0x30, 0x3b, 0x20, 0x6c,
  0x65, 0x74, 0x74, 0x65, 0x72, 0x2d, 0x73, 0x70, 0x61, 0x63, 0x69, 0x6e,
  0x67, 0x3a, 0x20, 0x33, 0x70, 0x78, 0x3b, 0x20, 0x74, 0x65, 0x78, 0x74,
  0x2d, 0x74, 0x72, 0x61, 0x6e, 0x73, 0x66, 0x6f, 0x72, 0x6d, 0x3a, 0x20,
  0x75, 0x70, 0x70, 0x65, 0x72, 0x63, 0x61, 0x73, 0x65, 0x3b, 0x20, 0x63,
  0x6f, 0x6c, 0x6f, 0x72, 0x3a, 0x20, 0x76, 0x61, 0x72, 0x28, 0x2d, 0x2d,
  0x65, 0x6d, 0x62, 0x65, 0x72, 0x29, 0x3b, 0x20, 0x7d, 0x0a, 0x2e, 0x66,
  0x61, 0x63, 0x74, 0x73, 0x20, 0x7b, 0x20, 0x64, 0x69, 0x73, 0x70, 0x6c,
  0x61, 0x79, 0x3a, 0x20, 0x67, 0x72, 0x69, 0x64, 0x3b, 0x20, 0x67, 0x72,
  0x69, 0x64, 0x2d, 0x74, 0x65, 0x6d, 0x70, 0x6c, 0x61, 0x74, 0x65, 0x2d,
  0x63, 0x6f, 0x6c, 0x75, 0x6d, 0x6e, 0x73, 0x3a, 0x20, 0x72, 0x65, 0x70,
  0x65, 0x61, 0x74, 0x28, 0x33, 0x2c, 0x20, 0x31, 0x66, 0x72, 0x29, 0x3b,
  0x20, 0x67, 0x72, 0x69, 0x64, 0x2d, 0x67, 0x61, 0x70, 0x3a, 0x20, 0x38,
  0x70, 0x78, 0x3b, 0x20, 0x7d, 0x0a, 0x2e, 0x66, 0x61, 0x63, 0x74, 0x20,
  0x7b, 0x20, 0x62, 0x61, 0x63, 0x6b, 0x67, 0x72, 0x6f, 0x75, 0x6e, 0x64,
  0x3a, 0x20, 0x76, 0x61, 0x72, 0x28, 0x2d, 0x2d, 0x76, 0x6f, 0x69, 0x64,
  0x29, 0x3b, 0x20, 0x70, 0x61, 0x64, 0x64, 0x69, 0x6e, 0x67, 0x3a, 0x20,
  0x31, 0x30, 0x70, 0x78, 0x20, 0x31, 0x30, 0x70, 0x78, 0x3b, 0x20, 0x62,
  0x6f, 0x72, 0x64, 0x65, 0x72, 0x2d, 0x62, 0x6f, 0x74, 0x74, 0x6f, 0x6d,
  0x3a, 0x20, 0x33, 0x70, 0x78, 0x20, 0x73, 0x6f, 0x6c, 0x69, 0x64, 0x20,
  0x76, 0x61, 0x72, 0x28, 0x2d, 0x2d, 0x6c, 0x69, 0x6d, 0x65, 0x29, 0x3b,
  0x20, 0x7d, 0x0a, 0x2e, 0x66, 0x61, 0x63, 0x74, 0x20, 0x73, 0x70, 0x61,
  0x6e, 0x20, 0x7b, 0x20, 0x64, 0x69, 0x73, 0x70, 0x6c, 0x61, 0x79, 0x3a,
  0x20, 0x62, 0x6c, 0x6f, 0x63, 0x6b, 0x3b, 0x20, 0x63, 0x6f, 0x6c, 0x6f,
  0x72, 0x3a, 0x20, 0x76, 0x61, 0x72, 0x28, 0x2d, 0x2d, 0x6d, 0x75, 0x74,
  0x65, 0x29, 0x3b, 0x20, 0x66, 0x6f, 0x6e, 0x74, 0x2d, 0x73, 0x69, 0x7a,
  0x65, 0x3a, 0x20, 0x31, 0x31, 0x70, 0x78, 0x3b, 0x20, 0x74, 0x65, 0x78,
  0x74, 0x2d, 0x74, 0x72, 0x61, 0x6e, 0x73, 0x66, 0x6f, 0x72, 0x6d, 0x3a,
  0x20, 0x75, 0x70, 0x70, 0x65, 0x72, 0x63, 0x61, 0x73, 0x65, 0x3b, 0x20,
  0x6c, 0x65, 0x74, 0x74, 0x65, 0x72, 0x2d, 0x73, 0x70, 0x61, 0x63, 0x69,
  0x6e, 0x67, 0x3a, 0x20, 0x31, 0x70, 0x78, 0x3b, 0x20, 0x7d, 0x0a, 0x2e,
  0x66, 0x61, 0x63, 0x74, 0x20, 0x73, 0x74, 0x72, 0x6f, 0x6e, 0x67, 0x20,
  0x7b, 0x20, 0x64, 0x69, 0x73, 0x70, 0x6c, 0x61, 0x79, 0x3a, 0x20, 0x62,
  0x6c, 0x6f, 0x63, 0x6b, 0x3b, 0x20, 0x66, 0x6f, 0x6e, 0x74, 0x2d, 0x73,
  0x69, 0x7a, 0x65, 0x3a, 0x20, 0x32, 0x30, 0x70, 0x78, 0x3b, 0x20, 0x66,
  0x6f, 0x6e, 0x74, 0x2d, 0x77, 0x65, 0x69, 0x67, 0x68, 0x74, 0x3a, 0x20,
  0x39, 0x30, 0x30, 0x3b, 0x20, 0x7d, 0x0a, 0x2e, 0x6e, 0x6f, 0x74, 0x65,
  0x20, 0x7b, 0x20, 0x63, 0x6f, 0x6c, 0x6f, 0x72, 0x3a, 0x20, 0x76, 0x61,
  0x72, 0x28, 0x2d, 0x2d, 0x6d, 0x75, 0x74, 0x65, 0x29, 0x3b, 0x20, 0x66,
  0x6f, 0x6e, 0x74, 0x2d, 0x73, 0x69, 0x7a, 0x65, 0x3a, 0x20, 0x31, 0x34,
  0x70, 0x78, 0x3b, 0x20, 0x6d, 0x61, 0x72, 0x67, 0x69, 0x6e, 0x3a, 0x20,
  0x31, 0x34, 0x70, 0x78, 0x20, 0x30, 0x20, 0x30, 0x3b, 0x20, 0x7d, 0x0a,
  0x2e, 0x6e, 0x6f, 0x74, 0x65, 0x20, 0x62, 0x20, 0x7b, 0x20, 0x63, 0x6f,
  0x6c, 0x6f, 0x72, 0x3a, 0x20, 0x76, 0x61, 0x72, 0x28, 0x2d, 0x2d, 0x6c,
  0x69, 0x6d, 0x65, 0x29, 0x3b, 0x20, 0x7d, 0x0a, 0x2e, 0x6e, 0x6f, 0x74,
  0x65, 0x2e, 0x61, 0x6c, 0x65, 0x72, 0x74, 0x20, 0x7b, 0x20, 0x63, 0x6f,
  0x6c, 0x6f, 0x72, 0x3a, 0x20, 0x76, 0x61, 0x72, 0x28, 0x2d, 0x2d, 0x62,
  0x61, 0x64, 0x29, 0x3b, 0x20, 0x7d, 0x0a, 0x2e, 0x72, 0x69, 0x6e, 0x67,
  0x20, 0x7b, 0x20, 0x70, 0x6f, 0x73, 0x69, 0x74, 0x69, 0x6f, 0x6e, 0x3a,
  0x20, 0x72, 0x65, 0x6c, 0x61, 0x74, 0x69, 0x76, 0x65, 0x3b, 0x20, 0x68,
  0x65, 0x69, 0x67, 0x68, 0x74, 0x3a, 0x20, 0x31, 0x32, 0x70, 0x78, 0x3b,
  0x20, 0x62, 0x61, 0x63, 0x6b, 0x67, 0x72, 0x6f, 0x75, 0x6e, 0x64, 0x3a,
  0x20, 0x76, 0x61, 0x72, 0x28, 0x2d, 0x2d, 0x76, 0x6f, 0x69, 0x64, 0x29,
  0x3b, 0x20, 0x6f, 0x76, 0x65, 0x72, 0x66, 0x6c, 0x6f, 0x77, 0x3a, 0x20,
  0x68, 0x69, 0x64, 0x64, 0x65, 0x6e, 0x3b, 0x20, 0x6d, 0x61, 0x72, 0x67,
  0x69, 0x6e, 0x3a, 0x20, 0x34, 0x70, 0x78, 0x20, 0x30, 0x20, 0x31, 0x32,
  0x70, 0x78, 0x3b, 0x0a, 0x20, 0x20, 0x62, 0x61, 0x63, 0x6b, 0x67, 0x72,
  0x6f, 0x75, 0x6e, 0x64, 0x2d, 0x69, 0x6d, 0x61, 0x67, 0x65, 0x3a, 0x20,
  0x72, 0x65, 0x70, 0x65, 0x61, 0x74, 0x69, 0x6e, 0x67, 0x2d, 0x6c, 0x69,
  0x6e, 0x65, 0x61, 0x72, 0x2d, 0x67, 0x72, 0x61, 0x64, 0x69, 0x65, 0x6e,
  0x74, 0x28, 0x39, 0x30, 0x64, 0x65, 0x67, 0x2c, 0x20, 0x74, 0x72, 0x61,
  0x6e, 0x73, 0x70, 0x61, 0x72, 0x65, 0x6e, 0x74, 0x20, 0x30, 0x20, 0x31,
  0x38, 0x70, 0x78, 0x2c, 0x20, 0x76, 0x61, 0x72, 0x28, 0x2d, 0x2d, 0x64,
  0x65, 0x63, 0x6b, 0x29, 0x20, 0x31, 0x38, 0x70, 0x78, 0x20, 0x32, 0x31,
  0x70, 0x78, 0x29, 0x3b, 0x20, 0x7d, 0x0a, 0x2e, 0x72, 0x69, 0x6e, 0x67,
  0x20, 0x62, 0x20, 0x7b, 0x20, 0x70, 0x6f, 0x73, 0x69, 0x74, 0x69, 0x6f,
  0x6e, 0x3a, 0x20, 0x61, 0x62, 0x73, 0x6f, 0x6c, 0x75, 0x74, 0x65, 0x3b,
  0x20, 0x6c, 0x65, 0x66, 0x74, 0x3a, 0x20, 0x30, 0x3b, 0x20, 0x74, 0x6f,
  0x70, 0x3a, 0x20, 0x30, 0x3b, 0x20, 0x62, 0x6f, 0x74, 0x74, 0x6f, 0x6d,
  0x3a, 0x20, 0x30, 0x3b, 0x20, 0x77, 0x69, 0x64, 0x74, 0x68, 0x3a, 0x20,
  0x30, 0x3b, 0x20, 0x62, 0x61, 0x63, 0x6b, 0x67, 0x72, 0x6f, 0x75, 0x6e,
  0x64, 0x3a, 0x20, 0x72, 0x65, 0x70, 0x65, 0x61, 0x74, 0x69, 0x6e, 0x67,
  0x2d, 0x6c, 0x69, 0x6e, 0x65, 0x61, 0x72, 0x2d, 0x67, 0x72, 0x61, 0x64,
  0x69, 0x65, 0x6e, 0x74, 0x28, 0x39, 0x30, 0x64, 0x65, 0x67, 0x2c, 0x20,
  0x76, 0x61, 0x72, 0x28, 0x2d, 0x2d, 0x6c, 0x69, 0x6d, 0x65, 0x29, 0x20,
  0x30, 0x20, 0x31, 0x38, 0x70, 0x78, 0x2c, 0x20, 0x74, 0x72, 0x61, 0x6e,
  0x73, 0x70, 0x61, 0x72, 0x65, 0x6e, 0x74, 0x20, 0x31, 0x38, 0x70, 0x78,
  0x20, 0x32, 0x31, 0x70, 0x78, 0x29, 0x3b, 0x20, 0x74, 0x72, 0x61, 0x6e,
  0x73, 0x69, 0x74, 0x69, 0x6f, 0x6e, 0x3a, 0x20, 0x77, 0x69, 0x64, 0x74,
  0x68, 0x20, 0x2e, 0x39, 0x73, 0x20, 0x6c, 0x69, 0x6e, 0x65, 0x61, 0x72,
  0x3b, 0x20, 0x7d, 0x0a, 0x0a, 0x2f, 0x2a, 0x20, 0x62, 0x75, 0x74, 0x74,
  0x6f, 0x6e, 0x73, 0x20, 0x2a, 0x2f, 0x0a, 0x2e, 0x62, 0x74, 0x6e, 0x20,
  0x7b, 0x20, 0x66, 0x6f, 0x6e, 0x74, 0x3a, 0x20, 0x69, 0x6e, 0x68, 0x65,
  0x72, 0x69, 0x74, 0x3b, 0x20, 0x66, 0x6f, 0x6e, 0x74, 0x2d, 0x77, 0x65,
  0x69, 0x67, 0x68, 0x74, 0x3a, 0x20, 0x38, 0x30, 0x30, 0x3b, 0x20, 0x66,
  0x6f, 0x6e, 0x74, 0x2d, 0x73, 0x69, 0x7a, 0x65, 0x3a, 0x20, 0x31, 0x35,
  0x70, 0x78, 0x3b, 0x20, 0x74, 0x65, 0x78, 0x74, 0x2d, 0x74, 0x72, 0x61,
  0x6e, 0x73, 0x66, 0x6f, 0x72, 0x6d, 0x3a, 0x20, 0x75, 0x70, 0x70, 0x65,
  0x72, 0x63, 0x61, 0x73, 0x65, 0x3b, 0x20, 0x6c, 0x65, 0x74, 0x74, 0x65,
  0x72, 0x2d, 0x73, 0x70, 0x61, 0x63, 0x69, 0x6e, 0x67, 0x3a, 0x20, 0x31,
  0x70, 0x78, 0x3b, 0x20, 0x6d, 0x69, 0x6e, 0x2d, 0x68, 0x65, 0x69, 0x67,
  0x68, 0x74, 0x3a, 0x20, 0x35, 0x32, 0x70, 0x78, 0x3b, 0x20, 0x70, 0x61,
  0x64, 0x64, 0x69, 0x6e, 0x67, 0x3a, 0x20, 0x30, 0x20, 0x32, 0x32, 0x70,
  0x78, 0x3b, 0x0a, 0x20, 0x20, 0x62, 0x6f, 0x72, 0x64, 0x65, 0x72, 0x3a,
  0x20, 0x32, 0x70, 0x78, 0x20, 0x73, 0x6f, 0x6c, 0x69, 0x64, 0x20, 0x76,
  0x61, 0x72, 0x28, 0x2d, 0x2d, 0x65, 0x64, 0x67, 0x65, 0x29, 0x3b, 0x20,
  0x62, 0x61, 0x63, 0x6b, 0x67, 0x72, 0x6f, 0x75, 0x6e, 0x64, 0x3a, 0x20,
  0x76, 0x61, 0x72, 0x28, 0x2d, 0x2d, 0x63, 0x61, 0x72, 0x64, 0x29, 0x3b,
  0x20, 0x63, 0x6f, 0x6c, 0x6f, 0x72, 0x3a, 0x20, 0x76, 0x61, 0x72, 0x28,
  0x2d, 0x2d, 0x69, 0x6e, 0x6b, 0x29, 0x3b, 0x20, 0x63, 0x75, 0x72, 0x73,
  0x6f, 0x72, 0x3a, 0x20, 0x70, 0x6f, 0x69, 0x6e, 0x74, 0x65, 0x72, 0x3b,
  0x20, 0x62, 0x6f, 0x72, 0x64, 0x65, 0x72, 0x2d, 0x72, 0x61, 0x64, 0x69,
  0x75, 0x73, 0x3a, 0x20, 0x34, 0x70, 0x78, 0x3b, 0x0a, 0x20, 0x20, 0x74,
  0x72, 0x61, 0x6e, 0x73, 0x69, 0x74, 0x69, 0x6f, 0x6e, 0x3a, 0x20, 0x74,
  0x72, 0x61, 0x6e, 0x73, 0x66, 0x6f, 0x72, 0x6d, 0x20, 0x2e, 0x30, 0x38,
  0x73, 0x2c, 0x20, 0x62, 0x6f, 0x78, 0x2d, 0x73, 0x68, 0x61, 0x64, 0x6f,
  0x77, 0x20, 0x2e, 0x31, 0x35, 0x73, 0x2c, 0x20, 0x62, 0x6f, 0x72, 0x64,
  0x65, 0x72, 0x2d, 0x63, 0x6f, 0x6c, 0x6f, 0x72, 0x20, 0x2e, 0x31, 0x35,
  0x73, 0x2c, 0x20, 0x62, 0x61, 0x63, 0x6b, 0x67, 0x72, 0x6f, 0x75, 0x6e,
  0x64, 0x20, 0x2e, 0x31, 0x35, 0x73, 0x3b, 0x20, 0x7d, 0x0a, 0x2e, 0x62,
  0x74, 0x6e, 0x3a, 0x68, 0x6f, 0x76, 0x65, 0x72, 0x2c, 0x20, 0x2e, 0x62,
  0x74, 0x6e, 0x3a, 0x66, 0x6f, 0x63, 0x75, 0x73, 0x20, 0x7b, 0x20, 0x6f,
  0x75, 0x74, 0x6c, 0x69, 0x6e, 0x65, 0x3a, 0x20, 0x6e, 0x6f, 0x6e, 0x65,
  0x3b, 0x20, 0x62, 0x6f, 0x72, 0x64, 0x65, 0x72, 0x2d, 0x63, 0x6f, 0x6c,
  0x6f, 0x72, 0x3a, 0x20, 0x76, 0x61, 0x72, 0x28, 0x2d, 0x2d, 0x6c, 0x69,
  0x6d, 0x65, 0x29, 0x3b, 0x20, 0x62, 0x6f, 0x78, 0x2d, 0x73, 0x68, 0x61,
  0x64, 0x6f, 0x77, 0x3a, 0x20, 0x76, 0x61, 0x72, 0x28, 0x2d, 0x2d, 0x67,
  0x6c, 0x6f, 0x77, 0x29, 0x3b, 0x20, 0x7d, 0x0a, 0x2e, 0x62, 0x74, 0x6e,
  0x3a, 0x61, 0x63, 0x74, 0x69, 0x76, 0x65, 0x20, 0x7b, 0x20, 0x74, 0x72,
  0x61, 0x6e, 0x73, 0x66, 0x6f, 0x72, 0x6d, 0x3a, 0x20, 0x74, 0x72, 0x61,
  0x6e, 0x73, 0x6c, 0x61, 0x74, 0x65, 0x59, 0x28, 0x32, 0x70, 0x78, 0x29,
  0x3b, 0x20, 0x7d, 0x0a, 0x2e, 0x62, 0x74, 0x6e, 0x3a, 0x64, 0x69, 0x73,
  0x61, 0x62, 0x6c, 0x65, 0x64, 0x20, 0x7b, 0x20, 0x6f, 0x70, 0x61, 0x63,
  0x69, 0x74, 0x79, 0x3a, 0x20, 0x2e, 0x34, 0x3b, 0x20, 0x63, 0x75, 0x72,
  0x73, 0x6f, 0x72, 0x3a, 0x20, 0x64, 0x65, 0x66, 0x61, 0x75, 0x6c, 0x74,
  0x3b, 0x20, 0x62, 0x6f, 0x78, 0x2d, 0x73, 0x68, 0x61, 0x64, 0x6f, 0x77,
  0x3a, 0x20, 0x6e, 0x6f, 0x6e, 0x65, 0x3b, 0x20, 0x62, 0x6f, 0x72, 0x64,
  0x65, 0x72, 0x2d, 0x63, 0x6f, 0x6c, 0x6f, 0x72, 0x3a, 0x20, 0x76, 0x61,
  0x72, 0x28, 0x2d, 0x2d, 0x65, 0x64, 0x67, 0x65, 0x29, 0x3b, 0x20, 0x7d,
  0x0a, 0x2e, 0x62, 0x74, 0x6e, 0x2e, 0x67, 0x6f, 0x20, 0x7b, 0x20, 0x77,
  0x69, 0x64, 0x74, 0x68, 0x3a, 0x20, 0x31, 0x30, 0x30, 0x25, 0x3b, 0x20,
  0x6d, 0x69, 0x6e, 0x2d, 0x68, 0x65, 0x69, 0x67, 0x68, 0x74, 0x3a, 0x20,
  0x37, 0x30, 0x70, 0x78, 0x3b, 0x20, 0x66, 0x6f, 0x6e, 0x74, 0x2d, 0x73,
  0x69, 0x7a, 0x65, 0x3a, 0x20, 0x31, 0x38, 0x70, 0x78, 0x3b, 0x20, 0x62,
  0x6f, 0x72, 0x64, 0x65, 0x72, 0x3a, 0x20, 0x30, 0x3b, 0x20, 0x63, 0x6f,
  0x6c, 0x6f, 0x72, 0x3a, 0x20, 0x76, 0x61, 0x72, 0x28, 0x2d, 0x2d, 0x76,
  0x6f, 0x69, 0x64, 0x29, 0x3b, 0x20, 0x62, 0x61, 0x63, 0x6b, 0x67, 0x72,
  0x6f, 0x75, 0x6e, 0x64, 0x3a, 0x20, 0x76, 0x61, 0x72, 0x28, 0x2d, 0x2d,
  0x6c, 0x69, 0x6d, 0x65, 0x29, 0x3b, 0x0a, 0x20, 0x20, 0x63, 0x6c, 0x69,
  0x70, 0x2d, 0x70, 0x61, 0x74, 0x68, 0x3a, 0x20, 0x70, 0x6f, 0x6c, 0x79,
  0x67, 0x6f, 0x6e, 0x28, 0x31, 0x34, 0x70, 0x78, 0x20, 0x30, 0x2c, 0x20,
  0x31, 0x30, 0x30, 0x25, 0x20, 0x30, 0x2c, 0x20, 0x31, 0x30, 0x30, 0x25,
  0x20, 0x63, 0x61, 0x6c, 0x63, 0x28, 0x31, 0x30, 0x30, 0x25, 0x20, 0x2d,
  0x20, 0x31, 0x34, 0x70, 0x78, 0x29, 0x2c, 0x20, 0x63, 0x61, 0x6c, 0x63,
  0x28, 0x31, 0x30, 0x30, 0x25, 0x20, 0x2d, 0x20, 0x31, 0x34, 0x70, 0x78,
  0x29, 0x20, 0x31, 0x30, 0x30, 0x25, 0x2c, 0x20, 0x30, 0x20, 0x31, 0x30,
  0x30, 0x25, 0x2c, 0x20, 0x30, 0x20, 0x31, 0x34, 0x70, 0x78, 0x29, 0x3b,
  0x20, 0x7d, 0x0a, 0x2e, 0x62, 0x74, 0x6e, 0x2e, 0x67, 0x6f, 0x3a, 0x68,
  0x6f, 0x76, 0x65, 0x72, 0x2c, 0x20, 0x2e, 0x62, 0x74, 0x6e, 0x2e, 0x67,
  0x6f, 0x3a, 0x66, 0x6f, 0x63, 0x75, 0x73, 0x20, 0x7b, 0x20, 0x62, 0x61,
  0x63, 0x6b, 0x67, 0x72, 0x6f, 0x75, 0x6e, 0x64, 0x3a, 0x20, 0x23, 0x65,
  0x32, 0x66, 0x66, 0x38, 0x61, 0x3b, 0x20, 0x62, 0x6f, 0x78, 0x2d, 0x73,
  0x68, 0x61, 0x64, 0x6f, 0x77, 0x3a, 0x20, 0x6e, 0x6f, 0x6e, 0x65, 0x3b,
  0x20, 0x7d, 0x0a, 0x2e, 0x62, 0x74, 0x6e, 0x2e, 0x70, 0x73, 0x20, 0x7b,
  0x20, 0x62, 0x6f, 0x72, 0x64, 0x65, 0x72, 0x2d, 0x63, 0x6f, 0x6c, 0x6f,
  0x72, 0x3a, 0x20, 0x72, 0x67, 0x62, 0x61, 0x28, 0x32, 0x30, 0x30, 0x2c,
  0x32, 0x35, 0x35, 0x2c, 0x36, 0x31, 0x2c, 0x2e, 0x35, 0x29, 0x3b, 0x20,
  0x63, 0x6f, 0x6c, 0x6f, 0x72, 0x3a, 0x20, 0x76, 0x61, 0x72, 0x28, 0x2d,
  0x2d, 0x6c, 0x69, 0x6d, 0x65, 0x29, 0x3b, 0x20, 0x7d, 0x0a, 0x2e, 0x62,
  0x74, 0x6e, 0x2e, 0x68, 0x75, 0x6d, 0x20, 0x7b, 0x20, 0x62, 0x6f, 0x72,
  0x64, 0x65, 0x72, 0x2d, 0x63, 0x6f, 0x6c, 0x6f, 0x72, 0x3a, 0x20, 0x72,
  0x67, 0x62, 0x61, 0x28, 0x32, 0x35, 0x35, 0x2c, 0x31, 0x30, 0x36, 0x2c,
  0x34, 0x33, 0x2c, 0x2e, 0x36, 0x29, 0x3b, 0x20, 0x63, 0x6f, 0x6c, 0x6f,
  0x72, 0x3a, 0x20, 0x23, 0x66, 0x66, 0x61, 0x33, 0x37, 0x61, 0x3b, 0x20,
  0x7d, 0x0a, 0x2e, 0x62, 0x74, 0x6e, 0x2e, 0x63, 0x75, 0x74, 0x20, 0x7b,
  0x20, 0x62, 0x61, 0x63, 0x6b, 0x67, 0x72, 0x6f, 0x75, 0x6e, 0x64, 0x3a,
  0x20, 0x74, 0x72, 0x61, 0x6e, 0x73, 0x70, 0x61, 0x72, 0x65, 0x6e, 0x74,
  0x3b, 0x20, 0x62, 0x6f, 0x72, 0x64, 0x65, 0x72, 0x2d, 0x63, 0x6f, 0x6c,
  0x6f, 0x72, 0x3a, 0x20, 0x72, 0x67, 0x62, 0x61, 0x28, 0x32, 0x35, 0x35,
  0x2c, 0x36, 0x31, 0x2c, 0x39, 0x30, 0x2c, 0x2e, 0x35, 0x29, 0x3b, 0x20,
  0x63, 0x6f, 0x6c, 0x6f, 0x72, 0x3a, 0x20, 0x23, 0x66, 0x66, 0x38, 0x30,
  0x39, 0x34, 0x3b, 0x20, 0x7d, 0x0a, 0x2e, 0x62, 0x74, 0x6e, 0x2e, 0x61,
  0x72, 0x6d, 0x65, 0x64, 0x20, 0x7b, 0x20, 0x62, 0x61, 0x63, 0x6b, 0x67,
  0x72, 0x6f, 0x75, 0x6e, 0x64, 0x3a, 0x20, 0x76, 0x61, 0x72, 0x28, 0x2d,
  0x2d, 0x62, 0x61, 0x64, 0x29, 0x3b, 0x20, 0x62, 0x6f, 0x72, 0x64, 0x65,
  0x72, 0x2d, 0x63, 0x6f, 0x6c, 0x6f, 0x72, 0x3a, 0x20, 0x76, 0x61, 0x72,
  0x28, 0x2d, 0x2d, 0x62, 0x61, 0x64, 0x29, 0x3b, 0x20, 0x63, 0x6f, 0x6c,
  0x6f, 0x72, 0x3a, 0x20, 0x23, 0x66, 0x66, 0x66, 0x3b, 0x20, 0x7d, 0x0a,
  0x2e, 0x62, 0x74, 0x6e, 0x2e, 0x73, 0x6d, 0x61, 0x6c, 0x6c, 0x20, 0x7b,
  0x20, 0x6d, 0x69, 0x6e, 0x2d, 0x68, 0x65, 0x69, 0x67, 0x68, 0x74, 0x3a,
  0x20, 0x34, 0x32, 0x70, 0x78, 0x3b, 0x20, 0x70, 0x61, 0x64, 0x64, 0x69,
  0x6e, 0x67, 0x3a, 0x20, 0x30, 0x20, 0x31, 0x34, 0x70, 0x78, 0x3b, 0x20,
  0x66, 0x6f, 0x6e, 0x74, 0x2d, 0x73, 0x69, 0x7a, 0x65, 0x3a, 0x20, 0x31,
  0x33, 0x70, 0x78, 0x3b, 0x20, 0x7d, 0x0a, 0x0a, 0x2f, 0x2a, 0x20, 0x63,
  0x6f, 0x6e, 0x74, 0x72, 0x6f, 0x6c, 0x6c, 0x65, 0x72, 0x20, 0x63, 0x61,
  0x72, 0x64, 0x73, 0x20, 0x2a, 0x2f, 0x0a, 0x2e, 0x68, 0x65, 0x61, 0x64,
  0x20, 0x7b, 0x20, 0x64, 0x69, 0x73, 0x70, 0x6c, 0x61, 0x79, 0x3a, 0x20,
  0x66, 0x6c, 0x65, 0x78, 0x3b, 0x20, 0x61, 0x6c, 0x69, 0x67, 0x6e, 0x2d,
  0x69, 0x74, 0x65, 0x6d, 0x73, 0x3a, 0x20, 0x62, 0x61, 0x73, 0x65, 0x6c,
  0x69, 0x6e, 0x65, 0x3b, 0x20, 0x6a, 0x75, 0x73, 0x74, 0x69, 0x66, 0x79,
  0x2d, 0x63, 0x6f, 0x6e, 0x74, 0x65, 0x6e, 0x74, 0x3a, 0x20, 0x73, 0x70,
  0x61, 0x63, 0x65, 0x2d, 0x62, 0x65, 0x74, 0x77, 0x65, 0x65, 0x6e, 0x3b,
  0x20, 0x6d, 0x61, 0x72, 0x67, 0x69, 0x6e, 0x3a, 0x20, 0x30, 0x20, 0x30,
  0x20, 0x31, 0x32, 0x70, 0x78, 0x3b, 0x20, 0x7d, 0x0a, 0x2e, 0x68, 0x65,
  0x61, 0x64, 0x20, 0x68, 0x32, 0x20, 0x7b, 0x20, 0x6d, 0x61, 0x72, 0x67,
  0x69, 0x6e, 0x3a, 0x20, 0x30, 0x3b, 0x20, 0x66, 0x6f, 0x6e, 0x74, 0x2d,
  0x73, 0x69, 0x7a, 0x65, 0x3a, 0x20, 0x31, 0x38, 0x70, 0x78, 0x3b, 0x20,
  0x66, 0x6f, 0x6e, 0x74, 0x2d, 0x77, 0x65, 0x69, 0x67, 0x68, 0x74, 0x3a,
  0x20, 0x39, 0x30, 0x30, 0x3b, 0x20, 0x74, 0x65, 0x78, 0x74, 0x2d, 0x74,
  0x72, 0x61, 0x6e, 0x73, 0x66, 0x6f, 0x72, 0x6d, 0x3a, 0x20, 0x75, 0x70,
  0x70, 0x65, 0x72, 0x63, 0x61, 0x73, 0x65, 0x3b, 0x20, 0x6c, 0x65, 0x74,
  0x74, 0x65, 0x72, 0x2d, 0x73, 0x70, 0x61, 0x63, 0x69, 0x6e, 0x67, 0x3a,
  0x20, 0x33, 0x70, 0x78, 0x3b, 0x20, 0x7d, 0x0a, 0x2e, 0x68, 0x65, 0x61,
  0x64, 0x20, 0x68, 0x32, 0x3a, 0x62, 0x65, 0x66, 0x6f, 0x72, 0x65, 0x20,
  0x7b, 0x20, 0x63, 0x6f, 0x6e, 0x74, 0x65, 0x6e, 0x74, 0x3a, 0x20, 0x22,
  0x22, 0x3b, 0x20, 0x64, 0x69, 0x73, 0x70, 0x6c, 0x61, 0x79, 0x3a, 0x20,
  0x69, 0x6e, 0x6c, 0x69, 0x6e, 0x65, 0x2d, 0x62, 0x6c, 0x6f, 0x63, 0x6b,
  0x3b, 0x20, 0x77, 0x69, 0x64, 0x74, 0x68, 0x3a, 0x20, 0x31, 0x30, 0x70,
  0x78, 0x3b, 0x20, 0x68, 0x65, 0x69, 0x67, 0x68, 0x74, 0x3a, 0x20, 0x31,
  0x30, 0x70, 0x78, 0x3b, 0x20, 0x62, 0x61, 0x63, 0x6b, 0x67, 0x72, 0x6f,
  0x75, 0x6e, 0x64, 0x3a, 0x20, 0x76, 0x61, 0x72, 0x28, 0x2d, 0x2d, 0x65,
  0x6d, 0x62, 0x65, 0x72, 0x29, 0x3b, 0x20, 0x6d, 0x61, 0x72, 0x67, 0x69,
  0x6e, 0x3a, 0x20, 0x30, 0x20, 0x31, 0x30, 0x70, 0x78, 0x20, 0x32, 0x70,
  0x78, 0x20, 0x30, 0x3b, 0x20, 0x74, 0x72, 0x61, 0x6e, 0x73, 0x66, 0x6f,
  0x72, 0x6d, 0x3a, 0x20, 0x72, 0x6f, 0x74, 0x61, 0x74, 0x65, 0x28, 0x34,
  0x35, 0x64, 0x65, 0x67, 0x29, 0x3b, 0x20, 0x7d, 0x0a, 0x2e, 0x68, 0x65,
  0x61, 0x64, 0x20, 0x73, 0x70, 0x61, 0x6e, 0x20, 0x7b, 0x20, 0x63, 0x6f,
  0x6c, 0x6f, 0x72, 0x3a, 0x20, 0x76, 0x61, 0x72, 0x28, 0x2d, 0x2d, 0x6d,
  0x75, 0x74, 0x65, 0x29, 0x3b, 0x20, 0x66, 0x6f, 0x6e, 0x74, 0x2d, 0x73,
  0x69, 0x7a, 0x65, 0x3a, 0x20, 0x31, 0x34, 0x70, 0x78, 0x3b, 0x20, 0x7d,
  0x0a, 0x2e, 0x63, 0x61, 0x72, 0x64, 0x73, 0x20, 0x7b, 0x20, 0x64, 0x69,
  0x73, 0x70, 0x6c, 0x61, 0x79, 0x3a, 0x20, 0x67, 0x72, 0x69, 0x64, 0x3b,
  0x20, 0x67, 0x72, 0x69, 0x64, 0x2d, 0x74, 0x65, 0x6d, 0x70, 0x6c, 0x61,
  0x74, 0x65, 0x2d, 0x63, 0x6f, 0x6c, 0x75, 0x6d, 0x6e, 0x73, 0x3a, 0x20,
  0x72, 0x65, 0x70, 0x65, 0x61, 0x74, 0x28, 0x61, 0x75, 0x74, 0x6f, 0x2d,
  0x66, 0x69, 0x6c, 0x6c, 0x2c, 0x20, 0x6d, 0x69, 0x6e, 0x6d, 0x61, 0x78,
  0x28, 0x33, 0x38, 0x30, 0x70, 0x78, 0x2c, 0x20, 0x31, 0x66, 0x72, 0x29,
  0x29, 0x3b, 0x20, 0x67, 0x72, 0x69, 0x64, 0x2d, 0x67, 0x61, 0x70, 0x3a,
  0x20, 0x31, 0x36, 0x70, 0x78, 0x3b, 0x20, 0x6d, 0x61, 0x72, 0x67, 0x69,
  0x6e, 0x2d, 0x62, 0x6f, 0x74, 0x74, 0x6f, 0x6d, 0x3a, 0x20, 0x32, 0x38,
  0x70, 0x78, 0x3b, 0x20, 0x7d, 0x0a, 0x2e, 0x63, 0x61, 0x72, 0x64, 0x20,
  0x7b, 0x20, 0x70, 0x6f, 0x73, 0x69, 0x74, 0x69, 0x6f, 0x6e, 0x3a, 0x20,
  0x72, 0x65, 0x6c, 0x61, 0x74, 0x69, 0x76, 0x65, 0x3b, 0x20, 0x70, 0x61,
  0x64, 0x64, 0x69, 0x6e, 0x67, 0x3a, 0x20, 0x31, 0x36, 0x70, 0x78, 0x20,
  0x31, 0x38, 0x70, 0x78, 0x3b, 0x20, 0x62, 0x61, 0x63, 0x6b, 0x67, 0x72,
  0x6f, 0x75, 0x6e, 0x64, 0x3a, 0x20, 0x6c, 0x69, 0x6e, 0x65, 0x61, 0x72,
  0x2d, 0x67, 0x72, 0x61, 0x64, 0x69, 0x65, 0x6e, 0x74, 0x28, 0x31, 0x36,
  0x30, 0x64, 0x65, 0x67, 0x2c, 0x20, 0x76, 0x61, 0x72, 0x28, 0x2d, 0x2d,
  0x63, 0x61, 0x72, 0x64, 0x29, 0x2c, 0x20, 0x76, 0x61, 0x72, 0x28, 0x2d,
  0x2d, 0x64, 0x65, 0x63, 0x6b, 0x29, 0x29, 0x3b, 0x20, 0x62, 0x6f, 0x72,
  0x64, 0x65, 0x72, 0x3a, 0x20, 0x32, 0x70, 0x78, 0x20, 0x73, 0x6f, 0x6c,
  0x69, 0x64, 0x20, 0x76, 0x61, 0x72, 0x28, 0x2d, 0x2d, 0x65, 0x64, 0x67,
  0x65, 0x29, 0x3b, 0x20, 0x7d, 0x0a, 0x2e, 0x63, 0x61, 0x72, 0x64, 0x20,
  0x7b, 0x20, 0x2d, 0x2d, 0x61, 0x63, 0x63, 0x3a, 0x20, 0x76, 0x61, 0x72,
  0x28, 0x2d, 0x2d, 0x6c, 0x69, 0x6d, 0x65, 0x29, 0x3b, 0x20, 0x7d, 0x0a,
  0x2e, 0x63, 0x61, 0x72, 0x64, 0x20, 0x7b, 0x20, 0x62, 0x6f, 0x72, 0x64,
  0x65, 0x72, 0x2d, 0x74, 0x6f, 0x70, 0x3a, 0x20, 0x34, 0x70, 0x78, 0x20,
  0x73, 0x6f, 0x6c, 0x69, 0x64, 0x20, 0x76, 0x61, 0x72, 0x28, 0x2d, 0x2d,
  0x61, 0x63, 0x63, 0x29, 0x3b, 0x20, 0x7d, 0x0a, 0x2e, 0x63, 0x74, 0x6f,
  0x70, 0x20, 0x7b, 0x20, 0x64, 0x69, 0x73, 0x70, 0x6c, 0x61, 0x79, 0x3a,
  0x20, 0x66, 0x6c, 0x65, 0x78, 0x3b, 0x20, 0x61, 0x6c, 0x69, 0x67, 0x6e,
  0x2d, 0x69, 0x74, 0x65, 0x6d, 0x73, 0x3a, 0x20, 0x63, 0x65, 0x6e, 0x74,
  0x65, 0x72, 0x3b, 0x20, 0x6a, 0x75, 0x73, 0x74, 0x69, 0x66, 0x79, 0x2d,
  0x63, 0x6f, 0x6e, 0x74, 0x65, 0x6e, 0x74, 0x3a, 0x20, 0x73, 0x70, 0x61,
  0x63, 0x65, 0x2d, 0x62, 0x65, 0x74, 0x77, 0x65, 0x65, 0x6e, 0x3b, 0x20,
  0x7d, 0x0a, 0x2e, 0x6d, 0x6f, 0x64, 0x65, 0x6c, 0x20, 0x7b, 0x20, 0x66,
  0x6f, 0x6e, 0x74, 0x2d, 0x73, 0x69, 0x7a, 0x65, 0x3a, 0x20, 0x31, 0x39,
  0x70, 0x78, 0x3b, 0x20, 0x66, 0x6f, 0x6e, 0x74, 0x2d, 0x77, 0x65, 0x69,
  0x67, 0x68, 0x74, 0x3a, 0x20, 0x39, 0x30, 0x30, 0x3b, 0x20, 0x7d, 0x0a,
  0x2e, 0x73, 0x6c, 0x6f, 0x74, 0x20, 0x7b, 0x20, 0x66, 0x6f, 0x6e, 0x74,
  0x2d, 0x77, 0x65, 0x69, 0x67, 0x68, 0x74, 0x3a, 0x20, 0x39, 0x30, 0x30,
  0x3b, 0x20, 0x66, 0x6f, 0x6e, 0x74, 0x2d, 0x73, 0x69, 0x7a, 0x65, 0x3a,
  0x20, 0x31, 0x38, 0x70, 0x78, 0x3b, 0x20, 0x63, 0x6f, 0x6c, 0x6f, 0x72,
  0x3a, 0x20, 0x76, 0x61, 0x72, 0x28, 0x2d, 0x2d, 0x76, 0x6f, 0x69, 0x64,
  0x29, 0x3b, 0x20, 0x62, 0x61, 0x63, 0x6b, 0x67, 0x72, 0x6f, 0x75, 0x6e,
  0x64, 0x3a, 0x20, 0x76, 0x61, 0x72, 0x28, 0x2d, 0x2d, 0x61, 0x63, 0x63,
  0x29, 0x3b, 0x20, 0x70, 0x61, 0x64, 0x64, 0x69, 0x6e, 0x67, 0x3a, 0x20,
  0x32, 0x70, 0x78, 0x20, 0x31, 0x34, 0x70, 0x78, 0x3b, 0x0a, 0x20, 0x20,
  0x63, 0x6c, 0x69, 0x70, 0x2d, 0x70, 0x61, 0x74, 0x68, 0x3a, 0x20, 0x70,
  0x6f, 0x6c, 0x79, 0x67, 0x6f, 0x6e, 0x28, 0x38, 0x70, 0x78, 0x20, 0x30,
  0x2c, 0x20, 0x31, 0x30, 0x30, 0x25, 0x20, 0x30, 0x2c, 0x20, 0x63, 0x61,
  0x6c, 0x63, 0x28, 0x31, 0x30, 0x30, 0x25, 0x20, 0x2d, 0x20, 0x38, 0x70,
  0x78, 0x29, 0x20, 0x31, 0x30, 0x30, 0x25, 0x2c, 0x20, 0x30, 0x20, 0x31,
  0x30, 0x30, 0x25, 0x29, 0x3b, 0x20, 0x7d, 0x0a, 0x2e, 0x73, 0x75, 0x62,
  0x20, 0x7b, 0x20, 0x63, 0x6f, 0x6c, 0x6f, 0x72, 0x3a, 0x20, 0x76, 0x61,
  0x72, 0x28, 0x2d, 0x2d, 0x6d, 0x75, 0x74, 0x65, 0x29, 0x3b, 0x20, 0x66,
  0x6f, 0x6e, 0x74, 0x2d, 0x73, 0x69, 0x7a, 0x65, 0x3a, 0x20, 0x31, 0x33,
  0x70, 0x78, 0x3b, 0x20, 0x6d, 0x61, 0x72, 0x67, 0x69, 0x6e, 0x3a, 0x20,
  0x30, 0x20, 0x30, 0x20, 0x36, 0x70, 0x78, 0x3b, 0x20, 0x66, 0x6f, 0x6e,
  0x74, 0x2d, 0x66, 0x61, 0x6d, 0x69, 0x6c, 0x79, 0x3a, 0x20, 0x75, 0x69,
  0x2d, 0x6d, 0x6f, 0x6e, 0x6f, 0x73, 0x70, 0x61, 0x63, 0x65, 0x2c, 0x20,
  0x4d, 0x65, 0x6e, 0x6c, 0x6f, 0x2c, 0x20, 0x43, 0x6f, 0x6e, 0x73, 0x6f,
  0x6c, 0x61, 0x73, 0x2c, 0x20, 0x6d, 0x6f, 0x6e, 0x6f, 0x73, 0x70, 0x61,
  0x63, 0x65, 0x3b, 0x20, 0x7d, 0x0a, 0x2e, 0x69, 0x6e, 0x70, 0x75, 0x74,
  0x20, 0x7b, 0x20, 0x64, 0x69, 0x72, 0x65, 0x63, 0x74, 0x69, 0x6f, 0x6e,
  0x3a, 0x20, 0x6c, 0x74, 0x72, 0x3b, 0x20, 0x6d, 0x61, 0x72, 0x67, 0x69,
  0x6e, 0x3a, 0x20, 0x30, 0x20, 0x2d, 0x36, 0x70, 0x78, 0x20, 0x34, 0x70,
  0x78, 0x3b, 0x20, 0x7d, 0x0a, 0x2e, 0x70, 0x61, 0x64, 0x20, 0x7b, 0x20,
  0x64, 0x69, 0x73, 0x70, 0x6c, 0x61, 0x79, 0x3a, 0x20, 0x62, 0x6c, 0x6f,
  0x63, 0x6b, 0x3b, 0x20, 0x77, 0x69, 0x64, 0x74, 0x68, 0x3a, 0x20, 0x31,
  0x30, 0x30, 0x25, 0x3b, 0x20, 0x68, 0x65, 0x69, 0x67, 0x68, 0x74, 0x3a,
  0x20, 0x61, 0x75, 0x74, 0x6f, 0x3b, 0x20, 0x7d, 0x0a, 0x2e, 0x70, 0x61,
  0x64, 0x20, 0x2e, 0x62, 0x6f, 0x64, 0x79, 0x20, 0x7b, 0x20, 0x66, 0x69,
  0x6c, 0x6c, 0x3a, 0x20, 0x23, 0x32, 0x33, 0x32, 0x30, 0x32, 0x39, 0x3b,
  0x20, 0x73, 0x74, 0x72, 0x6f, 0x6b, 0x65, 0x3a, 0x20, 0x23, 0x33, 0x61,
  0x33, 0x35, 0x34, 0x32, 0x3b, 0x20, 0x73, 0x74, 0x72, 0x6f, 0x6b, 0x65,
  0x2d, 0x77, 0x69, 0x64, 0x74, 0x68, 0x3a, 0x20, 0x32, 0x3b, 0x20, 0x7d,
  0x0a, 0x2e, 0x70, 0x61, 0x64, 0x20, 0x2e, 0x6b, 0x20, 0x7b, 0x20, 0x66,
  0x69, 0x6c, 0x6c, 0x3a, 0x20, 0x23, 0x32, 0x65, 0x32, 0x61, 0x33, 0x35,
  0x3b, 0x20, 0x73, 0x74, 0x72, 0x6f, 0x6b, 0x65, 0x3a, 0x20, 0x23, 0x34,
  0x61, 0x34, 0x34, 0x35, 0x33, 0x3b, 0x20, 0x73, 0x74, 0x72, 0x6f, 0x6b,
  0x65, 0x2d, 0x77, 0x69, 0x64, 0x74, 0x68, 0x3a, 0x20, 0x31, 0x2e, 0x35,
  0x3b, 0x20, 0x74, 0x72, 0x61, 0x6e, 0x73, 0x69, 0x74, 0x69, 0x6f, 0x6e,
  0x3a, 0x20, 0x66, 0x69, 0x6c, 0x6c, 0x20, 0x2e, 0x30, 0x35, 0x73, 0x3b,
  0x20, 0x7d, 0x0a, 0x2e, 0x70, 0x61, 0x64, 0x20, 0x74, 0x65, 0x78, 0x74,
  0x20, 0x7b, 0x20, 0x66, 0x69, 0x6c, 0x6c, 0x3a, 0x20, 0x23, 0x62, 0x64,
  0x62, 0x36, 0x61, 0x61, 0x3b, 0x20, 0x66, 0x6f, 0x6e, 0x74, 0x3a, 0x20,
  0x38, 0x30, 0x30, 0x20, 0x31, 0x31, 0x70, 0x78, 0x20, 0x22, 0x42, 0x61,
  0x68, 0x6e, 0x73, 0x63, 0x68, 0x72, 0x69, 0x66, 0x74, 0x22, 0x2c, 0x20,
  0x73, 0x79, 0x73, 0x74, 0x65, 0x6d, 0x2d, 0x75, 0x69, 0x2c, 0x20, 0x73,
  0x61, 0x6e, 0x73, 0x2d, 0x73, 0x65, 0x72, 0x69, 0x66, 0x3b, 0x20, 0x74,
  0x65, 0x78, 0x74, 0x2d, 0x61, 0x6e, 0x63, 0x68, 0x6f, 0x72, 0x3a, 0x20,
  0x6d, 0x69, 0x64, 0x64, 0x6c, 0x65, 0x3b, 0x20, 0x64, 0x6f, 0x6d, 0x69,
  0x6e, 0x61, 0x6e, 0x74, 0x2d, 0x62, 0x61, 0x73, 0x65, 0x6c, 0x69, 0x6e,
  0x65, 0x3a, 0x20, 0x63, 0x65, 0x6e, 0x74, 0x72, 0x61, 0x6c, 0x3b, 0x20,
  0x70, 0x6f, 0x69, 0x6e, 0x74, 0x65, 0x72, 0x2d, 0x65, 0x76, 0x65, 0x6e,
  0x74, 0x73, 0x3a, 0x20, 0x6e, 0x6f, 0x6e, 0x65, 0x3b, 0x20, 0x7d, 0x0a,
  0x2e, 0x70, 0x61, 0x64, 0x20, 0x2e, 0x6f, 0x6e, 0x20, 0x2e, 0x6b, 0x20,
  0x7b, 0x20, 0x66, 0x69, 0x6c, 0x6c, 0x3a, 0x20, 0x76, 0x61, 0x72, 0x28,
  0x2d, 0x2d, 0x61, 0x63, 0x63, 0x29, 0x3b, 0x20, 0x73, 0x74, 0x72, 0x6f,
  0x6b, 0x65, 0x3a, 0x20, 0x23, 0x66, 0x66, 0x66, 0x3b, 0x20, 0x7d, 0x0a,
  0x2e, 0x70, 0x61, 0x64, 0x20, 0x2e, 0x6f, 0x6e, 0x20, 0x74, 0x65, 0x78,
  0x74, 0x20, 0x7b, 0x20, 0x66, 0x69, 0x6c, 0x6c, 0x3a, 0x20, 0x23, 0x30,
  0x63, 0x30, 0x62, 0x30, 0x66, 0x20, 0x21, 0x69, 0x6d, 0x70, 0x6f, 0x72,
  0x74, 0x61, 0x6e, 0x74, 0x3b, 0x20, 0x7d, 0x0a, 0x2e, 0x70, 0x61, 0x64,
  0x20, 0x2e, 0x6f, 0x6e, 0x20, 0x2e, 0x6b, 0x20, 0x7b, 0x20, 0x66, 0x69,
  0x6c, 0x6c, 0x3a, 0x20, 0x76, 0x61, 0x72, 0x28, 0x2d, 0x2d, 0x61, 0x63,
  0x63, 0x29, 0x20, 0x21, 0x69, 0x6d, 0x70, 0x6f, 0x72, 0x74, 0x61, 0x6e,
  0x74, 0x3b, 0x20, 0x7d, 0x0a, 0x2e, 0x70, 0x61, 0x64, 0x20, 0x2e, 0x66,
  0x61, 0x63, 0x65, 0x20, 0x74, 0x65, 0x78, 0x74, 0x20, 0x7b, 0x20, 0x66,
  0x6f, 0x6e, 0x74, 0x2d, 0x73, 0x69, 0x7a, 0x65, 0x3a, 0x20, 0x31, 0x33,
  0x70, 0x78, 0x3b, 0x20, 0x7d, 0x0a, 0x2e, 0x70, 0x61, 0x64, 0x20, 0x2e,
  0x74, 0x66, 0x20, 0x7b, 0x20, 0x66, 0x69, 0x6c, 0x6c, 0x3a, 0x20, 0x76,
  0x61, 0x72, 0x28, 0x2d, 0x2d, 0x61, 0x63, 0x63, 0x29, 0x3b, 0x20, 0x7d,
  0x0a, 0x2e, 0x70, 0x61, 0x64, 0x20, 0x2e, 0x77, 0x65, 0x6c, 0x6c, 0x20,
  0x7b, 0x20, 0x66, 0x69, 0x6c, 0x6c, 0x3a, 0x20, 0x23, 0x31, 0x34, 0x31,
  0x32, 0x31, 0x37, 0x3b, 0x20, 0x73, 0x74, 0x72, 0x6f, 0x6b, 0x65, 0x3a,
  0x20, 0x23, 0x34, 0x61, 0x34, 0x34, 0x35, 0x33, 0x3b, 0x20, 0x73, 0x74,
  0x72, 0x6f, 0x6b, 0x65, 0x2d, 0x77, 0x69, 0x64, 0x74, 0x68, 0x3a, 0x20,
  0x31, 0x2e, 0x35, 0x3b, 0x20, 0x7d, 0x0a, 0x2e, 0x70, 0x61, 0x64, 0x20,
  0x2e, 0x6e, 0x75, 0x62, 0x20, 0x7b, 0x20, 0x66, 0x69, 0x6c, 0x6c, 0x3a,
  0x20, 0x23, 0x33, 0x61, 0x33, 0x35, 0x34, 0x32, 0x3b, 0x20, 0x73, 0x74,
  0x72, 0x6f, 0x6b, 0x65, 0x3a, 0x20, 0x23, 0x36, 0x61, 0x36, 0x33, 0x37,
  0x35, 0x3b, 0x20, 0x73, 0x74, 0x72, 0x6f, 0x6b, 0x65, 0x2d, 0x77, 0x69,
  0x64, 0x74, 0x68, 0x3a, 0x20, 0x32, 0x3b, 0x20, 0x7d, 0x0a, 0x2e, 0x70,
  0x61, 0x64, 0x20, 0x2e, 0x6f, 0x6e, 0x20, 0x2e, 0x6e, 0x75, 0x62, 0x20,
  0x7b, 0x20, 0x66, 0x69, 0x6c, 0x6c, 0x3a, 0x20, 0x76, 0x61, 0x72, 0x28,
  0x2d, 0x2d, 0x61, 0x63, 0x63, 0x29, 0x3b, 0x20, 0x7d, 0x0a, 0x2e, 0x63,
  0x68, 0x69, 0x70, 0x73, 0x20, 0x7b, 0x20, 0x64, 0x69, 0x73, 0x70, 0x6c,
  0x61, 0x79, 0x3a, 0x20, 0x6e, 0x6f, 0x6e, 0x65, 0x3b, 0x20, 0x7d, 0x0a,
  0x2e, 0x62, 0x61, 0x74, 0x74, 0x20, 0x7b, 0x20, 0x64, 0x69, 0x73, 0x70,
  0x6c, 0x61, 0x79, 0x3a, 0x20, 0x66, 0x6c, 0x65, 0x78, 0x3b, 0x20, 0x61,
  0x6c, 0x69, 0x67, 0x6e, 0x2d, 0x69, 0x74, 0x65, 0x6d, 0x73, 0x3a, 0x20,
  0x63, 0x65, 0x6e, 0x74, 0x65, 0x72, 0x3b, 0x20, 0x66, 0x6f, 0x6e, 0x74,
  0x2d, 0x73, 0x69, 0x7a, 0x65, 0x3a, 0x20, 0x31, 0x33, 0x70, 0x78, 0x3b,
  0x20, 0x63, 0x6f, 0x6c, 0x6f, 0x72, 0x3a, 0x20, 0x76, 0x61, 0x72, 0x28,
  0x2d, 0x2d, 0x6d, 0x75, 0x74, 0x65, 0x29, 0x3b, 0x20, 0x6d, 0x61, 0x72,
  0x67, 0x69, 0x6e, 0x3a, 0x20, 0x36, 0x70, 0x78, 0x20, 0x30, 0x20, 0x31,
  0x32, 0x70, 0x78, 0x3b, 0x20, 0x6d, 0x69, 0x6e, 0x2d, 0x68, 0x65, 0x69,
  0x67, 0x68, 0x74, 0x3a, 0x20, 0x32, 0x30, 0x70, 0x78, 0x3b, 0x20, 0x7d,
  0x0a, 0x2e, 0x63, 0x65, 0x6c, 0x6c, 0x20, 0x7b, 0x20, 0x77, 0x69, 0x64,
  0x74, 0x68, 0x3a, 0x20, 0x34, 0x34, 0x70, 0x78, 0x3b, 0x20, 0x68, 0x65,
  0x69, 0x67, 0x68, 0x74, 0x3a, 0x20, 0x31, 0x34, 0x70, 0x78, 0x3b, 0x20,
  0x6d, 0x61, 0x72, 0x67, 0x69, 0x6e, 0x2d, 0x72, 0x69, 0x67, 0x68, 0x74,
  0x3a, 0x20, 0x31, 0x30, 0x70, 0x78, 0x3b, 0x20, 0x70, 0x6f, 0x73, 0x69,
  0x74, 0x69, 0x6f, 0x6e, 0x3a, 0x20, 0x72, 0x65, 0x6c, 0x61, 0x74, 0x69,
  0x76, 0x65, 0x3b, 0x20, 0x64, 0x69, 0x73, 0x70, 0x6c, 0x61, 0x79, 0x3a,
  0x20, 0x66, 0x6c, 0x65, 0x78, 0x3b, 0x20, 0x67, 0x61, 0x70, 0x3a, 0x20,
  0x32, 0x70, 0x78, 0x3b, 0x20, 0x70, 0x61, 0x64, 0x64, 0x69, 0x6e, 0x67,
  0x3a, 0x20, 0x30, 0x3b, 0x20, 0x7d, 0x0a, 0x2e, 0x63, 0x65, 0x6c, 0x6c,
  0x20, 0x62, 0x20, 0x7b, 0x20, 0x64, 0x69, 0x73, 0x70, 0x6c, 0x61, 0x79,
  0x3a, 0x20, 0x62, 0x6c, 0x6f, 0x63, 0x6b, 0x3b, 0x20, 0x68, 0x65, 0x69,
  0x67, 0x68, 0x74, 0x3a, 0x20, 0x31, 0x30, 0x30, 0x25, 0x3b, 0x20, 0x77,
  0x69, 0x64, 0x74, 0x68, 0x3a, 0x20, 0x30, 0x3b, 0x20, 0x62, 0x61, 0x63,
  0x6b, 0x67, 0x72, 0x6f, 0x75, 0x6e, 0x64, 0x3a, 0x20, 0x76, 0x61, 0x72,
  0x28, 0x2d, 0x2d, 0x67, 0x6f, 0x6f, 0x64, 0x29, 0x3b, 0x20, 0x7d, 0x0a,
  0x2e, 0x63, 0x65, 0x6c, 0x6c, 0x3a, 0x62, 0x65, 0x66, 0x6f, 0x72, 0x65,
  0x20, 0x7b, 0x20, 0x63, 0x6f, 0x6e, 0x74, 0x65, 0x6e, 0x74, 0x3a, 0x20,
  0x22, 0x22, 0x3b, 0x20, 0x70, 0x6f, 0x73, 0x69, 0x74, 0x69, 0x6f, 0x6e,
  0x3a, 0x20, 0x61, 0x62, 0x73, 0x6f, 0x6c, 0x75, 0x74, 0x65, 0x3b, 0x20,
  0x69, 0x6e, 0x73, 0x65, 0x74, 0x3a, 0x20, 0x30, 0x3b, 0x20, 0x62, 0x6f,
  0x72, 0x64, 0x65, 0x72, 0x3a, 0x20, 0x32, 0x70, 0x78, 0x20, 0x73, 0x6f,
  0x6c, 0x69, 0x64, 0x20, 0x76, 0x61, 0x72, 0x28, 0x2d, 0x2d, 0x6d, 0x75,
  0x74, 0x65, 0x29, 0x3b, 0x20, 0x7d, 0x0a, 0x2e, 0x61, 0x63, 0x74, 0x73,
  0x20, 0x7b, 0x20, 0x64, 0x69, 0x73, 0x70, 0x6c, 0x61, 0x79, 0x3a, 0x20,
  0x67, 0x72, 0x69, 0x64, 0x3b, 0x20, 0x67, 0x72, 0x69, 0x64, 0x2d, 0x74,
  0x65, 0x6d, 0x70, 0x6c, 0x61, 0x74, 0x65, 0x2d, 0x63, 0x6f, 0x6c, 0x75,
  0x6d, 0x6e, 0x73, 0x3a, 0x20, 0x31, 0x66, 0x72, 0x20, 0x31, 0x66, 0x72,
  0x20, 0x31, 0x66, 0x72, 0x3b, 0x20, 0x67, 0x72, 0x69, 0x64, 0x2d, 0x67,
  0x61, 0x70, 0x3a, 0x20, 0x38, 0x70, 0x78, 0x3b, 0x20, 0x7d, 0x0a, 0x2e,
  0x61, 0x63, 0x74, 0x73, 0x20, 0x2e, 0x62, 0x74, 0x6e, 0x20, 0x7b, 0x20,
  0x70, 0x61, 0x64, 0x64, 0x69, 0x6e, 0x67, 0x3a, 0x20, 0x30, 0x20, 0x36,
  0x70, 0x78, 0x3b, 0x20, 0x66, 0x6f, 0x6e, 0x74, 0x2d, 0x73, 0x69, 0x7a,
  0x65, 0x3a, 0x20, 0x31, 0x33, 0x70, 0x78, 0x3b, 0x20, 0x6c, 0x69, 0x6e,
  0x65, 0x2d, 0x68, 0x65, 0x69, 0x67, 0x68, 0x74, 0x3a, 0x20, 0x31, 0x2e,
  0x32, 0x3b, 0x20, 0x7d, 0x0a, 0x2e, 0x65, 0x6d, 0x70, 0x74, 0x79, 0x20,
  0x7b, 0x20, 0x62, 0x6f, 0x72, 0x64, 0x65, 0x72, 0x3a, 0x20, 0x32, 0x70,
  0x78, 0x20, 0x64, 0x61, 0x73, 0x68, 0x65, 0x64, 0x20, 0x76, 0x61, 0x72,
  0x28, 0x2d, 0x2d, 0x65, 0x64, 0x67, 0x65, 0x29, 0x3b, 0x20, 0x70, 0x61,
  0x64, 0x64, 0x69, 0x6e, 0x67, 0x3a, 0x20, 0x34, 0x30, 0x70, 0x78, 0x20,
  0x32, 0x38, 0x70, 0x78, 0x3b, 0x20, 0x63, 0x6f, 0x6c, 0x6f, 0x72, 0x3a,
  0x20, 0x76, 0x61, 0x72, 0x28, 0x2d, 0x2d, 0x6d, 0x75, 0x74, 0x65, 0x29,
  0x3b, 0x20, 0x74, 0x65, 0x78, 0x74, 0x2d, 0x61, 0x6c, 0x69, 0x67, 0x6e,
  0x3a, 0x20, 0x63, 0x65, 0x6e, 0x74, 0x65, 0x72, 0x3b, 0x20, 0x66, 0x6f,
  0x6e, 0x74, 0x2d, 0x73, 0x69, 0x7a, 0x65, 0x3a, 0x20, 0x31, 0x36, 0x70,
  0x78, 0x3b, 0x20, 0x7d, 0x0a, 0x0a, 0x2f, 0x2a, 0x20, 0x70, 0x61, 0x69,
  0x72, 0x65, 0x64, 0x20, 0x6c, 0x69, 0x73, 0x74, 0x20, 0x2a, 0x2f, 0x0a,
  0x2e, 0x6c, 0x69, 0x73, 0x74, 0x20, 0x7b, 0x20, 0x62, 0x6f, 0x72, 0x64,
  0x65, 0x72, 0x3a, 0x20, 0x32, 0x70, 0x78, 0x20, 0x73, 0x6f, 0x6c, 0x69,
  0x64, 0x20, 0x76, 0x61, 0x72, 0x28, 0x2d, 0x2d, 0x65, 0x64, 0x67, 0x65,
  0x29, 0x3b, 0x20, 0x6d, 0x61, 0x72, 0x67, 0x69, 0x6e, 0x2d, 0x62, 0x6f,
  0x74, 0x74, 0x6f, 0x6d, 0x3a, 0x20, 0x32, 0x38, 0x70, 0x78, 0x3b, 0x20,
  0x62, 0x61, 0x63, 0x6b, 0x67, 0x72, 0x6f, 0x75, 0x6e, 0x64, 0x3a, 0x20,
  0x76, 0x61, 0x72, 0x28, 0x2d, 0x2d, 0x64, 0x65, 0x63, 0x6b, 0x29, 0x3b,
  0x20, 0x7d, 0x0a, 0x2e, 0x69, 0x74, 0x65, 0x6d, 0x20, 0x7b, 0x20, 0x64,
  0x69, 0x73, 0x70, 0x6c, 0x61, 0x79, 0x3a, 0x20, 0x66, 0x6c, 0x65, 0x78,
  0x3b, 0x20, 0x61, 0x6c, 0x69, 0x67, 0x6e, 0x2d, 0x69, 0x74, 0x65, 0x6d,
  0x73, 0x3a, 0x20, 0x63, 0x65, 0x6e, 0x74, 0x65, 0x72, 0x3b, 0x20, 0x70,
  0x61, 0x64, 0x64, 0x69, 0x6e, 0x67, 0x3a, 0x20, 0x31, 0x32, 0x70, 0x78,
  0x20, 0x31, 0x36, 0x70, 0x78, 0x3b, 0x20, 0x62, 0x6f, 0x72, 0x64, 0x65,
  0x72, 0x2d, 0x74, 0x6f, 0x70, 0x3a, 0x20, 0x31, 0x70, 0x78, 0x20, 0x73,
  0x6f, 0x6c, 0x69, 0x64, 0x20, 0x76, 0x61, 0x72, 0x28, 0x2d, 0x2d, 0x65,
  0x64, 0x67, 0x65, 0x29, 0x3b, 0x20, 0x7d, 0x0a, 0x2e, 0x69, 0x74, 0x65,
  0x6d, 0x3a, 0x66, 0x69, 0x72, 0x73, 0x74, 0x2d, 0x63, 0x68, 0x69, 0x6c,
  0x64, 0x20, 0x7b, 0x20, 0x62, 0x6f, 0x72, 0x64, 0x65, 0x72, 0x2d, 0x74,
  0x6f, 0x70, 0x3a, 0x20, 0x30, 0x3b, 0x20, 0x7d, 0x0a, 0x2e, 0x64, 0x6f,
  0x74, 0x20, 0x7b, 0x20, 0x77, 0x69, 0x64, 0x74, 0x68, 0x3a, 0x20, 0x31,
  0x30, 0x70, 0x78, 0x3b, 0x20, 0x68, 0x65, 0x69, 0x67, 0x68, 0x74, 0x3a,
  0x20, 0x31, 0x30, 0x70, 0x78, 0x3b, 0x20, 0x62, 0x61, 0x63, 0x6b, 0x67,
  0x72, 0x6f, 0x75, 0x6e, 0x64, 0x3a, 0x20, 0x76, 0x61, 0x72, 0x28, 0x2d,
  0x2d, 0x65, 0x64, 0x67, 0x65, 0x29, 0x3b, 0x20, 0x6d, 0x61, 0x72, 0x67,
  0x69, 0x6e, 0x2d, 0x72, 0x69, 0x67, 0x68, 0x74, 0x3a, 0x20, 0x31, 0x34,
  0x70, 0x78, 0x3b, 0x20, 0x74, 0x72, 0x61, 0x6e, 0x73, 0x66, 0x6f, 0x72,
  0x6d, 0x3a, 0x20, 0x72, 0x6f, 0x74, 0x61, 0x74, 0x65, 0x28, 0x34, 0x35,
  0x64, 0x65, 0x67, 0x29, 0x3b, 0x20, 0x7d, 0x0a, 0x2e, 0x64, 0x6f, 0x74,
  0x2e, 0x6f, 0x6e, 0x20, 0x7b, 0x20, 0x62, 0x61, 0x63, 0x6b, 0x67, 0x72,
  0x6f, 0x75, 0x6e, 0x64, 0x3a, 0x20, 0x76, 0x61, 0x72, 0x28, 0x2d, 0x2d,
  0x67, 0x6f, 0x6f, 0x64, 0x29, 0x3b, 0x20, 0x62, 0x6f, 0x78, 0x2d, 0x73,
  0x68, 0x61, 0x64, 0x6f, 0x77, 0x3a, 0x20, 0x30, 0x20, 0x30, 0x20, 0x38,
  0x70, 0x78, 0x20, 0x76, 0x61, 0x72, 0x28, 0x2d, 0x2d, 0x67, 0x6f, 0x6f,
  0x64, 0x29, 0x3b, 0x20, 0x7d, 0x0a, 0x2e, 0x77, 0x68, 0x6f, 0x20, 0x7b,
  0x20, 0x66, 0x6c, 0x65, 0x78, 0x3a, 0x20, 0x31, 0x3b, 0x20, 0x7d, 0x0a,
  0x2e, 0x77, 0x68, 0x6f, 0x20, 0x73, 0x74, 0x72, 0x6f, 0x6e, 0x67, 0x20,
  0x7b, 0x20, 0x64, 0x69, 0x73, 0x70, 0x6c, 0x61, 0x79, 0x3a, 0x20, 0x62,
  0x6c, 0x6f, 0x63, 0x6b, 0x3b, 0x20, 0x66, 0x6f, 0x6e, 0x74, 0x2d, 0x73,
  0x69, 0x7a, 0x65, 0x3a, 0x20, 0x31, 0x36, 0x70, 0x78, 0x3b, 0x20, 0x7d,
  0x0a, 0x2e, 0x77, 0x68, 0x6f, 0x20, 0x73, 0x70, 0x61, 0x6e, 0x20, 0x7b,
  0x20, 0x63, 0x6f, 0x6c, 0x6f, 0x72, 0x3a, 0x20, 0x76, 0x61, 0x72, 0x28,
  0x2d, 0x2d, 0x6d, 0x75, 0x74, 0x65, 0x29, 0x3b, 0x20, 0x66, 0x6f, 0x6e,
  0x74, 0x2d, 0x73, 0x69, 0x7a, 0x65, 0x3a, 0x20, 0x31, 0x33, 0x70, 0x78,
  0x3b, 0x20, 0x66, 0x6f, 0x6e, 0x74, 0x2d, 0x66, 0x61, 0x6d, 0x69, 0x6c,
  0x79, 0x3a, 0x20, 0x75, 0x69, 0x2d, 0x6d, 0x6f, 0x6e, 0x6f, 0x73, 0x70,
  0x61, 0x63, 0x65, 0x2c, 0x20, 0x4d, 0x65, 0x6e, 0x6c, 0x6f, 0x2c, 0x20,
  0x43, 0x6f, 0x6e, 0x73, 0x6f, 0x6c, 0x61, 0x73, 0x2c, 0x20, 0x6d, 0x6f,
  0x6e, 0x6f, 0x73, 0x70, 0x61, 0x63, 0x65, 0x3b, 0x20, 0x75, 0x6e, 0x69,
  0x63, 0x6f, 0x64, 0x65, 0x2d, 0x62, 0x69, 0x64, 0x69, 0x3a, 0x20, 0x65,
  0x6d, 0x62, 0x65, 0x64, 0x3b, 0x20, 0x64, 0x69, 0x72, 0x65, 0x63, 0x74,
  0x69, 0x6f, 0x6e, 0x3a, 0x20, 0x6c, 0x74, 0x72, 0x3b, 0x20, 0x7d, 0x0a,
  0x2e, 0x74, 0x61, 0x67, 0x20, 0x7b, 0x20, 0x66, 0x6f, 0x6e, 0x74, 0x2d,
  0x73, 0x69, 0x7a, 0x65, 0x3a, 0x20, 0x31, 0x31, 0x70, 0x78, 0x3b, 0x20,
  0x66, 0x6f, 0x6e, 0x74, 0x2d, 0x77, 0x65, 0x69, 0x67, 0x68, 0x74, 0x3a,
  0x20, 0x38, 0x30, 0x30, 0x3b, 0x20, 0x70, 0x61, 0x64, 0x64, 0x69, 0x6e,
  0x67, 0x3a, 0x20, 0x32, 0x70, 0x78, 0x20, 0x38, 0x70, 0x78, 0x3b, 0x20,
  0x6d, 0x61, 0x72, 0x67, 0x69, 0x6e, 0x2d, 0x72, 0x69, 0x67, 0x68, 0x74,
  0x3a, 0x20, 0x31, 0x32, 0x70, 0x78, 0x3b, 0x20, 0x63, 0x6f, 0x6c, 0x6f,
  0x72, 0x3a, 0x20, 0x76, 0x61, 0x72, 0x28, 0x2d, 0x2d, 0x65, 0x6d, 0x62,
  0x65, 0x72, 0x29, 0x3b, 0x20, 0x62, 0x6f, 0x72, 0x64, 0x65, 0x72, 0x3a,
  0x20, 0x31, 0x70, 0x78, 0x20, 0x73, 0x6f, 0x6c, 0x69, 0x64, 0x20, 0x76,
  0x61, 0x72, 0x28, 0x2d, 0x2d, 0x65, 0x6d, 0x62, 0x65, 0x72, 0x29, 0x3b,
  0x20, 0x7d, 0x0a, 0x0a, 0x2f, 0x2a, 0x20, 0x6c, 0x6f, 0x67, 0x20, 0x2a,
  0x2f, 0x0a, 0x64, 0x65, 0x74, 0x61, 0x69, 0x6c, 0x73, 0x20, 0x7b, 0x20,
  0x62, 0x6f, 0x72, 0x64, 0x65, 0x72, 0x3a, 0x20, 0x32, 0x70, 0x78, 0x20,
  0x73, 0x6f, 0x6c, 0x69, 0x64, 0x20, 0x76, 0x61, 0x72, 0x28, 0x2d, 0x2d,
  0x65, 0x64, 0x67, 0x65, 0x29, 0x3b, 0x20, 0x62, 0x61, 0x63, 0x6b, 0x67,
  0x72, 0x6f, 0x75, 0x6e, 0x64, 0x3a, 0x20, 0x76, 0x61, 0x72, 0x28, 0x2d,
  0x2d, 0x64, 0x65, 0x63, 0x6b, 0x29, 0x3b, 0x20, 0x6d, 0x61, 0x72, 0x67,
  0x69, 0x6e, 0x2d, 0x62, 0x6f, 0x74, 0x74, 0x6f, 0x6d, 0x3a, 0x20, 0x32,
  0x38, 0x70, 0x78, 0x3b, 0x20, 0x7d, 0x0a, 0x73, 0x75, 0x6d, 0x6d, 0x61,
  0x72, 0x79, 0x20, 0x7b, 0x20, 0x6c, 0x69, 0x73, 0x74, 0x2d, 0x73, 0x74,
  0x79, 0x6c, 0x65, 0x3a, 0x20, 0x6e, 0x6f, 0x6e, 0x65, 0x3b, 0x20, 0x63,
  0x75, 0x72, 0x73, 0x6f, 0x72, 0x3a, 0x20, 0x70, 0x6f, 0x69, 0x6e, 0x74,
  0x65, 0x72, 0x3b, 0x20, 0x70, 0x61, 0x64, 0x64, 0x69, 0x6e, 0x67, 0x3a,
  0x20, 0x31, 0x36, 0x70, 0x78, 0x20, 0x32, 0x30, 0x70, 0x78, 0x3b, 0x20,
  0x66, 0x6f, 0x6e, 0x74, 0x2d, 0x73, 0x69, 0x7a, 0x65, 0x3a, 0x20, 0x31,
  0x36, 0x70, 0x78, 0x3b, 0x20, 0x66, 0x6f, 0x6e, 0x74, 0x2d, 0x77, 0x65,
  0x69, 0x67, 0x68, 0x74, 0x3a, 0x20, 0x39, 0x30, 0x30, 0x3b, 0x20, 0x74,
  0x65, 0x78, 0x74, 0x2d, 0x74, 0x72, 0x61, 0x6e, 0x73, 0x66, 0x6f, 0x72,
  0x6d, 0x3a, 0x20, 0x75, 0x70, 0x70, 0x65, 0x72, 0x63, 0x61, 0x73, 0x65,
  0x3b, 0x20, 0x6c, 0x65, 0x74, 0x74, 0x65, 0x72, 0x2d, 0x73, 0x70, 0x61,
  0x63, 0x69, 0x6e, 0x67, 0x3a, 0x20, 0x33, 0x70, 0x78, 0x3b, 0x0a, 0x20,
  0x20, 0x64, 0x69, 0x73, 0x70, 0x6c, 0x61, 0x79, 0x3a, 0x20, 0x66, 0x6c,
  0x65, 0x78, 0x3b, 0x20, 0x61, 0x6c, 0x69, 0x67, 0x6e, 0x2d, 0x69, 0x74,
  0x65, 0x6d, 0x73, 0x3a, 0x20, 0x63, 0x65, 0x6e, 0x74, 0x65, 0x72, 0x3b,
  0x20, 0x6a, 0x75, 0x73, 0x74, 0x69, 0x66, 0x79, 0x2d, 0x63, 0x6f, 0x6e,
  0x74, 0x65, 0x6e, 0x74, 0x3a, 0x20, 0x73, 0x70, 0x61, 0x63, 0x65, 0x2d,
  0x62, 0x65, 0x74, 0x77, 0x65, 0x65, 0x6e, 0x3b, 0x20, 0x7d, 0x0a, 0x73,
  0x75, 0x6d, 0x6d, 0x61, 0x72, 0x79, 0x3a, 0x3a, 0x2d, 0x77, 0x65, 0x62,
  0x6b, 0x69, 0x74, 0x2d, 0x64, 0x65, 0x74, 0x61, 0x69, 0x6c, 0x73, 0x2d,
  0x6d, 0x61, 0x72, 0x6b, 0x65, 0x72, 0x20, 0x7b, 0x20, 0x64, 0x69, 0x73,
  0x70, 0x6c, 0x61, 0x79, 0x3a, 0x20, 0x6e, 0x6f, 0x6e, 0x65, 0x3b, 0x20,
  0x7d, 0x0a, 0x2e, 0x73, 0x68, 0x20, 0x7b, 0x20, 0x66, 0x6f, 0x6e, 0x74,
  0x2d, 0x73, 0x69, 0x7a, 0x65, 0x3a, 0x20, 0x31, 0x33, 0x70, 0x78, 0x3b,
  0x20, 0x63, 0x6f, 0x6c, 0x6f, 0x72, 0x3a, 0x20, 0x76, 0x61, 0x72, 0x28,
  0x2d, 0x2d, 0x6c, 0x69, 0x6d, 0x65, 0x29, 0x3b, 0x20, 0x7d, 0x0a, 0x2e,
  0x73, 0x68, 0x2e, 0x68, 0x2c, 0x20, 0x64, 0x65, 0x74, 0x61, 0x69, 0x6c,
  0x73, 0x5b, 0x6f, 0x70, 0x65, 0x6e, 0x5d, 0x20, 0x2e, 0x73, 0x68, 0x2e,
  0x73, 0x20, 0x7b, 0x20, 0x64, 0x69, 0x73, 0x70, 0x6c, 0x61, 0x79, 0x3a,
  0x20, 0x6e, 0x6f, 0x6e, 0x65, 0x3b, 0x20, 0x7d, 0x0a, 0x64, 0x65, 0x74,
  0x61, 0x69, 0x6c, 0x73, 0x5b, 0x6f, 0x70, 0x65, 0x6e, 0x5d, 0x20, 0x2e,
  0x73, 0x68, 0x2e, 0x68, 0x20, 0x7b, 0x20, 0x64, 0x69, 0x73, 0x70, 0x6c,
  0x61, 0x79, 0x3a, 0x20, 0x69, 0x6e, 0x6c, 0x69, 0x6e, 0x65, 0x3b, 0x20,
  0x7d, 0x0a, 0x73, 0x75, 0x6d, 0x6d, 0x61, 0x72, 0x79, 0x3a, 0x68, 0x6f,
  0x76, 0x65, 0x72, 0x2c, 0x20, 0x73, 0x75, 0x6d, 0x6d, 0x61, 0x72, 0x79,
  0x3a, 0x66, 0x6f, 0x63, 0x75, 0x73, 0x20, 0x7b, 0x20, 0x6f, 0x75, 0x74,
  0x6c, 0x69, 0x6e, 0x65, 0x3a, 0x20, 0x6e, 0x6f, 0x6e, 0x65, 0x3b, 0x20,
  0x62, 0x6f, 0x78, 0x2d, 0x73, 0x68, 0x61, 0x64, 0x6f, 0x77, 0x3a, 0x20,
  0x69, 0x6e, 0x73, 0x65, 0x74, 0x20, 0x76, 0x61, 0x72, 0x28, 0x2d, 0x2d,
  0x67, 0x6c, 0x6f, 0x77, 0x29, 0x3b, 0x20, 0x7d, 0x0a, 0x2e, 0x6c, 0x6f,
  0x67, 0x62, 0x6f, 0x78, 0x20, 0x7b, 0x20, 0x70, 0x61, 0x64, 0x64, 0x69,
  0x6e, 0x67, 0x3a, 0x20, 0x30, 0x20, 0x32, 0x30, 0x70, 0x78, 0x20, 0x31,
  0x38, 0x70, 0x78, 0x3b, 0x20, 0x7d, 0x0a, 0x70, 0x72, 0x65, 0x20, 0x7b,
  0x20, 0x6d, 0x61, 0x72, 0x67, 0x69, 0x6e, 0x3a, 0x20, 0x30, 0x20, 0x30,
  0x20, 0x31, 0x32, 0x70, 0x78, 0x3b, 0x20, 0x6d, 0x61, 0x78, 0x2d, 0x68,
  0x65, 0x69, 0x67, 0x68, 0x74, 0x3a, 0x20, 0x34, 0x32, 0x30, 0x70, 0x78,
  0x3b, 0x20, 0x6f, 0x76, 0x65, 0x72, 0x66, 0x6c, 0x6f, 0x77, 0x3a, 0x20,
  0x61, 0x75, 0x74, 0x6f, 0x3b, 0x20, 0x77, 0x68, 0x69, 0x74, 0x65, 0x2d,
  0x73, 0x70, 0x61, 0x63, 0x65, 0x3a, 0x20, 0x70, 0x72, 0x65, 0x2d, 0x77,
  0x72, 0x61, 0x70, 0x3b, 0x20, 0x77, 0x6f, 0x72, 0x64, 0x2d, 0x62, 0x72,
  0x65, 0x61, 0x6b, 0x3a, 0x20, 0x62, 0x72, 0x65, 0x61, 0x6b, 0x2d, 0x61,
  0x6c, 0x6c, 0x3b, 0x0a, 0x20, 0x20, 0x66, 0x6f, 0x6e, 0x74, 0x3a, 0x20,
  0x31, 0x32, 0x70, 0x78, 0x2f, 0x31, 0x2e, 0x34, 0x35, 0x20, 0x75, 0x69,
  0x2d, 0x6d, 0x6f, 0x6e, 0x6f, 0x73, 0x70, 0x61, 0x63, 0x65, 0x2c, 0x20,
  0x4d, 0x65, 0x6e, 0x6c, 0x6f, 0x2c, 0x20, 0x43, 0x6f, 0x6e, 0x73, 0x6f,
  0x6c, 0x61, 0x73, 0x2c, 0x20, 0x6d, 0x6f, 0x6e, 0x6f, 0x73, 0x70, 0x61,
  0x63, 0x65, 0x3b, 0x20, 0x63, 0x6f, 0x6c, 0x6f, 0x72, 0x3a, 0x20, 0x23,
  0x63, 0x39, 0x66, 0x66, 0x37, 0x61, 0x3b, 0x20, 0x62, 0x61, 0x63, 0x6b,
  0x67, 0x72, 0x6f, 0x75, 0x6e, 0x64, 0x3a, 0x20, 0x23, 0x30, 0x38, 0x30,
  0x37, 0x30, 0x61, 0x3b, 0x20, 0x62, 0x6f, 0x72, 0x64, 0x65, 0x72, 0x3a,
  0x20, 0x31, 0x70, 0x78, 0x20, 0x73, 0x6f, 0x6c, 0x69, 0x64, 0x20, 0x76,
  0x61, 0x72, 0x28, 0x2d, 0x2d, 0x65, 0x64, 0x67, 0x65, 0x29, 0x3b, 0x20,
  0x70, 0x61, 0x64, 0x64, 0x69, 0x6e, 0x67, 0x3a, 0x20, 0x31, 0x32, 0x70,
  0x78, 0x3b, 0x20, 0x7d, 0x0a, 0x0a, 0x66, 0x6f, 0x6f, 0x74, 0x65, 0x72,
  0x20, 0x7b, 0x20, 0x64, 0x69, 0x73, 0x70, 0x6c, 0x61, 0x79, 0x3a, 0x20,
  0x66, 0x6c, 0x65, 0x78, 0x3b, 0x20, 0x61, 0x6c, 0x69, 0x67, 0x6e, 0x2d,
  0x69, 0x74, 0x65, 0x6d, 0x73, 0x3a, 0x20, 0x63, 0x65, 0x6e, 0x74, 0x65,
  0x72, 0x3b, 0x20, 0x6a, 0x75, 0x73, 0x74, 0x69, 0x66, 0x79, 0x2d, 0x63,
  0x6f, 0x6e, 0x74, 0x65, 0x6e, 0x74, 0x3a, 0x20, 0x73, 0x70, 0x61, 0x63,
  0x65, 0x2d, 0x62, 0x65, 0x74, 0x77, 0x65, 0x65, 0x6e, 0x3b, 0x20, 0x62,
  0x6f, 0x72, 0x64, 0x65, 0x72, 0x2d, 0x74, 0x6f, 0x70, 0x3a, 0x20, 0x32,
  0x70, 0x78, 0x20, 0x73, 0x6f, 0x6c, 0x69, 0x64, 0x20, 0x76, 0x61, 0x72,
  0x28, 0x2d, 0x2d, 0x65, 0x64, 0x67, 0x65, 0x29, 0x3b, 0x20, 0x70, 0x61,
  0x64, 0x64, 0x69, 0x6e, 0x67, 0x2d, 0x74, 0x6f, 0x70, 0x3a, 0x20, 0x31,
  0x38, 0x70, 0x78, 0x3b, 0x20, 0x7d, 0x0a, 0x66, 0x6f, 0x6f, 0x74, 0x65,
  0x72, 0x20, 0x70, 0x20, 0x7b, 0x20, 0x6d, 0x61, 0x72, 0x67, 0x69, 0x6e,
  0x3a, 0x20, 0x30, 0x20, 0x32, 0x34, 0x70, 0x78, 0x20, 0x30, 0x20, 0x30,
  0x3b, 0x20, 0x63, 0x6f, 0x6c, 0x6f, 0x72, 0x3a, 0x20, 0x76, 0x61, 0x72,
  0x28, 0x2d, 0x2d, 0x6d, 0x75, 0x74, 0x65, 0x29, 0x3b, 0x20, 0x66, 0x6f,
  0x6e, 0x74, 0x2d, 0x73, 0x69, 0x7a, 0x65, 0x3a, 0x20, 0x31, 0x33, 0x70,
  0x78, 0x3b, 0x20, 0x6d, 0x61, 0x78, 0x2d, 0x77, 0x69, 0x64, 0x74, 0x68,
  0x3a, 0x20, 0x36, 0x34, 0x30, 0x70, 0x78, 0x3b, 0x20, 0x7d, 0x0a, 0x0a,
  0x2e, 0x74, 0x6f, 0x61, 0x73, 0x74, 0x20, 0x7b, 0x20, 0x70, 0x6f, 0x73,
  0x69, 0x74, 0x69, 0x6f, 0x6e, 0x3a, 0x20, 0x66, 0x69, 0x78, 0x65, 0x64,
  0x3b, 0x20, 0x6c, 0x65, 0x66, 0x74, 0x3a, 0x20, 0x35, 0x30, 0x25, 0x3b,
  0x20, 0x62, 0x6f, 0x74, 0x74, 0x6f, 0x6d, 0x3a, 0x20, 0x33, 0x30, 0x70,
  0x78, 0x3b, 0x20, 0x74, 0x72, 0x61, 0x6e, 0x73, 0x66, 0x6f, 0x72, 0x6d,
  0x3a, 0x20, 0x74, 0x72, 0x61, 0x6e, 0x73, 0x6c, 0x61, 0x74, 0x65, 0x58,
  0x28, 0x2d, 0x35, 0x30, 0x25, 0x29, 0x20, 0x74, 0x72, 0x61, 0x6e, 0x73,
  0x6c, 0x61, 0x74, 0x65, 0x59, 0x28, 0x31, 0x34, 0x30, 0x70, 0x78, 0x29,
  0x3b, 0x20, 0x70, 0x61, 0x64, 0x64, 0x69, 0x6e, 0x67, 0x3a, 0x20, 0x31,
  0x32, 0x70, 0x78, 0x20, 0x32, 0x32, 0x70, 0x78, 0x3b, 0x0a, 0x20, 0x20,
  0x62, 0x61, 0x63, 0x6b, 0x67, 0x72, 0x6f, 0x75, 0x6e, 0x64, 0x3a, 0x20,
  0x76, 0x61, 0x72, 0x28, 0x2d, 0x2d, 0x6c, 0x69, 0x6d, 0x65, 0x29, 0x3b,
  0x20, 0x63, 0x6f, 0x6c, 0x6f, 0x72, 0x3a, 0x20, 0x76, 0x61, 0x72, 0x28,
  0x2d, 0x2d, 0x76, 0x6f, 0x69, 0x64, 0x29, 0x3b, 0x20, 0x66, 0x6f, 0x6e,
  0x74, 0x2d, 0x77, 0x65, 0x69, 0x67, 0x68, 0x74, 0x3a, 0x20, 0x38, 0x30,
  0x30, 0x3b, 0x20, 0x74, 0x72, 0x61, 0x6e, 0x73, 0x69, 0x74, 0x69, 0x6f,
  0x6e, 0x3a, 0x20, 0x74, 0x72, 0x61, 0x6e, 0x73, 0x66, 0x6f, 0x72, 0x6d,
  0x20, 0x2e, 0x32, 0x35, 0x73, 0x3b, 0x20, 0x7d, 0x0a, 0x2e, 0x74, 0x6f,
  0x61, 0x73, 0x74, 0x2e, 0x73, 0x68, 0x6f, 0x77, 0x20, 0x7b, 0x20, 0x74,
  0x72, 0x61, 0x6e, 0x73, 0x66, 0x6f, 0x72, 0x6d, 0x3a, 0x20, 0x74, 0x72,
  0x61, 0x6e, 0x73, 0x6c, 0x61, 0x74, 0x65, 0x58, 0x28, 0x2d, 0x35, 0x30,
  0x25, 0x29, 0x20, 0x74, 0x72, 0x61, 0x6e, 0x73, 0x6c, 0x61, 0x74, 0x65,
  0x59, 0x28, 0x30, 0x29, 0x3b, 0x20, 0x7d, 0x0a, 0x0a, 0x2f, 0x2a, 0x20,
  0x6c, 0x61, 0x6e, 0x67, 0x75, 0x61, 0x67, 0x65, 0x20, 0x2a, 0x2f, 0x0a,
  0x2e, 0x72, 0x69, 0x67, 0x68, 0x74, 0x20, 0x7b, 0x20, 0x64, 0x69, 0x73,
  0x70, 0x6c, 0x61, 0x79, 0x3a, 0x20, 0x66, 0x6c, 0x65, 0x78, 0x3b, 0x20,
  0x61, 0x6c, 0x69, 0x67, 0x6e, 0x2d, 0x69, 0x74, 0x65, 0x6d, 0x73, 0x3a,
  0x20, 0x63, 0x65, 0x6e, 0x74, 0x65, 0x72, 0x3b, 0x20, 0x7d, 0x0a, 0x23,
  0x6c, 0x61, 0x6e, 0x67, 0x62, 0x6f, 0x78, 0x20, 0x7b, 0x20, 0x70, 0x6f,
  0x73, 0x69, 0x74, 0x69, 0x6f, 0x6e, 0x3a, 0x20, 0x72, 0x65, 0x6c, 0x61,
  0x74, 0x69, 0x76, 0x65, 0x3b, 0x20, 0x6d, 0x61, 0x72, 0x67, 0x69, 0x6e,
  0x2d, 0x6c, 0x65, 0x66, 0x74, 0x3a, 0x20, 0x31, 0x32, 0x70, 0x78, 0x3b,
  0x20, 0x7a, 0x2d, 0x69, 0x6e, 0x64, 0x65, 0x78, 0x3a, 0x20, 0x34, 0x30,
  0x3b, 0x20, 0x7d, 0x0a, 0x23, 0x6c, 0x61, 0x6e, 0x67, 0x62, 0x74, 0x6e,
  0x20, 0x7b, 0x20, 0x64, 0x69, 0x73, 0x70, 0x6c, 0x61, 0x79, 0x3a, 0x20,
  0x66, 0x6c, 0x65, 0x78, 0x3b, 0x20, 0x61, 0x6c, 0x69, 0x67, 0x6e, 0x2d,
  0x69, 0x74, 0x65, 0x6d, 0x73, 0x3a, 0x20, 0x63, 0x65, 0x6e, 0x74, 0x65,
  0x72, 0x3b, 0x20, 0x66, 0x6f, 0x6e, 0x74, 0x3a, 0x20, 0x69, 0x6e, 0x68,
  0x65, 0x72, 0x69, 0x74, 0x3b, 0x20, 0x66, 0x6f, 0x6e, 0x74, 0x2d, 0x73,
  0x69, 0x7a, 0x65, 0x3a, 0x20, 0x31, 0x34, 0x70, 0x78, 0x3b, 0x20, 0x66,
  0x6f, 0x6e, 0x74, 0x2d, 0x77, 0x65, 0x69, 0x67, 0x68, 0x74, 0x3a, 0x20,
  0x38, 0x30, 0x30, 0x3b, 0x20, 0x63, 0x6f, 0x6c, 0x6f, 0x72, 0x3a, 0x20,
  0x76, 0x61, 0x72, 0x28, 0x2d, 0x2d, 0x69, 0x6e, 0x6b, 0x29, 0x3b, 0x20,
  0x74, 0x65, 0x78, 0x74, 0x2d, 0x74, 0x72, 0x61, 0x6e, 0x73, 0x66, 0x6f,
  0x72, 0x6d, 0x3a, 0x20, 0x75, 0x70, 0x70, 0x65, 0x72, 0x63, 0x61, 0x73,
  0x65, 0x3b, 0x20, 0x6c, 0x65, 0x74, 0x74, 0x65, 0x72, 0x2d, 0x73, 0x70,
  0x61, 0x63, 0x69, 0x6e, 0x67, 0x3a, 0x20, 0x31, 0x70, 0x78, 0x3b, 0x0a,
  0x20, 0x20, 0x70, 0x61, 0x64, 0x64, 0x69, 0x6e, 0x67, 0x3a, 0x20, 0x38,
  0x70, 0x78, 0x20, 0x31, 0x34, 0x70, 0x78, 0x3b, 0x20, 0x62, 0x61, 0x63,
  0x6b, 0x67, 0x72, 0x6f, 0x75, 0x6e, 0x64, 0x3a, 0x20, 0x76, 0x61, 0x72,
  0x28, 0x2d, 0x2d, 0x64, 0x65, 0x63, 0x6b, 0x29, 0x3b, 0x20, 0x62, 0x6f,
  0x72, 0x64, 0x65, 0x72, 0x3a, 0x20, 0x32, 0x70, 0x78, 0x20, 0x73, 0x6f,
  0x6c, 0x69, 0x64, 0x20, 0x76, 0x61, 0x72, 0x28, 0x2d, 0x2d, 0x65, 0x64,
  0x67, 0x65, 0x29, 0x3b, 0x20, 0x63, 0x75, 0x72, 0x73, 0x6f, 0x72, 0x3a,
  0x20, 0x70, 0x6f, 0x69, 0x6e, 0x74, 0x65, 0x72, 0x3b, 0x20, 0x7d, 0x0a,
  0x23, 0x6c, 0x61, 0x6e, 0x67, 0x62, 0x74, 0x6e, 0x3a, 0x68, 0x6f, 0x76,
  0x65, 0x72, 0x2c, 0x20, 0x23, 0x6c, 0x61, 0x6e, 0x67, 0x62, 0x74, 0x6e,
  0x3a, 0x66, 0x6f, 0x63, 0x75, 0x73, 0x2c, 0x20, 0x2e, 0x6c, 0x61, 0x6e,
  0x67, 0x6f, 0x70, 0x74, 0x3a, 0x68, 0x6f, 0x76, 0x65, 0x72, 0x2c, 0x20,
  0x2e, 0x6c, 0x61, 0x6e, 0x67, 0x6f, 0x70, 0x74, 0x3a, 0x66, 0x6f, 0x63,
  0x75, 0x73, 0x20, 0x7b, 0x20, 0x6f, 0x75, 0x74, 0x6c, 0x69, 0x6e, 0x65,
  0x3a, 0x20, 0x6e, 0x6f, 0x6e, 0x65, 0x3b, 0x20, 0x62, 0x6f, 0x72, 0x64,
  0x65, 0x72, 0x2d, 0x63, 0x6f, 0x6c, 0x6f, 0x72, 0x3a, 0x20, 0x76, 0x61,
  0x72, 0x28, 0x2d, 0x2d, 0x6c, 0x69, 0x6d, 0x65, 0x29, 0x3b, 0x20, 0x62,
  0x6f, 0x78, 0x2d, 0x73, 0x68, 0x61, 0x64, 0x6f, 0x77, 0x3a, 0x20, 0x76,
  0x61, 0x72, 0x28, 0x2d, 0x2d, 0x67, 0x6c, 0x6f, 0x77, 0x29, 0x3b, 0x20,
  0x7d, 0x0a, 0x2e, 0x66, 0x6c, 0x61, 0x67, 0x20, 0x7b, 0x20, 0x64, 0x69,
  0x73, 0x70, 0x6c, 0x61, 0x79, 0x3a, 0x20, 0x69, 0x6e, 0x6c, 0x69, 0x6e,
  0x65, 0x2d, 0x62, 0x6c, 0x6f, 0x63, 0x6b, 0x3b, 0x20, 0x77, 0x69, 0x64,
  0x74, 0x68, 0x3a, 0x20, 0x32, 0x36, 0x70, 0x78, 0x3b, 0x20, 0x68, 0x65,
  0x69, 0x67, 0x68, 0x74, 0x3a, 0x20, 0x31, 0x38, 0x70, 0x78, 0x3b, 0x20,
  0x66, 0x6c, 0x65, 0x78, 0x3a, 0x20, 0x30, 0x20, 0x30, 0x20, 0x32, 0x36,
  0x70, 0x78, 0x3b, 0x20, 0x6f, 0x76, 0x65, 0x72, 0x66, 0x6c, 0x6f, 0x77,
  0x3a, 0x20, 0x68, 0x69, 0x64, 0x64, 0x65, 0x6e, 0x3b, 0x20, 0x6d, 0x61,
  0x72, 0x67, 0x69, 0x6e, 0x2d, 0x72, 0x69, 0x67, 0x68, 0x74, 0x3a, 0x20,
  0x31, 0x30, 0x70, 0x78, 0x3b, 0x20, 0x62, 0x6f, 0x78, 0x2d, 0x73, 0x68,
  0x61, 0x64, 0x6f, 0x77, 0x3a, 0x20, 0x30, 0x20, 0x30, 0x20, 0x30, 0x20,
  0x31, 0x70, 0x78, 0x20, 0x72, 0x67, 0x62, 0x61, 0x28, 0x32, 0x35, 0x35,
  0x2c, 0x32, 0x35, 0x35, 0x2c, 0x32, 0x35, 0x35, 0x2c, 0x2e, 0x33, 0x29,
  0x3b, 0x20, 0x7d, 0x0a, 0x2e, 0x66, 0x6c, 0x61, 0x67, 0x20, 0x73, 0x76,
  0x67, 0x20, 0x7b, 0x20, 0x64, 0x69, 0x73, 0x70, 0x6c, 0x61, 0x79, 0x3a,
  0x20, 0x62, 0x6c, 0x6f, 0x63, 0x6b, 0x3b, 0x20, 0x77, 0x69, 0x64, 0x74,
  0x68, 0x3a, 0x20, 0x31, 0x30, 0x30, 0x25, 0x3b, 0x20, 0x68, 0x65, 0x69,
  0x67, 0x68, 0x74, 0x3a, 0x20, 0x31, 0x30, 0x30, 0x25, 0x3b, 0x20, 0x7d,
  0x0a, 0x23, 0x6c, 0x61, 0x6e, 0x67, 0x6c, 0x69, 0x73, 0x74, 0x20, 0x7b,
  0x20, 0x64, 0x69, 0x73, 0x70, 0x6c, 0x61, 0x79, 0x3a, 0x20, 0x6e, 0x6f,
  0x6e, 0x65, 0x3b, 0x20, 0x70, 0x6f, 0x73, 0x69, 0x74, 0x69, 0x6f, 0x6e,
  0x3a, 0x20, 0x61, 0x62, 0x73, 0x6f, 0x6c, 0x75, 0x74, 0x65, 0x3b, 0x20,
  0x72, 0x69, 0x67, 0x68, 0x74, 0x3a, 0x20, 0x30, 0x3b, 0x20, 0x74, 0x6f,
  0x70, 0x3a, 0x20, 0x63, 0x61, 0x6c, 0x63, 0x28, 0x31, 0x30, 0x30, 0x25,
  0x20, 0x2b, 0x20, 0x38, 0x70, 0x78, 0x29, 0x3b, 0x20, 0x7a, 0x2d, 0x69,
  0x6e, 0x64, 0x65, 0x78, 0x3a, 0x20, 0x36, 0x30, 0x3b, 0x20, 0x77, 0x69,
  0x64, 0x74, 0x68, 0x3a, 0x20, 0x34, 0x32, 0x30, 0x70, 0x78, 0x3b, 0x0a,
  0x20, 0x20, 0x6d, 0x61, 0x78, 0x2d, 0x77, 0x69, 0x64, 0x74, 0x68, 0x3a,
  0x20, 0x63, 0x61, 0x6c, 0x63, 0x28, 0x31, 0x30, 0x30, 0x76, 0x77, 0x20,
  0x2d, 0x20, 0x34, 0x30, 0x70, 0x78, 0x29, 0x3b, 0x20, 0x67, 0x72, 0x69,
  0x64, 0x2d, 0x74, 0x65, 0x6d, 0x70, 0x6c, 0x61, 0x74, 0x65, 0x2d, 0x63,
  0x6f, 0x6c, 0x75, 0x6d, 0x6e, 0x73, 0x3a, 0x20, 0x31, 0x66, 0x72, 0x20,
  0x31, 0x66, 0x72, 0x3b, 0x20, 0x67, 0x72, 0x69, 0x64, 0x2d, 0x67, 0x61,
  0x70, 0x3a, 0x20, 0x36, 0x70, 0x78, 0x3b, 0x20, 0x70, 0x61, 0x64, 0x64,
  0x69, 0x6e, 0x67, 0x3a, 0x20, 0x31, 0x30, 0x70, 0x78, 0x3b, 0x0a, 0x20,
  0x20, 0x62, 0x61, 0x63, 0x6b, 0x67, 0x72, 0x6f, 0x75, 0x6e, 0x64, 0x3a,
  0x20, 0x76, 0x61, 0x72, 0x28, 0x2d, 0x2d, 0x64, 0x65, 0x63, 0x6b, 0x29,
  0x3b, 0x20, 0x62, 0x6f, 0x72, 0x64, 0x65, 0x72, 0x3a, 0x20, 0x32, 0x70,
  0x78, 0x20, 0x73, 0x6f, 0x6c, 0x69, 0x64, 0x20, 0x76, 0x61, 0x72, 0x28,
  0x2d, 0x2d, 0x6c, 0x69, 0x6d, 0x65, 0x29, 0x3b, 0x20, 0x62, 0x6f, 0x78,
  0x2d, 0x73, 0x68, 0x61, 0x64, 0x6f, 0x77, 0x3a, 0x20, 0x30, 0x20, 0x31,
  0x38, 0x70, 0x78, 0x20, 0x34, 0x30, 0x70, 0x78, 0x20, 0x72, 0x67, 0x62,
  0x61, 0x28, 0x30, 0x2c, 0x30, 0x2c, 0x30, 0x2c, 0x2e, 0x37, 0x29, 0x3b,
  0x20, 0x7d, 0x0a, 0x23, 0x6c, 0x61, 0x6e, 0x67, 0x6c, 0x69, 0x73, 0x74,
  0x2e, 0x73, 0x68, 0x6f, 0x77, 0x20, 0x7b, 0x20, 0x64, 0x69, 0x73, 0x70,
  0x6c, 0x61, 0x79, 0x3a, 0x20, 0x67, 0x72, 0x69, 0x64, 0x3b, 0x20, 0x7d,
  0x0a, 0x2e, 0x6c, 0x61, 0x6e, 0x67, 0x6f, 0x70, 0x74, 0x20, 0x7b, 0x20,
  0x64, 0x69, 0x73, 0x70, 0x6c, 0x61, 0x79, 0x3a, 0x20, 0x66, 0x6c, 0x65,
  0x78, 0x3b, 0x20, 0x61, 0x6c, 0x69, 0x67, 0x6e, 0x2d, 0x69, 0x74, 0x65,
  0x6d, 0x73, 0x3a, 0x20, 0x63, 0x65, 0x6e, 0x74, 0x65, 0x72, 0x3b, 0x20,
  0x77, 0x69, 0x64, 0x74, 0x68, 0x3a, 0x20, 0x31, 0x30, 0x30, 0x25, 0x3b,
  0x20, 0x66, 0x6f, 0x6e, 0x74, 0x3a, 0x20, 0x69, 0x6e, 0x68, 0x65, 0x72,
  0x69, 0x74, 0x3b, 0x20, 0x66, 0x6f, 0x6e, 0x74, 0x2d, 0x73, 0x69, 0x7a,
  0x65, 0x3a, 0x20, 0x31, 0x35, 0x70, 0x78, 0x3b, 0x20, 0x66, 0x6f, 0x6e,
  0x74, 0x2d, 0x77, 0x65, 0x69, 0x67, 0x68, 0x74, 0x3a, 0x20, 0x37, 0x30,
  0x30, 0x3b, 0x20, 0x63, 0x6f, 0x6c, 0x6f, 0x72, 0x3a, 0x20, 0x76, 0x61,
  0x72, 0x28, 0x2d, 0x2d, 0x69, 0x6e, 0x6b, 0x29, 0x3b, 0x0a, 0x20, 0x20,
  0x70, 0x61, 0x64, 0x64, 0x69, 0x6e, 0x67, 0x3a, 0x20, 0x39, 0x70, 0x78,
  0x20, 0x31, 0x30, 0x70, 0x78, 0x3b, 0x20, 0x62, 0x6f, 0x72, 0x64, 0x65,
  0x72, 0x3a, 0x20, 0x32, 0x70, 0x78, 0x20, 0x73, 0x6f, 0x6c, 0x69, 0x64,
  0x20, 0x76, 0x61, 0x72, 0x28, 0x2d, 0x2d, 0x65, 0x64, 0x67, 0x65, 0x29,
  0x3b, 0x20, 0x62, 0x61, 0x63, 0x6b, 0x67, 0x72, 0x6f, 0x75, 0x6e, 0x64,
  0x3a, 0x20, 0x76, 0x61, 0x72, 0x28, 0x2d, 0x2d, 0x76, 0x6f, 0x69, 0x64,
  0x29, 0x3b, 0x20, 0x63, 0x75, 0x72, 0x73, 0x6f, 0x72, 0x3a, 0x20, 0x70,
  0x6f, 0x69, 0x6e, 0x74, 0x65, 0x72, 0x3b, 0x20, 0x74, 0x65, 0x78, 0x74,
  0x2d, 0x61, 0x6c, 0x69, 0x67, 0x6e, 0x3a, 0x20, 0x6c, 0x65, 0x66, 0x74,
  0x3b, 0x20, 0x7d, 0x0a, 0x2e, 0x6c, 0x61, 0x6e, 0x67, 0x6f, 0x70, 0x74,
  0x5b, 0x64, 0x61, 0x74, 0x61, 0x2d, 0x73, 0x74, 0x61, 0x74, 0x65, 0x3d,
  0x22, 0x6f, 0x6e, 0x22, 0x5d, 0x20, 0x7b, 0x20, 0x63, 0x6f, 0x6c, 0x6f,
  0x72, 0x3a, 0x20, 0x76, 0x61, 0x72, 0x28, 0x2d, 0x2d, 0x76, 0x6f, 0x69,
  0x64, 0x29, 0x3b, 0x20, 0x62, 0x6f, 0x72, 0x64, 0x65, 0x72, 0x2d, 0x63,
  0x6f, 0x6c, 0x6f, 0x72, 0x3a, 0x20, 0x74, 0x72, 0x61, 0x6e, 0x73, 0x70,
  0x61, 0x72, 0x65, 0x6e, 0x74, 0x3b, 0x20, 0x62, 0x61, 0x63, 0x6b, 0x67,
  0x72, 0x6f, 0x75, 0x6e, 0x64, 0x3a, 0x20, 0x76, 0x61, 0x72, 0x28, 0x2d,
  0x2d, 0x6c, 0x69, 0x6d, 0x65, 0x29, 0x3b, 0x20, 0x7d, 0x0a, 0x0a, 0x2f,
  0x2a, 0x20, 0x41, 0x72, 0x61, 0x62, 0x69, 0x63, 0x20, 0x2f, 0x20, 0x48,
  0x65, 0x62, 0x72, 0x65, 0x77, 0x20, 0x2a, 0x2f, 0x0a, 0x5b, 0x64, 0x69,
  0x72, 0x3d, 0x22, 0x72, 0x74, 0x6c, 0x22, 0x5d, 0x20, 0x2e, 0x6d, 0x61,
  0x72, 0x6b, 0x20, 0x7b, 0x20, 0x6d, 0x61, 0x72, 0x67, 0x69, 0x6e, 0x3a,
  0x20, 0x30, 0x20, 0x30, 0x20, 0x30, 0x20, 0x31, 0x34, 0x70, 0x78, 0x3b,
  0x20, 0x7d, 0x0a, 0x5b, 0x64, 0x69, 0x72, 0x3d, 0x22, 0x72, 0x74, 0x6c,
  0x22, 0x5d, 0x20, 0x2e, 0x6c, 0x69, 0x76, 0x65, 0x20, 0x69, 0x2c, 0x20,
  0x5b, 0x64, 0x69, 0x72, 0x3d, 0x22, 0x72, 0x74, 0x6c, 0x22, 0x5d, 0x20,
  0x2e, 0x66, 0x6c, 0x61, 0x67, 0x20, 0x7b, 0x20, 0x6d, 0x61, 0x72, 0x67,
  0x69, 0x6e, 0x3a, 0x20, 0x30, 0x20, 0x30, 0x20, 0x30, 0x20, 0x31, 0x30,
  0x70, 0x78, 0x3b, 0x20, 0x7d, 0x0a, 0x5b, 0x64, 0x69, 0x72, 0x3d, 0x22,
  0x72, 0x74, 0x6c, 0x22, 0x5d, 0x20, 0x23, 0x6c, 0x61, 0x6e, 0x67, 0x62,
  0x6f, 0x78, 0x20, 0x7b, 0x20, 0x6d, 0x61, 0x72, 0x67, 0x69, 0x6e, 0x3a,
  0x20, 0x30, 0x20, 0x31, 0x32, 0x70, 0x78, 0x20, 0x30, 0x20, 0x30, 0x3b,
  0x20, 0x7d, 0x0a, 0x5b, 0x64, 0x69, 0x72, 0x3d, 0x22, 0x72, 0x74, 0x6c,
  0x22, 0x5d, 0x20, 0x23, 0x6c, 0x61, 0x6e, 0x67, 0x6c, 0x69, 0x73, 0x74,
  0x20, 0x7b, 0x20, 0x72, 0x69, 0x67, 0x68, 0x74, 0x3a, 0x20, 0x61, 0x75,
  0x74, 0x6f, 0x3b, 0x20, 0x6c, 0x65, 0x66, 0x74, 0x3a, 0x20, 0x30, 0x3b,
  0x20, 0x7d, 0x0a, 0x5b, 0x64, 0x69, 0x72, 0x3d, 0x22, 0x72, 0x74, 0x6c,
  0x22, 0x5d, 0x20, 0x2e, 0x6c, 0x61, 0x6e, 0x67, 0x6f, 0x70, 0x74, 0x20,
  0x7b, 0x20, 0x74, 0x65, 0x78, 0x74, 0x2d, 0x61, 0x6c, 0x69, 0x67, 0x6e,
  0x3a, 0x20, 0x72, 0x69, 0x67, 0x68, 0x74, 0x3b, 0x20, 0x7d, 0x0a, 0x5b,
  0x64, 0x69, 0x72, 0x3d, 0x22, 0x72, 0x74, 0x6c, 0x22, 0x5d, 0x20, 0x2e,
  0x72, 0x69, 0x6e, 0x67, 0x20, 0x62, 0x20, 0x7b, 0x20, 0x6c, 0x65, 0x66,
  0x74, 0x3a, 0x20, 0x61, 0x75, 0x74, 0x6f, 0x3b, 0x20, 0x72, 0x69, 0x67,
  0x68, 0x74, 0x3a, 0x20, 0x30, 0x3b, 0x20, 0x7d, 0x0a, 0x5b, 0x64, 0x69,
  0x72, 0x3d, 0x22, 0x72, 0x74, 0x6c, 0x22, 0x5d, 0x20, 0x2e, 0x64, 0x6f,
  0x74, 0x20, 0x7b, 0x20, 0x6d, 0x61, 0x72, 0x67, 0x69, 0x6e, 0x3a, 0x20,
  0x30, 0x20, 0x30, 0x20, 0x30, 0x20, 0x31, 0x34, 0x70, 0x78, 0x3b, 0x20,
  0x7d, 0x0a, 0x5b, 0x64, 0x69, 0x72, 0x3d, 0x22, 0x72, 0x74, 0x6c, 0x22,
  0x5d, 0x20, 0x2e, 0x74, 0x61, 0x67, 0x20, 0x7b, 0x20, 0x6d, 0x61, 0x72,
  0x67, 0x69, 0x6e, 0x3a, 0x20, 0x30, 0x20, 0x30, 0x20, 0x30, 0x20, 0x31,
  0x32, 0x70, 0x78, 0x3b, 0x20, 0x7d, 0x0a, 0x5b, 0x64, 0x69, 0x72, 0x3d,
  0x22, 0x72, 0x74, 0x6c, 0x22, 0x5d, 0x20, 0x2e, 0x63, 0x65, 0x6c, 0x6c,
  0x20, 0x7b, 0x20, 0x6d, 0x61, 0x72, 0x67, 0x69, 0x6e, 0x3a, 0x20, 0x30,
  0x20, 0x30, 0x20, 0x30, 0x20, 0x31, 0x30, 0x70, 0x78, 0x3b, 0x20, 0x7d,
  0x0a, 0x5b, 0x64, 0x69, 0x72, 0x3d, 0x22, 0x72, 0x74, 0x6c, 0x22, 0x5d,
  0x20, 0x2e, 0x70, 0x61, 0x6e, 0x65, 0x6c, 0x20, 0x7b, 0x20, 0x62, 0x6f,
  0x72, 0x64, 0x65, 0x72, 0x2d, 0x6c, 0x65, 0x66, 0x74, 0x3a, 0x20, 0x32,
  0x70, 0x78, 0x20, 0x73, 0x6f, 0x6c, 0x69, 0x64, 0x20, 0x76, 0x61, 0x72,
  0x28, 0x2d, 0x2d, 0x65, 0x64, 0x67, 0x65, 0x29, 0x3b, 0x20, 0x62, 0x6f,
  0x72, 0x64, 0x65, 0x72, 0x2d, 0x72, 0x69, 0x67, 0x68, 0x74, 0x3a, 0x20,
  0x34, 0x70, 0x78, 0x20, 0x73, 0x6f, 0x6c, 0x69, 0x64, 0x20, 0x76, 0x61,
  0x72, 0x28, 0x2d, 0x2d, 0x65, 0x6d, 0x62, 0x65, 0x72, 0x29, 0x3b, 0x20,
  0x7d, 0x0a, 0x5b, 0x64, 0x69, 0x72, 0x3d, 0x22, 0x72, 0x74, 0x6c, 0x22,
  0x5d, 0x20, 0x2e, 0x68, 0x65, 0x61, 0x64, 0x20, 0x68, 0x32, 0x3a, 0x62,
  0x65, 0x66, 0x6f, 0x72, 0x65, 0x20, 0x7b, 0x20, 0x6d, 0x61, 0x72, 0x67,
  0x69, 0x6e, 0x3a, 0x20, 0x30, 0x20, 0x30, 0x20, 0x32, 0x70, 0x78, 0x20,
  0x31, 0x30, 0x70, 0x78, 0x3b, 0x20, 0x7d, 0x0a, 0x5b, 0x64, 0x69, 0x72,
  0x3d, 0x22, 0x72, 0x74, 0x6c, 0x22, 0x5d, 0x20, 0x2e, 0x76, 0x65, 0x72,
  0x20, 0x7b, 0x20, 0x6d, 0x61, 0x72, 0x67, 0x69, 0x6e, 0x3a, 0x20, 0x30,
  0x20, 0x30, 0x20, 0x30, 0x20, 0x38, 0x70, 0x78, 0x3b, 0x20, 0x7d, 0x0a,
  0x5b, 0x64, 0x69, 0x72, 0x3d, 0x22, 0x72, 0x74, 0x6c, 0x22, 0x5d, 0x20,
  0x66, 0x6f, 0x6f, 0x74, 0x65, 0x72, 0x20, 0x70, 0x20, 0x7b, 0x20, 0x6d,
  0x61, 0x72, 0x67, 0x69, 0x6e, 0x3a, 0x20, 0x30, 0x20, 0x30, 0x20, 0x30,
  0x20, 0x32, 0x34, 0x70, 0x78, 0x3b, 0x20, 0x7d, 0x0a, 0x2e, 0x73, 0x75,
  0x62, 0x20, 0x7b, 0x20, 0x64, 0x69, 0x72, 0x65, 0x63, 0x74, 0x69, 0x6f,
  0x6e, 0x3a, 0x20, 0x6c, 0x74, 0x72, 0x3b, 0x20, 0x7d, 0x0a, 0x5b, 0x64,
  0x69, 0x72, 0x3d, 0x22, 0x72, 0x74, 0x6c, 0x22, 0x5d, 0x20, 0x2e, 0x73,
  0x75, 0x62, 0x2c, 0x20, 0x5b, 0x64, 0x69, 0x72, 0x3d, 0x22, 0x72, 0x74,
  0x6c, 0x22, 0x5d, 0x20, 0x2e, 0x62, 0x79, 0x20, 0x7b, 0x20, 0x74, 0x65,
  0x78, 0x74, 0x2d, 0x61, 0x6c, 0x69, 0x67, 0x6e, 0x3a, 0x20, 0x72, 0x69,
  0x67, 0x68, 0x74, 0x3b, 0x20, 0x7d, 0x0a, 0x0a, 0x40, 0x6d, 0x65, 0x64,
  0x69, 0x61, 0x20, 0x28, 0x6d, 0x61, 0x78, 0x2d, 0x77, 0x69, 0x64, 0x74,
  0x68, 0x3a, 0x20, 0x39, 0x30, 0x30, 0x70, 0x78, 0x29, 0x20, 0x7b, 0x0a,
  0x20, 0x20, 0x2e, 0x67, 0x72, 0x69, 0x64, 0x20, 0x7b, 0x20, 0x67, 0x72,
  0x69, 0x64, 0x2d, 0x74, 0x65, 0x6d, 0x70, 0x6c, 0x61, 0x74, 0x65, 0x2d,
  0x63, 0x6f, 0x6c, 0x75, 0x6d, 0x6e, 0x73, 0x3a, 0x20, 0x31, 0x66, 0x72,
  0x3b, 0x20, 0x7d, 0x0a, 0x20, 0x20, 0x66, 0x6f, 0x6f, 0x74, 0x65, 0x72,
  0x20, 0x7b, 0x20, 0x66, 0x6c, 0x65, 0x78, 0x2d, 0x64, 0x69, 0x72, 0x65,
  0x63, 0x74, 0x69, 0x6f, 0x6e, 0x3a, 0x20, 0x63, 0x6f, 0x6c, 0x75, 0x6d,
  0x6e, 0x3b, 0x20, 0x61, 0x6c, 0x69, 0x67, 0x6e, 0x2d, 0x69, 0x74, 0x65,
  0x6d, 0x73, 0x3a, 0x20, 0x66, 0x6c, 0x65, 0x78, 0x2d, 0x73, 0x74, 0x61,
  0x72, 0x74, 0x3b, 0x20, 0x7d, 0x0a, 0x20, 0x20, 0x66, 0x6f, 0x6f, 0x74,
  0x65, 0x72, 0x20, 0x70, 0x20, 0x7b, 0x20, 0x6d, 0x61, 0x72, 0x67, 0x69,
  0x6e, 0x3a, 0x20, 0x30, 0x20, 0x30, 0x20, 0x31, 0x34, 0x70, 0x78, 0x3b,
  0x20, 0x7d, 0x0a, 0x7d, 0x0a, 0x3c, 0x2f, 0x73, 0x74, 0x79, 0x6c, 0x65,
  0x3e, 0x0a, 0x3c, 0x2f, 0x68, 0x65, 0x61, 0x64, 0x3e, 0x0a, 0x3c, 0x62,
  0x6f, 0x64, 0x79, 0x3e, 0x0a, 0x3c, 0x64, 0x69, 0x76, 0x20, 0x63, 0x6c,
  0x61, 0x73, 0x73, 0x3d, 0x22, 0x77, 0x72, 0x61, 0x70, 0x22, 0x3e, 0x0a,
  0x20, 0x20, 0x3c, 0x68, 0x65, 0x61, 0x64, 0x65, 0x72, 0x20, 0x63, 0x6c,
  0x61, 0x73, 0x73, 0x3d, 0x22, 0x62, 0x61, 0x72, 0x22, 0x3e, 0x0a, 0x20,
  0x20, 0x20, 0x20, 0x3c, 0x64, 0x69, 0x76, 0x20, 0x63, 0x6c, 0x61, 0x73,
  0x73, 0x3d, 0x22, 0x62, 0x72, 0x61, 0x6e, 0x64, 0x22, 0x3e, 0x0a, 0x20,
  0x20, 0x20, 0x20, 0x20, 0x20, 0x3c, 0x73, 0x76, 0x67, 0x20, 0x63, 0x6c,
  0x61, 0x73, 0x73, 0x3d, 0x22, 0x6d, 0x61, 0x72, 0x6b, 0x22, 0x20, 0x76,
  0x69, 0x65, 0x77, 0x42, 0x6f, 0x78, 0x3d, 0x22, 0x30, 0x20, 0x30, 0x20,
  0x34, 0x38, 0x20, 0x34, 0x38, 0x22, 0x20, 0x61, 0x72, 0x69, 0x61, 0x2d,
  0x68, 0x69, 0x64, 0x64, 0x65, 0x6e, 0x3d, 0x22, 0x74, 0x72, 0x75, 0x65,
  0x22, 0x3e, 0x0a, 0x20, 0x20, 0x20, 0x20, 0x20, 0x20, 0x20, 0x20, 0x3c,
  0x70, 0x61, 0x74, 0x68, 0x20, 0x64, 0x3d, 0x22, 0x4d, 0x32, 0x34, 0x20,
  0x32, 0x20, 0x4c, 0x34, 0x36, 0x20, 0x32, 0x34, 0x20, 0x4c, 0x32, 0x34,
  0x20, 0x34, 0x36, 0x20, 0x4c, 0x32, 0x20, 0x32, 0x34, 0x20, 0x5a, 0x22,
  0x20, 0x66, 0x69, 0x6c, 0x6c, 0x3d, 0x22, 0x23, 0x31, 0x35, 0x31, 0x33,
  0x31, 0x61, 0x22, 0x20, 0x73, 0x74, 0x72, 0x6f, 0x6b, 0x65, 0x3d, 0x22,
  0x23, 0x63, 0x38, 0x66, 0x66, 0x33, 0x64, 0x22, 0x20, 0x73, 0x74, 0x72,
  0x6f, 0x6b, 0x65, 0x2d, 0x77, 0x69, 0x64, 0x74, 0x68, 0x3d, 0x22, 0x32,
  0x2e, 0x35, 0x22, 0x2f, 0x3e, 0x0a, 0x20, 0x20, 0x20, 0x20, 0x20, 0x20,
  0x20, 0x20, 0x3c, 0x70, 0x61, 0x74, 0x68, 0x20, 0x64, 0x3d, 0x22, 0x4d,
  0x31, 0x31, 0x20, 0x32, 0x38, 0x20, 0x51, 0x32, 0x34, 0x20, 0x31, 0x32,
  0x20, 0x33, 0x37, 0x20, 0x32, 0x38, 0x22, 0x20, 0x66, 0x69, 0x6c, 0x6c,
  0x3d, 0x22, 0x6e, 0x6f, 0x6e, 0x65, 0x22, 0x20, 0x73, 0x74, 0x72, 0x6f,
  0x6b, 0x65, 0x3d, 0x22, 0x23, 0x66, 0x66, 0x36, 0x61, 0x32, 0x62, 0x22,
  0x20, 0x73, 0x74, 0x72, 0x6f, 0x6b, 0x65, 0x2d, 0x77, 0x69, 0x64, 0x74,
  0x68, 0x3d, 0x22, 0x33, 0x2e, 0x35, 0x22, 0x20, 0x73, 0x74, 0x72, 0x6f,
  0x6b, 0x65, 0x2d, 0x6c, 0x69, 0x6e, 0x65, 0x63, 0x61, 0x70, 0x3d, 0x22,
  0x73, 0x71, 0x75, 0x61, 0x72, 0x65, 0x22, 0x2f, 0x3e, 0x0a, 0x20, 0x20,
  0x20, 0x20, 0x20, 0x20, 0x20, 0x20, 0x3c, 0x70, 0x61, 0x74, 0x68, 0x20,
  0x64, 0x3d, 0x22, 0x4d, 0x31, 0x31, 0x20, 0x32, 0x38, 0x20, 0x56, 0x33,
  0x33, 0x20, 0x4d, 0x33, 0x37, 0x20, 0x32, 0x38, 0x20, 0x56, 0x33, 0x33,
  0x20, 0x4d, 0x31, 0x37, 0x20, 0x32, 0x32, 0x2e, 0x35, 0x20, 0x56, 0x33,
  0x33, 0x20, 0x4d, 0x33, 0x31, 0x20, 0x32, 0x32, 0x2e, 0x35, 0x20, 0x56,
  0x33, 0x33, 0x20, 0x4d, 0x32, 0x34, 0x20, 0x32, 0x30, 0x20, 0x56, 0x33,
  0x33, 0x22, 0x20, 0x73, 0x74, 0x72, 0x6f, 0x6b, 0x65, 0x3d, 0x22, 0x23,
  0x63, 0x38, 0x66, 0x66, 0x33, 0x64, 0x22, 0x20, 0x73, 0x74, 0x72, 0x6f,
  0x6b, 0x65, 0x2d, 0x77, 0x69, 0x64, 0x74, 0x68, 0x3d, 0x22, 0x32, 0x22,
  0x2f, 0x3e, 0x0a, 0x20, 0x20, 0x20, 0x20, 0x20, 0x20, 0x3c, 0x2f, 0x73,
  0x76, 0x67, 0x3e, 0x0a, 0x20, 0x20, 0x20, 0x20, 0x20, 0x20, 0x3c, 0x64,
  0x69, 0x76, 0x3e, 0x3c, 0x68, 0x31, 0x3e, 0x3c, 0x62, 0x3e, 0x50, 0x61,
  0x64, 0x3c, 0x2f, 0x62, 0x3e, 0x42, 0x72, 0x69, 0x64, 0x67, 0x65, 0x20,
  0x50, 0x53, 0x35, 0x3c, 0x2f, 0x68, 0x31, 0x3e, 0x3c, 0x73, 0x70, 0x61,
  0x6e, 0x20, 0x63, 0x6c, 0x61, 0x73, 0x73, 0x3d, 0x22, 0x76, 0x65, 0x72,
  0x22, 0x20, 0x69, 0x64, 0x3d, 0x22, 0x76, 0x65, 0x72, 0x22, 0x3e, 0x26,
  0x6e, 0x62, 0x73, 0x70, 0x3b, 0x3c, 0x2f, 0x73, 0x70, 0x61, 0x6e, 0x3e,
  0x3c, 0x73, 0x70, 0x61, 0x6e, 0x20, 0x63, 0x6c, 0x61, 0x73, 0x73, 0x3d,
  0x22, 0x62, 0x79, 0x22, 0x3e, 0x44, 0x65, 0x76, 0x65, 0x6c, 0x6f, 0x70,
  0x65, 0x64, 0x20, 0x62, 0x79, 0x20, 0x3c, 0x61, 0x20, 0x68, 0x72, 0x65,
  0x66, 0x3d, 0x22, 0x68, 0x74, 0x74, 0x70, 0x73, 0x3a, 0x2f, 0x2f, 0x67,
  0x69, 0x74, 0x68, 0x75, 0x62, 0x2e, 0x63, 0x6f, 0x6d, 0x2f, 0x58, 0x2d,
  0x46, 0x31, 0x52, 0x45, 0x42, 0x41, 0x4c, 0x4c, 0x2d, 0x58, 0x22, 0x20,
  0x74, 0x61, 0x72, 0x67, 0x65, 0x74, 0x3d, 0x22, 0x5f, 0x62, 0x6c, 0x61,
  0x6e, 0x6b, 0x22, 0x20, 0x72, 0x65, 0x6c, 0x3d, 0x22, 0x6e, 0x6f, 0x6f,
  0x70, 0x65, 0x6e, 0x65, 0x72, 0x22, 0x3e, 0x58, 0x2d, 0x46, 0x31, 0x52,
  0x45, 0x42, 0x41, 0x4c, 0x4c, 0x2d, 0x58, 0x3c, 0x2f, 0x61, 0x3e, 0x3c,
  0x2f, 0x73, 0x70, 0x61, 0x6e, 0x3e, 0x3c, 0x2f, 0x64, 0x69, 0x76, 0x3e,
  0x0a, 0x20, 0x20, 0x20, 0x20, 0x3c, 0x2f, 0x64, 0x69, 0x76, 0x3e, 0x0a,
  0x20, 0x20, 0x20, 0x20, 0x3c, 0x64, 0x69, 0x76, 0x20, 0x63, 0x6c, 0x61,
  0x73, 0x73, 0x3d, 0x22, 0x72, 0x69, 0x67, 0x68, 0x74, 0x22, 0x3e, 0x0a,
  0x20, 0x20, 0x20, 0x20, 0x20, 0x20, 0x3c, 0x64, 0x69, 0x76, 0x20, 0x63,
  0x6c, 0x61, 0x73, 0x73, 0x3d, 0x22, 0x6c, 0x69, 0x76, 0x65, 0x20, 0x77,
  0x61, 0x69, 0x74, 0x22, 0x20, 0x69, 0x64, 0x3d, 0x22, 0x6c, 0x69, 0x76,
  0x65, 0x22, 0x3e, 0x3c, 0x69, 0x3e, 0x3c, 0x2f, 0x69, 0x3e, 0x3c, 0x73,
  0x70, 0x61, 0x6e, 0x20, 0x69, 0x64, 0x3d, 0x22, 0x6c, 0x69, 0x76, 0x65,
  0x54, 0x65, 0x78, 0x74, 0x22, 0x20, 0x64, 0x61, 0x74, 0x61, 0x2d, 0x69,
  0x31, 0x38, 0x6e, 0x3d, 0x22, 0x63, 0x6f, 0x6e, 0x6e, 0x65, 0x63, 0x74,
  0x69, 0x6e, 0x67, 0x22, 0x3e, 0x43, 0x6f, 0x6e, 0x6e, 0x65, 0x63, 0x74,
  0x69, 0x6e, 0x67, 0xe2, 0x80, 0xa6, 0x3c, 0x2f, 0x73, 0x70, 0x61, 0x6e,
  0x3e, 0x3c, 0x2f, 0x64, 0x69, 0x76, 0x3e, 0x0a, 0x20, 0x20, 0x20, 0x20,
  0x20, 0x20, 0x3c, 0x64, 0x69, 0x76, 0x20, 0x69, 0x64, 0x3d, 0x22, 0x6c,
  0x61, 0x6e, 0x67, 0x62, 0x6f, 0x78, 0x22, 0x3e, 0x0a, 0x20, 0x20, 0x20,
  0x20, 0x20, 0x20, 0x20, 0x20, 0x3c, 0x62, 0x75, 0x74, 0x74, 0x6f, 0x6e,
  0x20, 0x74, 0x79, 0x70, 0x65, 0x3d, 0x22, 0x62, 0x75, 0x74, 0x74, 0x6f,
  0x6e, 0x22, 0x20, 0x63, 0x6c, 0x61, 0x73, 0x73, 0x3d, 0x22, 0x6c, 0x61,
  0x6e, 0x67, 0x62, 0x74, 0x6e, 0x22, 0x20, 0x69, 0x64, 0x3d, 0x22, 0x6c,
  0x61, 0x6e, 0x67, 0x62, 0x74, 0x6e, 0x22, 0x20, 0x61, 0x72, 0x69, 0x61,
  0x2d, 0x68, 0x61, 0x73, 0x70, 0x6f, 0x70, 0x75, 0x70, 0x3d, 0x22, 0x74,
  0x72, 0x75, 0x65, 0x22, 0x3e, 0x3c, 0x73, 0x70, 0x61, 0x6e, 0x20, 0x63,
  0x6c, 0x61, 0x73, 0x73, 0x3d, 0x22, 0x66, 0x6c, 0x61, 0x67, 0x22, 0x20,
  0x69, 0x64, 0x3d, 0x22, 0x6c, 0x61, 0x6e, 0x67, 0x66, 0x6c, 0x61, 0x67,
  0x22, 0x3e, 0x3c, 0x2f, 0x73, 0x70, 0x61, 0x6e, 0x3e, 0x3c, 0x73, 0x70,
  0x61, 0x6e, 0x20, 0x64, 0x61, 0x74, 0x61, 0x2d, 0x69, 0x31, 0x38, 0x6e,
  0x3d, 0x22, 0x6c, 0x61, 0x6e, 0x67, 0x75, 0x61, 0x67, 0x65, 0x22, 0x3e,
  0x4c, 0x61, 0x6e, 0x67, 0x75, 0x61, 0x67, 0x65, 0x3c, 0x2f, 0x73, 0x70,
  0x61, 0x6e, 0x3e, 0x3c, 0x2f, 0x62, 0x75, 0x74, 0x74, 0x6f, 0x6e, 0x3e,
  0x0a, 0x20, 0x20, 0x20, 0x20, 0x20, 0x20, 0x20, 0x20, 0x3c, 0x64, 0x69,
  0x76, 0x20, 0x69, 0x64, 0x3d, 0x22, 0x6c, 0x61, 0x6e, 0x67, 0x6c, 0x69,
  0x73, 0x74, 0x22, 0x20, 0x72, 0x6f, 0x6c, 0x65, 0x3d, 0x22, 0x6d, 0x65,
  0x6e, 0x75, 0x22, 0x20, 0x64, 0x61, 0x74, 0x61, 0x2d, 0x73, 0x74, 0x61,
  0x74, 0x65, 0x3d, 0x22, 0x63, 0x6c, 0x6f, 0x73, 0x65, 0x64, 0x22, 0x3e,
  0x3c, 0x2f, 0x64, 0x69, 0x76, 0x3e, 0x0a, 0x20, 0x20, 0x20, 0x20, 0x20,
  0x20, 0x3c, 0x2f, 0x64, 0x69, 0x76, 0x3e, 0x0a, 0x20, 0x20, 0x20, 0x20,
  0x3c, 0x2f, 0x64, 0x69, 0x76, 0x3e, 0x0a, 0x20, 0x20, 0x3c, 0x2f, 0x68,
  0x65, 0x61, 0x64, 0x65, 0x72, 0x3e, 0x0a, 0x0a, 0x20, 0x20, 0x3c, 0x64,
  0x69, 0x76, 0x20, 0x63, 0x6c, 0x61, 0x73, 0x73, 0x3d, 0x22, 0x67, 0x72,
  0x69, 0x64, 0x22, 0x3e, 0x0a, 0x20, 0x20, 0x3c, 0x61, 0x73, 0x69, 0x64,
  0x65, 0x20, 0x63, 0x6c, 0x61, 0x73, 0x73, 0x3d, 0x22, 0x73, 0x69, 0x64,
  0x65, 0x22, 0x3e, 0x0a, 0x20, 0x20, 0x20, 0x20, 0x3c, 0x64, 0x69, 0x76,
  0x20, 0x63, 0x6c, 0x61, 0x73, 0x73, 0x3d, 0x22, 0x62, 0x61, 0x6e, 0x6e,
  0x65, 0x72, 0x22, 0x20, 0x61, 0x72, 0x69, 0x61, 0x2d, 0x68, 0x69, 0x64,
  0x64, 0x65, 0x6e, 0x3d, 0x22, 0x74, 0x72, 0x75, 0x65, 0x22, 0x3e, 0x0a,
  0x20, 0x20, 0x20, 0x20, 0x20, 0x20, 0x3c, 0x73, 0x76, 0x67, 0x20, 0x76,
  0x69, 0x65, 0x77, 0x42, 0x6f, 0x78, 0x3d, 0x22, 0x30, 0x20, 0x30, 0x20,
  0x33, 0x34, 0x30, 0x20, 0x31, 0x35, 0x30, 0x22, 0x20, 0x70, 0x72, 0x65,
  0x73, 0x65, 0x72, 0x76, 0x65, 0x41, 0x73, 0x70, 0x65, 0x63, 0x74, 0x52,
  0x61, 0x74, 0x69, 0x6f, 0x3d, 0x22, 0x78, 0x4d, 0x69, 0x64, 0x59, 0x4d,
  0x69, 0x64, 0x20, 0x73, 0x6c, 0x69, 0x63, 0x65, 0x22, 0x3e, 0x0a, 0x20,
  0x20, 0x20, 0x20, 0x20, 0x20, 0x20, 0x20, 0x3c, 0x64, 0x65, 0x66, 0x73,
  0x3e, 0x0a, 0x20, 0x20, 0x20, 0x20, 0x20, 0x20, 0x20, 0x20, 0x20, 0x20,
  0x3c, 0x6c, 0x69, 0x6e, 0x65, 0x61, 0x72, 0x47, 0x72, 0x61, 0x64, 0x69,
  0x65, 0x6e, 0x74, 0x20, 0x69, 0x64, 0x3d, 0x22, 0x68, 0x62, 0x22, 0x20,
  0x78, 0x31, 0x3d, 0x22, 0x30, 0x22, 0x20, 0x78, 0x32, 0x3d, 0x22, 0x31,
  0x22, 0x3e, 0x3c, 0x73, 0x74, 0x6f, 0x70, 0x20, 0x6f, 0x66, 0x66, 0x73,
  0x65, 0x74, 0x3d, 0x22, 0x30, 0x22, 0x20, 0x73, 0x74, 0x6f, 0x70, 0x2d,
  0x63, 0x6f, 0x6c, 0x6f, 0x72, 0x3d, 0x22, 0x23, 0x63, 0x38, 0x66, 0x66,
  0x33, 0x64, 0x22, 0x2f, 0x3e, 0x3c, 0x73, 0x74, 0x6f, 0x70, 0x20, 0x6f,
  0x66, 0x66, 0x73, 0x65, 0x74, 0x3d, 0x22, 0x31, 0x22, 0x20, 0x73, 0x74,
  0x6f, 0x70, 0x2d, 0x63, 0x6f, 0x6c, 0x6f, 0x72, 0x3d, 0x22, 0x23, 0x66,
  0x66, 0x36, 0x61, 0x32, 0x62, 0x22, 0x2f, 0x3e, 0x3c, 0x2f, 0x6c, 0x69,
  0x6e, 0x65, 0x61, 0x72, 0x47, 0x72, 0x61, 0x64, 0x69, 0x65, 0x6e, 0x74,
  0x3e, 0x0a, 0x20, 0x20, 0x20, 0x20, 0x20, 0x20, 0x20, 0x20, 0x20, 0x20,
  0x3c, 0x70, 0x61, 0x74, 0x74, 0x65, 0x72, 0x6e, 0x20, 0x69, 0x64, 0x3d,
  0x22, 0x68, 0x67, 0x22, 0x20, 0x77, 0x69, 0x64, 0x74, 0x68, 0x3d, 0x22,
  0x31, 0x36, 0x22, 0x20, 0x68, 0x65, 0x69, 0x67, 0x68, 0x74, 0x3d, 0x22,
  0x31, 0x36, 0x22, 0x20, 0x70, 0x61, 0x74, 0x74, 0x65, 0x72, 0x6e, 0x55,
  0x6e, 0x69, 0x74, 0x73, 0x3d, 0x22, 0x75, 0x73, 0x65, 0x72, 0x53, 0x70,
  0x61, 0x63, 0x65, 0x4f, 0x6e, 0x55, 0x73, 0x65, 0x22, 0x3e, 0x3c, 0x70,
  0x61, 0x74, 0x68, 0x20, 0x64, 0x3d, 0x22, 0x4d, 0x31, 0x36, 0x20, 0x30,
  0x20, 0x48, 0x30, 0x20, 0x56, 0x31, 0x36, 0x22, 0x20, 0x66, 0x69, 0x6c,
  0x6c, 0x3d, 0x22, 0x6e, 0x6f, 0x6e, 0x65, 0x22, 0x20, 0x73, 0x74, 0x72,
  0x6f, 0x6b, 0x65, 0x3d, 0x22, 0x23, 0x32, 0x34, 0x32, 0x31, 0x32, 0x62,
  0x22, 0x20, 0x73, 0x74, 0x72, 0x6f, 0x6b, 0x65, 0x2d, 0x77, 0x69, 0x64,
  0x74, 0x68, 0x3d, 0x22, 0x31, 0x22, 0x2f, 0x3e, 0x3c, 0x2f, 0x70, 0x61,
  0x74, 0x74, 0x65, 0x72, 0x6e, 0x3e, 0x0a, 0x20, 0x20, 0x20, 0x20, 0x20,
  0x20, 0x20, 0x20, 0x3c, 0x2f, 0x64, 0x65, 0x66, 0x73, 0x3e, 0x0a, 0x20,
  0x20, 0x20, 0x20, 0x20, 0x20, 0x20, 0x20, 0x3c, 0x72, 0x65, 0x63, 0x74,
  0x20, 0x77, 0x69, 0x64, 0x74, 0x68, 0x3d, 0x22, 0x33, 0x34, 0x30, 0x22,
  0x20, 0x68, 0x65, 0x69, 0x67, 0x68, 0x74, 0x3d, 0x22, 0x31, 0x35, 0x30,
  0x22, 0x20, 0x66, 0x69, 0x6c, 0x6c, 0x3d, 0x22, 0x75, 0x72, 0x6c, 0x28,
  0x23, 0x68, 0x67, 0x29, 0x22, 0x2f, 0x3e, 0x0a, 0x20, 0x20, 0x20, 0x20,
  0x20, 0x20, 0x20, 0x20, 0x3c, 0x70, 0x61, 0x74, 0x68, 0x20, 0x64, 0x3d,
  0x22, 0x4d, 0x30, 0x20, 0x31, 0x35, 0x30, 0x20, 0x4c, 0x31, 0x32, 0x30,
  0x20, 0x34, 0x30, 0x20, 0x4c, 0x33, 0x34, 0x30, 0x20, 0x34, 0x30, 0x20,
  0x4c, 0x33, 0x34, 0x30, 0x20, 0x31, 0x35, 0x30, 0x20, 0x5a, 0x22, 0x20,
  0x66, 0x69, 0x6c, 0x6c, 0x3d, 0x22, 0x23, 0x66, 0x66, 0x36, 0x61, 0x32,
  0x62, 0x22, 0x20, 0x6f, 0x70, 0x61, 0x63, 0x69, 0x74, 0x79, 0x3d, 0x22,
  0x2e, 0x30, 0x37, 0x22, 0x2f, 0x3e, 0x0a, 0x20, 0x20, 0x20, 0x20, 0x20,
  0x20, 0x20, 0x20, 0x3c, 0x67, 0x20, 0x66, 0x69, 0x6c, 0x6c, 0x3d, 0x22,
  0x6e, 0x6f, 0x6e, 0x65, 0x22, 0x20, 0x73, 0x74, 0x72, 0x6f, 0x6b, 0x65,
  0x3d, 0x22, 0x75, 0x72, 0x6c, 0x28, 0x23, 0x68, 0x62, 0x29, 0x22, 0x20,
  0x73, 0x74, 0x72, 0x6f, 0x6b, 0x65, 0x2d, 0x77, 0x69, 0x64, 0x74, 0x68,
  0x3d, 0x22, 0x34, 0x22, 0x20, 0x73, 0x74, 0x72, 0x6f, 0x6b, 0x65, 0x2d,
  0x6c, 0x69, 0x6e, 0x65, 0x63, 0x61, 0x70, 0x3d, 0x22, 0x73, 0x71, 0x75,
  0x61, 0x72, 0x65, 0x22, 0x3e, 0x0a, 0x20, 0x20, 0x20, 0x20, 0x20, 0x20,
  0x20, 0x20, 0x20, 0x20, 0x3c, 0x70, 0x61, 0x74, 0x68, 0x20, 0x64, 0x3d,
  0x22, 0x4d, 0x36, 0x32, 0x20, 0x31, 0x30, 0x34, 0x20, 0x51, 0x31, 0x37,
  0x30, 0x20, 0x31, 0x30, 0x20, 0x32, 0x37, 0x38, 0x20, 0x31, 0x30, 0x34,
  0x22, 0x2f, 0x3e, 0x0a, 0x20, 0x20, 0x20, 0x20, 0x20, 0x20, 0x20, 0x20,
  0x20, 0x20, 0x3c, 0x70, 0x61, 0x74, 0x68, 0x20, 0x64, 0x3d, 0x22, 0x4d,
  0x34, 0x30, 0x20, 0x31, 0x30, 0x34, 0x20, 0x48, 0x33, 0x30, 0x30, 0x22,
  0x2f, 0x3e, 0x0a, 0x20, 0x20, 0x20, 0x20, 0x20, 0x20, 0x20, 0x20, 0x3c,
  0x2f, 0x67, 0x3e, 0x0a, 0x20, 0x20, 0x20, 0x20, 0x20, 0x20, 0x20, 0x20,
  0x3c, 0x67, 0x20, 0x73, 0x74, 0x72, 0x6f, 0x6b, 0x65, 0x3d, 0x22, 0x23,
  0x63, 0x38, 0x66, 0x66, 0x33, 0x64, 0x22, 0x20, 0x73, 0x74, 0x72, 0x6f,
  0x6b, 0x65, 0x2d, 0x77, 0x69, 0x64, 0x74, 0x68, 0x3d, 0x22, 0x32, 0x22,
  0x20, 0x6f, 0x70, 0x61, 0x63, 0x69, 0x74, 0x79, 0x3d, 0x22, 0x2e, 0x38,
  0x22, 0x3e, 0x0a, 0x20, 0x20, 0x20, 0x20, 0x20, 0x20, 0x20, 0x20, 0x20,
  0x20, 0x3c, 0x70, 0x61, 0x74, 0x68, 0x20, 0x64, 0x3d, 0x22, 0x4d, 0x31,
  0x30, 0x30, 0x20, 0x31, 0x30, 0x34, 0x20, 0x56, 0x36, 0x36, 0x20, 0x4d,
  0x31, 0x33, 0x35, 0x20, 0x31, 0x30, 0x34, 0x20, 0x56, 0x34, 0x38, 0x20,
  0x4d, 0x31, 0x37, 0x30, 0x20, 0x31, 0x30, 0x34, 0x20, 0x56, 0x34, 0x32,
  0x20, 0x4d, 0x32, 0x30, 0x35, 0x20, 0x31, 0x30, 0x34, 0x20, 0x56, 0x34,
  0x38, 0x20, 0x4d, 0x32, 0x34, 0x30, 0x20, 0x31, 0x30, 0x34, 0x20, 0x56,
  0x36, 0x36, 0x22, 0x2f, 0x3e, 0x0a, 0x20, 0x20, 0x20, 0x20, 0x20, 0x20,
  0x20, 0x20, 0x3c, 0x2f, 0x67, 0x3e, 0x0a, 0x20, 0x20, 0x20, 0x20, 0x20,
  0x20, 0x20, 0x20, 0x3c, 0x67, 0x20, 0x74, 0x72, 0x61, 0x6e, 0x73, 0x66,
  0x6f, 0x72, 0x6d, 0x3d, 0x22, 0x74, 0x72, 0x61, 0x6e, 0x73, 0x6c, 0x61,
  0x74, 0x65, 0x28, 0x31, 0x38, 0x20, 0x39, 0x32, 0x29, 0x22, 0x3e, 0x3c,
  0x70, 0x61, 0x74, 0x68, 0x20, 0x64, 0x3d, 0x22, 0x4d, 0x31, 0x30, 0x20,
  0x30, 0x20, 0x48, 0x33, 0x34, 0x20, 0x51, 0x34, 0x34, 0x20, 0x30, 0x20,
  0x34, 0x36, 0x20, 0x31, 0x32, 0x20, 0x4c, 0x34, 0x38, 0x20, 0x32, 0x32,
  0x20, 0x51, 0x34, 0x38, 0x20, 0x33, 0x30, 0x20, 0x34, 0x30, 0x20, 0x32,
  0x36, 0x20, 0x4c, 0x33, 0x34, 0x20, 0x32, 0x30, 0x20, 0x48, 0x31, 0x30,
  0x20, 0x4c, 0x34, 0x20, 0x32, 0x36, 0x20, 0x51, 0x2d, 0x34, 0x20, 0x33,
  0x30, 0x20, 0x2d, 0x34, 0x20, 0x32, 0x32, 0x20, 0x4c, 0x2d, 0x32, 0x20,
  0x31, 0x32, 0x20, 0x51, 0x30, 0x20, 0x30, 0x20, 0x31, 0x30, 0x20, 0x30,
  0x20, 0x5a, 0x22, 0x20, 0x66, 0x69, 0x6c, 0x6c, 0x3d, 0x22, 0x23, 0x31,
  0x63, 0x31, 0x39, 0x32, 0x32, 0x22, 0x20, 0x73, 0x74, 0x72, 0x6f, 0x6b,
  0x65, 0x3d, 0x22, 0x23, 0x63, 0x38, 0x66, 0x66, 0x33, 0x64, 0x22, 0x20,
  0x73, 0x74, 0x72, 0x6f, 0x6b, 0x65, 0x2d, 0x77, 0x69, 0x64, 0x74, 0x68,
  0x3d, 0x22, 0x32, 0x2e, 0x35, 0x22, 0x2f, 0x3e, 0x3c, 0x63, 0x69, 0x72,
  0x63, 0x6c, 0x65, 0x20, 0x63, 0x78, 0x3d, 0x22, 0x33, 0x34, 0x22, 0x20,
  0x63, 0x79, 0x3d, 0x22, 0x39, 0x22, 0x20, 0x72, 0x3d, 0x22, 0x32, 0x2e,
  0x35, 0x22, 0x20, 0x66, 0x69, 0x6c, 0x6c, 0x3d, 0x22, 0x23, 0x66, 0x66,
  0x36, 0x61, 0x32, 0x62, 0x22, 0x2f, 0x3e, 0x3c, 0x2f, 0x67, 0x3e, 0x0a,
  0x20, 0x20, 0x20, 0x20, 0x20, 0x20, 0x20, 0x20, 0x3c, 0x67, 0x20, 0x74,
  0x72, 0x61, 0x6e, 0x73, 0x66, 0x6f, 0x72, 0x6d, 0x3d, 0x22, 0x74, 0x72,
  0x61, 0x6e, 0x73, 0x6c, 0x61, 0x74, 0x65, 0x28, 0x32, 0x37, 0x38, 0x20,
  0x39, 0x32, 0x29, 0x22, 0x3e, 0x3c, 0x70, 0x61, 0x74, 0x68, 0x20, 0x64,
  0x3d, 0x22, 0x4d, 0x31, 0x30, 0x20, 0x30, 0x20, 0x48, 0x33, 0x34, 0x20,
  0x51, 0x34, 0x34, 0x20, 0x30, 0x20, 0x34, 0x36, 0x20, 0x31, 0x32, 0x20,
  0x4c, 0x34, 0x38, 0x20, 0x32, 0x32, 0x20, 0x51, 0x34, 0x38, 0x20, 0x33,
  0x30, 0x20, 0x34, 0x30, 0x20, 0x32, 0x36, 0x20, 0x4c, 0x33, 0x34, 0x20,
  0x32, 0x30, 0x20, 0x48, 0x31, 0x30, 0x20, 0x4c, 0x34, 0x20, 0x32, 0x36,
  0x20, 0x51, 0x2d, 0x34, 0x20, 0x33, 0x30, 0x20, 0x2d, 0x34, 0x20, 0x32,
  0x32, 0x20, 0x4c, 0x2d, 0x32, 0x20, 0x31, 0x32, 0x20, 0x51, 0x30, 0x20,
  0x30, 0x20, 0x31, 0x30, 0x20, 0x30, 0x20, 0x5a, 0x22, 0x20, 0x66, 0x69,
  0x6c, 0x6c, 0x3d, 0x22, 0x23, 0x31, 0x63, 0x31, 0x39, 0x32, 0x32, 0x22,
  0x20, 0x73, 0x74, 0x72, 0x6f, 0x6b, 0x65, 0x3d, 0x22, 0x23, 0x66, 0x66,
  0x36, 0x61, 0x32, 0x62, 0x22, 0x20, 0x73, 0x74, 0x72, 0x6f, 0x6b, 0x65,
  0x2d, 0x77, 0x69, 0x64, 0x74, 0x68, 0x3d, 0x22, 0x32, 0x2e, 0x35, 0x22,
  0x2f, 0x3e, 0x3c, 0x63, 0x69, 0x72, 0x63, 0x6c, 0x65, 0x20, 0x63, 0x78,
  0x3d, 0x22, 0x33, 0x34, 0x22, 0x20, 0x63, 0x79, 0x3d, 0x22, 0x39, 0x22,
  0x20, 0x72, 0x3d, 0x22, 0x32, 0x2e, 0x35, 0x22, 0x20, 0x66, 0x69, 0x6c,
  0x6c, 0x3d, 0x22, 0x23, 0x63, 0x38, 0x66, 0x66, 0x33, 0x64, 0x22, 0x2f,
  0x3e, 0x3c, 0x2f, 0x67, 0x3e, 0x0a, 0x20, 0x20, 0x20, 0x20, 0x20, 0x20,
  0x20, 0x20, 0x3c, 0x67, 0x20, 0x66, 0x69, 0x6c, 0x6c, 0x3d, 0x22, 0x23,
  0x66, 0x66, 0x36, 0x61, 0x32, 0x62, 0x22, 0x3e, 0x3c, 0x72, 0x65, 0x63,
  0x74, 0x20, 0x78, 0x3d, 0x22, 0x31, 0x36, 0x34, 0x22, 0x20, 0x79, 0x3d,
  0x22, 0x32, 0x34, 0x22, 0x20, 0x77, 0x69, 0x64, 0x74, 0x68, 0x3d, 0x22,
  0x31, 0x32, 0x22, 0x20, 0x68, 0x65, 0x69, 0x67, 0x68, 0x74, 0x3d, 0x22,
  0x31, 0x32, 0x22, 0x20, 0x74, 0x72, 0x61, 0x6e, 0x73, 0x66, 0x6f, 0x72,
  0x6d, 0x3d, 0x22, 0x72, 0x6f, 0x74, 0x61, 0x74, 0x65, 0x28, 0x34, 0x35,
  0x20, 0x31, 0x37, 0x30, 0x20, 0x33, 0x30, 0x29, 0x22, 0x2f, 0x3e, 0x3c,
  0x2f, 0x67, 0x3e, 0x0a, 0x20, 0x20, 0x20, 0x20, 0x20, 0x20, 0x20, 0x20,
  0x3c, 0x74, 0x65, 0x78, 0x74, 0x20, 0x78, 0x3d, 0x22, 0x31, 0x37, 0x30,
  0x22, 0x20, 0x79, 0x3d, 0x22, 0x31, 0x33, 0x36, 0x22, 0x20, 0x66, 0x69,
  0x6c, 0x6c, 0x3d, 0x22, 0x23, 0x66, 0x34, 0x65, 0x66, 0x65, 0x36, 0x22,
  0x20, 0x66, 0x6f, 0x6e, 0x74, 0x2d, 0x66, 0x61, 0x6d, 0x69, 0x6c, 0x79,
  0x3d, 0x22, 0x42, 0x61, 0x68, 0x6e, 0x73, 0x63, 0x68, 0x72, 0x69, 0x66,
  0x74, 0x2c, 0x20, 0x73, 0x79, 0x73, 0x74, 0x65, 0x6d, 0x2d, 0x75, 0x69,
  0x2c, 0x20, 0x73, 0x61, 0x6e, 0x73, 0x2d, 0x73, 0x65, 0x72, 0x69, 0x66,
  0x22, 0x20, 0x66, 0x6f, 0x6e, 0x74, 0x2d, 0x77, 0x65, 0x69, 0x67, 0x68,
  0x74, 0x3d, 0x22, 0x39, 0x30, 0x30, 0x22, 0x20, 0x66, 0x6f, 0x6e, 0x74,
  0x2d, 0x73, 0x69, 0x7a, 0x65, 0x3d, 0x22, 0x31, 0x34, 0x22, 0x20, 0x6c,
  0x65, 0x74, 0x74, 0x65, 0x72, 0x2d, 0x73, 0x70, 0x61, 0x63, 0x69, 0x6e,
  0x67, 0x3d, 0x22, 0x36, 0x22, 0x20, 0x74, 0x65, 0x78, 0x74, 0x2d, 0x61,
  0x6e, 0x63, 0x68, 0x6f, 0x72, 0x3d, 0x22, 0x6d, 0x69, 0x64, 0x64, 0x6c,
  0x65, 0x22, 0x3e, 0x41, 0x4e, 0x59, 0x20, 0x50, 0x41, 0x44, 0x20, 0xe2,
  0x86, 0x92, 0x20, 0x50, 0x53, 0x35, 0x3c, 0x2f, 0x74, 0x65, 0x78, 0x74,
  0x3e, 0x0a, 0x20, 0x20, 0x20, 0x20, 0x20, 0x20, 0x3c, 0x2f, 0x73, 0x76,
  0x67, 0x3e, 0x0a, 0x20, 0x20, 0x20, 0x20, 0x3c, 0x2f, 0x64, 0x69, 0x76,
  0x3e, 0x0a, 0x20, 0x20, 0x20, 0x20, 0x3c, 0x64, 0x69, 0x76, 0x20, 0x63,
  0x6c, 0x61, 0x73, 0x73, 0x3d, 0x22, 0x70, 0x61, 0x6e, 0x65, 0x6c, 0x22,
  0x3e, 0x0a, 0x20, 0x20, 0x20, 0x20, 0x20, 0x20, 0x3c, 0x70, 0x20, 0x63,
  0x6c, 0x61, 0x73, 0x73, 0x3d, 0x22, 0x6c, 0x61, 0x62, 0x65, 0x6c, 0x22,
  0x20, 0x64, 0x61, 0x74, 0x61, 0x2d, 0x69, 0x31, 0x38, 0x6e, 0x3d, 0x22,
  0x73, 0x74, 0x61, 0x74, 0x75, 0x73, 0x22, 0x3e, 0x53, 0x74, 0x61, 0x74,
  0x75, 0x73, 0x3c, 0x2f, 0x70, 0x3e, 0x0a, 0x20, 0x20, 0x20, 0x20, 0x20,
  0x20, 0x3c, 0x64, 0x69, 0x76, 0x20, 0x63, 0x6c, 0x61, 0x73, 0x73, 0x3d,
  0x22, 0x66, 0x61, 0x63, 0x74, 0x73, 0x22, 0x3e, 0x0a, 0x20, 0x20, 0x20,
  0x20, 0x20, 0x20, 0x20, 0x20, 0x3c, 0x64, 0x69, 0x76, 0x20, 0x63, 0x6c,
  0x61, 0x73, 0x73, 0x3d, 0x22, 0x66, 0x61, 0x63, 0x74, 0x22, 0x3e, 0x3c,
  0x73, 0x70, 0x61, 0x6e, 0x20, 0x64, 0x61, 0x74, 0x61, 0x2d, 0x69, 0x31,
  0x38, 0x6e, 0x3d, 0x22, 0x62, 0x6c, 0x75, 0x65, 0x74, 0x6f, 0x6f, 0x74,
  0x68, 0x22, 0x3e, 0x42, 0x6c, 0x75, 0x65, 0x74, 0x6f, 0x6f, 0x74, 0x68,
  0x3c, 0x2f, 0x73, 0x70, 0x61, 0x6e, 0x3e, 0x3c, 0x73, 0x74, 0x72, 0x6f,
  0x6e, 0x67, 0x20, 0x69, 0x64, 0x3d, 0x22, 0x66, 0x42, 0x74, 0x22, 0x3e,
  0xe2, 0x80, 0x93, 0x3c, 0x2f, 0x73, 0x74, 0x72, 0x6f, 0x6e, 0x67, 0x3e,
  0x3c, 0x2f, 0x64, 0x69, 0x76, 0x3e, 0x0a, 0x20, 0x20, 0x20, 0x20, 0x20,
  0x20, 0x20, 0x20, 0x3c, 0x64, 0x69, 0x76, 0x20, 0x63, 0x6c, 0x61, 0x73,
  0x73, 0x3d, 0x22, 0x66, 0x61, 0x63, 0x74, 0x22, 0x3e, 0x3c, 0x73, 0x70,
  0x61, 0x6e, 0x20, 0x64, 0x61, 0x74, 0x61, 0x2d, 0x69, 0x31, 0x38, 0x6e,
  0x3d, 0x22, 0x63, 0x6f, 0x6e, 0x6e, 0x65, 0x63, 0x74, 0x65, 0x64, 0x22,
  0x3e, 0x43, 0x6f, 0x6e, 0x6e, 0x65, 0x63, 0x74, 0x65, 0x64, 0x3c, 0x2f,
  0x73, 0x70, 0x61, 0x6e, 0x3e, 0x3c, 0x73, 0x74, 0x72, 0x6f, 0x6e, 0x67,
  0x20, 0x69, 0x64, 0x3d, 0x22, 0x66, 0x50, 0x61, 0x64, 0x73, 0x22, 0x3e,
  0x30, 0x20, 0x2f, 0x20, 0x34, 0x3c, 0x2f, 0x73, 0x74, 0x72, 0x6f, 0x6e,
  0x67, 0x3e, 0x3c, 0x2f, 0x64, 0x69, 0x76, 0x3e, 0x0a, 0x20, 0x20, 0x20,
  0x20, 0x20, 0x20, 0x20, 0x20, 0x3c, 0x64, 0x69, 0x76, 0x20, 0x63, 0x6c,
  0x61, 0x73, 0x73, 0x3d, 0x22, 0x66, 0x61, 0x63, 0x74, 0x22, 0x3e, 0x3c,
  0x73, 0x70, 0x61, 0x6e, 0x20, 0x64, 0x61, 0x74, 0x61, 0x2d, 0x69, 0x31,
  0x38, 0x6e, 0x3d, 0x22, 0x70, 0x61, 0x69, 0x72, 0x65, 0x64, 0x22, 0x3e,
  0x50, 0x61, 0x69, 0x72, 0x65, 0x64, 0x3c, 0x2f, 0x73, 0x70, 0x61, 0x6e,
  0x3e, 0x3c, 0x73, 0x74, 0x72, 0x6f, 0x6e, 0x67, 0x20, 0x69, 0x64, 0x3d,
  0x22, 0x66, 0x50, 0x61, 0x69, 0x72, 0x65, 0x64, 0x22, 0x3e, 0x30, 0x3c,
  0x2f, 0x73, 0x74, 0x72, 0x6f, 0x6e, 0x67, 0x3e, 0x3c, 0x2f, 0x64, 0x69,
  0x76, 0x3e, 0x0a, 0x20, 0x20, 0x20, 0x20, 0x20, 0x20, 0x3c, 0x2f, 0x64,
  0x69, 0x76, 0x3e, 0x0a, 0x20, 0x20, 0x20, 0x20, 0x20, 0x20, 0x3c, 0x70,
  0x20, 0x63, 0x6c, 0x61, 0x73, 0x73, 0x3d, 0x22, 0x6e, 0x6f, 0x74, 0x65,
  0x22, 0x20, 0x69, 0x64, 0x3d, 0x22, 0x72, 0x65, 0x61, 0x73, 0x6f, 0x6e,
  0x22, 0x3e, 0x3c, 0x2f, 0x70, 0x3e, 0x0a, 0x20, 0x20, 0x20, 0x20, 0x20,
  0x20, 0x3c, 0x64, 0x69, 0x76, 0x20, 0x69, 0x64, 0x3d, 0x22, 0x72, 0x65,
  0x74, 0x72, 0x79, 0x52, 0x6f, 0x77, 0x22, 0x20, 0x68, 0x69, 0x64, 0x64,
  0x65, 0x6e, 0x20, 0x73, 0x74, 0x79, 0x6c, 0x65, 0x3d, 0x22, 0x6d, 0x61,
  0x72, 0x67, 0x69, 0x6e, 0x2d, 0x74, 0x6f, 0x70, 0x3a, 0x31, 0x34, 0x70,
  0x78, 0x22, 0x3e, 0x3c, 0x62, 0x75, 0x74, 0x74, 0x6f, 0x6e, 0x20, 0x63,
  0x6c, 0x61, 0x73, 0x73, 0x3d, 0x22, 0x62, 0x74, 0x6e, 0x22, 0x20, 0x69,
  0x64, 0x3d, 0x22, 0x72, 0x65, 0x74, 0x72, 0x79, 0x22, 0x20, 0x64, 0x61,
  0x74, 0x61, 0x2d, 0x69, 0x31, 0x38, 0x6e, 0x3d, 0x22, 0x72, 0x65, 0x74,
  0x72, 0x79, 0x42, 0x74, 0x22, 0x3e, 0x52, 0x65, 0x74, 0x72, 0x79, 0x20,
  0x42, 0x6c, 0x75, 0x65, 0x74, 0x6f, 0x6f, 0x74, 0x68, 0x3c, 0x2f, 0x62,
  0x75, 0x74, 0x74, 0x6f, 0x6e, 0x3e, 0x3c, 0x2f, 0x64, 0x69, 0x76, 0x3e,
  0x0a, 0x20, 0x20, 0x20, 0x20, 0x3c, 0x2f, 0x64, 0x69, 0x76, 0x3e, 0x0a,
  0x20, 0x20, 0x20, 0x20, 0x3c, 0x64, 0x69, 0x76, 0x20, 0x63, 0x6c, 0x61,
  0x73, 0x73, 0x3d, 0x22, 0x70, 0x61, 0x6e, 0x65, 0x6c, 0x20, 0x70, 0x61,
  0x69, 0x72, 0x22, 0x3e, 0x0a, 0x20, 0x20, 0x20, 0x20, 0x20, 0x20, 0x3c,
  0x70, 0x20, 0x63, 0x6c, 0x61, 0x73, 0x73, 0x3d, 0x22, 0x6c, 0x61, 0x62,
  0x65, 0x6c, 0x22, 0x20, 0x64, 0x61, 0x74, 0x61, 0x2d, 0x69, 0x31, 0x38,
  0x6e, 0x3d, 0x22, 0x70, 0x61, 0x69, 0x72, 0x69, 0x6e, 0x67, 0x22, 0x3e,
  0x50, 0x61, 0x69, 0x72, 0x69, 0x6e, 0x67, 0x3c, 0x2f, 0x70, 0x3e, 0x0a,
  0x20, 0x20, 0x20, 0x20, 0x20, 0x20, 0x3c, 0x64, 0x69, 0x76, 0x20, 0x63,
  0x6c, 0x61, 0x73, 0x73, 0x3d, 0x22, 0x72, 0x69, 0x6e, 0x67, 0x22, 0x3e,
  0x3c, 0x62, 0x20, 0x69, 0x64, 0x3d, 0x22, 0x72, 0x69, 0x6e, 0x67, 0x22,
  0x3e, 0x3c, 0x2f, 0x62, 0x3e, 0x3c, 0x2f, 0x64, 0x69, 0x76, 0x3e, 0x0a,
  0x20, 0x20, 0x20, 0x20, 0x20, 0x20, 0x3c, 0x70, 0x20, 0x63, 0x6c, 0x61,
  0x73, 0x73, 0x3d, 0x22, 0x6e, 0x6f, 0x74, 0x65, 0x22, 0x20, 0x69, 0x64,
  0x3d, 0x22, 0x70, 0x61, 0x69, 0x72, 0x54, 0x65, 0x78, 0x74, 0x22, 0x20,
  0x73, 0x74, 0x79, 0x6c, 0x65, 0x3d, 0x22, 0x6d, 0x61, 0x72, 0x67, 0x69,
  0x6e, 0x3a, 0x30, 0x20, 0x30, 0x20, 0x31, 0x34, 0x70, 0x78, 0x22, 0x3e,
  0x3c, 0x2f, 0x70, 0x3e, 0x0a, 0x20, 0x20, 0x20, 0x20, 0x20, 0x20, 0x3c,
  0x62, 0x75, 0x74, 0x74, 0x6f, 0x6e, 0x20, 0x63, 0x6c, 0x61, 0x73, 0x73,
  0x3d, 0x22, 0x62, 0x74, 0x6e, 0x20, 0x67, 0x6f, 0x22, 0x20, 0x69, 0x64,
  0x3d, 0x22, 0x70, 0x61, 0x69, 0x72, 0x22, 0x20, 0x64, 0x61, 0x74, 0x61,
  0x2d, 0x69, 0x31, 0x38, 0x6e, 0x3d, 0x22, 0x70, 0x61, 0x69, 0x72, 0x42,
  0x74, 0x6e, 0x22, 0x3e, 0x50, 0x61, 0x69, 0x72, 0x20, 0x61, 0x20, 0x63,
  0x6f, 0x6e, 0x74, 0x72, 0x6f, 0x6c, 0x6c, 0x65, 0x72, 0x20, 0x28, 0x36,
  0x30, 0x20, 0x73, 0x29, 0x3c, 0x2f, 0x62, 0x75, 0x74, 0x74, 0x6f, 0x6e,
  0x3e, 0x0a, 0x20, 0x20, 0x20, 0x20, 0x3c, 0x2f, 0x64, 0x69, 0x76, 0x3e,
  0x0a, 0x20, 0x20, 0x3c, 0x2f, 0x61, 0x73, 0x69, 0x64, 0x65, 0x3e, 0x0a,
  0x0a, 0x20, 0x20, 0x3c, 0x6d, 0x61, 0x69, 0x6e, 0x3e, 0x0a, 0x20, 0x20,
  0x3c, 0x64, 0x69, 0x76, 0x20, 0x63, 0x6c, 0x61, 0x73, 0x73, 0x3d, 0x22,
  0x68, 0x65, 0x61, 0x64, 0x22, 0x3e, 0x3c, 0x68, 0x32, 0x20, 0x64, 0x61,
  0x74, 0x61, 0x2d, 0x69, 0x31, 0x38, 0x6e, 0x3d, 0x22, 0x63, 0x6f, 0x6e,
  0x6e, 0x65, 0x63, 0x74, 0x65, 0x64, 0x54, 0x69, 0x74, 0x6c, 0x65, 0x22,
  0x3e, 0x43, 0x6f, 0x6e, 0x6e, 0x65, 0x63, 0x74, 0x65, 0x64, 0x20, 0x63,
  0x6f, 0x6e, 0x74, 0x72, 0x6f, 0x6c, 0x6c, 0x65, 0x72, 0x73, 0x3c, 0x2f,
  0x68, 0x32, 0x3e, 0x3c, 0x73, 0x70, 0x61, 0x6e, 0x20, 0x69, 0x64, 0x3d,
  0x22, 0x70, 0x61, 0x64, 0x73, 0x48, 0x69, 0x6e, 0x74, 0x22, 0x3e, 0x3c,
  0x2f, 0x73, 0x70, 0x61, 0x6e, 0x3e, 0x3c, 0x2f, 0x64, 0x69, 0x76, 0x3e,
  0x0a, 0x20, 0x20, 0x3c, 0x64, 0x69, 0x76, 0x20, 0x63, 0x6c, 0x61, 0x73,
  0x73, 0x3d, 0x22, 0x63, 0x61, 0x72, 0x64, 0x73, 0x22, 0x20, 0x69, 0x64,
  0x3d, 0x22, 0x63, 0x61, 0x72, 0x64, 0x73, 0x22, 0x3e, 0x3c, 0x2f, 0x64,
  0x69, 0x76, 0x3e, 0x0a, 0x0a, 0x20, 0x20, 0x3c, 0x64, 0x69, 0x76, 0x20,
  0x63, 0x6c, 0x61, 0x73, 0x73, 0x3d, 0x22, 0x68, 0x65, 0x61, 0x64, 0x22,
  0x3e, 0x3c, 0x68, 0x32, 0x20, 0x64, 0x61, 0x74, 0x61, 0x2d, 0x69, 0x31,
  0x38, 0x6e, 0x3d, 0x22, 0x70, 0x61, 0x69, 0x72, 0x65, 0x64, 0x54, 0x69,
  0x74, 0x6c, 0x65, 0x22, 0x3e, 0x50, 0x61, 0x69, 0x72, 0x65, 0x64, 0x20,
  0x63, 0x6f, 0x6e, 0x74, 0x72, 0x6f, 0x6c, 0x6c, 0x65, 0x72, 0x73, 0x3c,
  0x2f, 0x68, 0x32, 0x3e, 0x3c, 0x73, 0x70, 0x61, 0x6e, 0x20, 0x64, 0x61,
  0x74, 0x61, 0x2d, 0x69, 0x31, 0x38, 0x6e, 0x3d, 0x22, 0x73, 0x77, 0x69,
  0x74, 0x63, 0x68, 0x4f, 0x6e, 0x22, 0x3e, 0x53, 0x77, 0x69, 0x74, 0x63,
  0x68, 0x20, 0x6f, 0x6e, 0x65, 0x20, 0x6f, 0x6e, 0x20, 0x74, 0x6f, 0x20,
  0x63, 0x6f, 0x6e, 0x6e, 0x65, 0x63, 0x74, 0x20, 0x69, 0x74, 0x3c, 0x2f,
  0x73, 0x70, 0x61, 0x6e, 0x3e, 0x3c, 0x2f, 0x64, 0x69, 0x76, 0x3e, 0x0a,
  0x20, 0x20, 0x3c, 0x64, 0x69, 0x76, 0x20, 0x63, 0x6c, 0x61, 0x73, 0x73,
  0x3d, 0x22, 0x6c, 0x69, 0x73, 0x74, 0x22, 0x20, 0x69, 0x64, 0x3d, 0x22,
  0x70, 0x61, 0x69, 0x72, 0x65, 0x64, 0x22, 0x3e, 0x3c, 0x2f, 0x64, 0x69,
  0x76, 0x3e, 0x0a, 0x0a, 0x20, 0x20, 0x3c, 0x64, 0x65, 0x74, 0x61, 0x69,
  0x6c, 0x73, 0x20, 0x69, 0x64, 0x3d, 0x22, 0x6c, 0x6f, 0x67, 0x42, 0x6f,
  0x78, 0x22, 0x3e, 0x0a, 0x20, 0x20, 0x20, 0x20, 0x3c, 0x73, 0x75, 0x6d,
  0x6d, 0x61, 0x72, 0x79, 0x3e, 0x3c, 0x73, 0x70, 0x61, 0x6e, 0x20, 0x64,
  0x61, 0x74, 0x61, 0x2d, 0x69, 0x31, 0x38, 0x6e, 0x3d, 0x22, 0x6c, 0x6f,
  0x67, 0x22, 0x3e, 0x4c, 0x6f, 0x67, 0x3c, 0x2f, 0x73, 0x70, 0x61, 0x6e,
  0x3e, 0x3c, 0x73, 0x70, 0x61, 0x6e, 0x20, 0x63, 0x6c, 0x61, 0x73, 0x73,
  0x3d, 0x22, 0x73, 0x68, 0x20, 0x73, 0x22, 0x20, 0x64, 0x61, 0x74, 0x61,
  0x2d, 0x69, 0x31, 0x38, 0x6e, 0x3d, 0x22, 0x73, 0x68, 0x6f, 0x77, 0x22,
  0x3e, 0x53, 0x68, 0x6f, 0x77, 0x3c, 0x2f, 0x73, 0x70, 0x61, 0x6e, 0x3e,
  0x3c, 0x73, 0x70, 0x61, 0x6e, 0x20, 0x63, 0x6c, 0x61, 0x73, 0x73, 0x3d,
  0x22, 0x73, 0x68, 0x20, 0x68, 0x22, 0x20, 0x64, 0x61, 0x74, 0x61, 0x2d,
  0x69, 0x31, 0x38, 0x6e, 0x3d, 0x22, 0x68, 0x69, 0x64, 0x65, 0x22, 0x3e,
  0x48, 0x69, 0x64, 0x65, 0x3c, 0x2f, 0x73, 0x70, 0x61, 0x6e, 0x3e, 0x3c,
  0x2f, 0x73, 0x75, 0x6d, 0x6d, 0x61, 0x72, 0x79, 0x3e, 0x0a, 0x20, 0x20,
  0x20, 0x20, 0x3c, 0x64, 0x69, 0x76, 0x20, 0x63, 0x6c, 0x61, 0x73, 0x73,
  0x3d, 0x22, 0x6c, 0x6f, 0x67, 0x62, 0x6f, 0x78, 0x22, 0x3e, 0x0a, 0x20,
  0x20, 0x20, 0x20, 0x20, 0x20, 0x3c, 0x70, 0x72, 0x65, 0x20, 0x69, 0x64,
  0x3d, 0x22, 0x6c, 0x6f, 0x67, 0x22, 0x20, 0x64, 0x61, 0x74, 0x61, 0x2d,
  0x69, 0x31, 0x38, 0x6e, 0x3d, 0x22, 0x6c, 0x6f, 0x61, 0x64, 0x69, 0x6e,
  0x67, 0x22, 0x3e, 0x4c, 0x6f, 0x61, 0x64, 0x69, 0x6e, 0x67, 0xe2, 0x80,
  0xa6, 0x3c, 0x2f, 0x70, 0x72, 0x65, 0x3e, 0x0a, 0x20, 0x20, 0x20, 0x20,
  0x20, 0x20, 0x3c, 0x62, 0x75, 0x74, 0x74, 0x6f, 0x6e, 0x20, 0x63, 0x6c,
  0x61, 0x73, 0x73, 0x3d, 0x22, 0x62, 0x74, 0x6e, 0x20, 0x73, 0x6d, 0x61,
  0x6c, 0x6c, 0x22, 0x20, 0x69, 0x64, 0x3d, 0x22, 0x6c, 0x6f, 0x67, 0x52,
  0x65, 0x66, 0x72, 0x65, 0x73, 0x68, 0x22, 0x20, 0x64, 0x61, 0x74, 0x61,
  0x2d, 0x69, 0x31, 0x38, 0x6e, 0x3d, 0x22, 0x72, 0x65, 0x66, 0x72, 0x65,
  0x73, 0x68, 0x22, 0x3e, 0x52, 0x65, 0x66, 0x72, 0x65, 0x73, 0x68, 0x3c,
  0x2f, 0x62, 0x75, 0x74, 0x74, 0x6f, 0x6e, 0x3e, 0x0a, 0x20, 0x20, 0x20,
  0x20, 0x3c, 0x2f, 0x64, 0x69, 0x76, 0x3e, 0x0a, 0x20, 0x20, 0x3c, 0x2f,
  0x64, 0x65, 0x74, 0x61, 0x69, 0x6c, 0x73, 0x3e, 0x0a, 0x20, 0x20, 0x3c,
  0x2f, 0x6d, 0x61, 0x69, 0x6e, 0x3e, 0x0a, 0x20, 0x20, 0x3c, 0x2f, 0x64,
  0x69, 0x76, 0x3e, 0x0a, 0x0a, 0x20, 0x20, 0x3c, 0x66, 0x6f, 0x6f, 0x74,
  0x65, 0x72, 0x3e, 0x0a, 0x20, 0x20, 0x20, 0x20, 0x3c, 0x70, 0x20, 0x64,
  0x61, 0x74, 0x61, 0x2d, 0x69, 0x31, 0x38, 0x6e, 0x3d, 0x22, 0x66, 0x6f,
  0x6f, 0x74, 0x65, 0x72, 0x22, 0x3e, 0x43, 0x6c, 0x6f, 0x73, 0x69, 0x6e,
  0x67, 0x20, 0x74, 0x68, 0x69, 0x73, 0x20, 0x70, 0x61, 0x67, 0x65, 0x20,
  0x6c, 0x65, 0x61, 0x76, 0x65, 0x73, 0x20, 0x50, 0x61, 0x64, 0x42, 0x72,
  0x69, 0x64, 0x67, 0x65, 0x20, 0x72, 0x75, 0x6e, 0x6e, 0x69, 0x6e, 0x67,
  0x2e, 0x20, 0x53, 0x74, 0x6f, 0x70, 0x20, 0x69, 0x74, 0x20, 0x62, 0x65,
  0x66, 0x6f, 0x72, 0x65, 0x20, 0x6c, 0x6f, 0x61, 0x64, 0x69, 0x6e, 0x67,
  0x20, 0x74, 0x68, 0x65, 0x20, 0x45, 0x4c, 0x46, 0x20, 0x61, 0x67, 0x61,
  0x69, 0x6e, 0x3a, 0x20, 0x63, 0x6f, 0x6e, 0x74, 0x72, 0x6f, 0x6c, 0x6c,
  0x65, 0x72, 0x73, 0x20, 0x64, 0x69, 0x73, 0x63, 0x6f, 0x6e, 0x6e, 0x65,
  0x63, 0x74, 0x20, 0x61, 0x6e, 0x64, 0x20, 0x42, 0x6c, 0x75, 0x65, 0x74,
  0x6f, 0x6f, 0x74, 0x68, 0x20, 0x69, 0x73, 0x20, 0x6c, 0x65, 0x66, 0x74,
  0x20, 0x61, 0x73, 0x20, 0x69, 0x74, 0x20, 0x77, 0x61, 0x73, 0x2e, 0x3c,
  0x2f, 0x70, 0x3e, 0x0a, 0x20, 0x20, 0x20, 0x20, 0x3c, 0x62, 0x75, 0x74,
  0x74, 0x6f, 0x6e, 0x20, 0x63, 0x6c, 0x61, 0x73, 0x73, 0x3d, 0x22, 0x62,
  0x74, 0x6e, 0x20, 0x63, 0x75, 0x74, 0x22, 0x20, 0x69, 0x64, 0x3d, 0x22,
  0x73, 0x74, 0x6f, 0x70, 0x22, 0x20, 0x64, 0x61, 0x74, 0x61, 0x2d, 0x69,
  0x31, 0x38, 0x6e, 0x3d, 0x22, 0x73, 0x74, 0x6f, 0x70, 0x42, 0x74, 0x6e,
  0x22, 0x3e, 0x53, 0x74, 0x6f, 0x70, 0x20, 0x50, 0x61, 0x64, 0x42, 0x72,
  0x69, 0x64, 0x67, 0x65, 0x20, 0x28, 0x61, 0x64, 0x76, 0x61, 0x6e, 0x63,
  0x65, 0x64, 0x29, 0x3c, 0x2f, 0x62, 0x75, 0x74, 0x74, 0x6f, 0x6e, 0x3e,
  0x0a, 0x20, 0x20, 0x3c, 0x2f, 0x66, 0x6f, 0x6f, 0x74, 0x65, 0x72, 0x3e,
  0x0a, 0x3c, 0x2f, 0x64, 0x69, 0x76, 0x3e, 0x0a, 0x3c, 0x64, 0x69, 0x76,
  0x20, 0x63, 0x6c, 0x61, 0x73, 0x73, 0x3d, 0x22, 0x74, 0x6f, 0x61, 0x73,
  0x74, 0x22, 0x20, 0x69, 0x64, 0x3d, 0x22, 0x74, 0x6f, 0x61, 0x73, 0x74,
  0x22, 0x3e, 0x3c, 0x2f, 0x64, 0x69, 0x76, 0x3e, 0x0a, 0x3c, 0x73, 0x63,
  0x72, 0x69, 0x70, 0x74, 0x3e, 0x0a, 0x22, 0x75, 0x73, 0x65, 0x20, 0x73,
  0x74, 0x72, 0x69, 0x63, 0x74, 0x22, 0x3b, 0x0a, 0x76, 0x61, 0x72, 0x20,
  0x24, 0x20, 0x3d, 0x20, 0x66, 0x75, 0x6e, 0x63, 0x74, 0x69, 0x6f, 0x6e,
  0x20, 0x28, 0x69, 0x64, 0x29, 0x20, 0x7b, 0x20, 0x72, 0x65, 0x74, 0x75,
  0x72, 0x6e, 0x20, 0x64, 0x6f, 0x63, 0x75, 0x6d, 0x65, 0x6e, 0x74, 0x2e,
  0x67, 0x65, 0x74, 0x45, 0x6c, 0x65, 0x6d, 0x65, 0x6e, 0x74, 0x42, 0x79,
  0x49, 0x64, 0x28, 0x69, 0x64, 0x29, 0x3b, 0x20, 0x7d, 0x3b, 0x0a, 0x76,
  0x61, 0x72, 0x20, 0x42, 0x54, 0x4e, 0x20, 0x3d, 0x20, 0x7b, 0x20, 0x63,
  0x72, 0x6f, 0x73, 0x73, 0x3a, 0x20, 0x22, 0xe2, 0x9c, 0x95, 0x22, 0x2c,
  0x20, 0x63, 0x69, 0x72, 0x63, 0x6c, 0x65, 0x3a, 0x20, 0x22, 0xe2, 0x97,
  0x8b, 0x22, 0x2c, 0x20, 0x73, 0x71, 0x75, 0x61, 0x72, 0x65, 0x3a, 0x20,
  0x22, 0xe2, 0x96, 0xa1, 0x22, 0x2c, 0x20, 0x74, 0x72, 0x69, 0x61, 0x6e,
  0x67, 0x6c, 0x65, 0x3a, 0x20, 0x22, 0xe2, 0x96, 0xb3, 0x22, 0x2c, 0x20,
  0x6c, 0x31, 0x3a, 0x20, 0x22, 0x4c, 0x31, 0x22, 0x2c, 0x20, 0x72, 0x31,
  0x3a, 0x20, 0x22, 0x52, 0x31, 0x22, 0x2c, 0x20, 0x6c, 0x32, 0x3a, 0x20,
  0x22, 0x4c, 0x32, 0x22, 0x2c, 0x20, 0x72, 0x32, 0x3a, 0x20, 0x22, 0x52,
  0x32, 0x22, 0x2c, 0x0a, 0x20, 0x20, 0x6c, 0x33, 0x3a, 0x20, 0x22, 0x4c,
  0x33, 0x22, 0x2c, 0x20, 0x72, 0x33, 0x3a, 0x20, 0x22, 0x52, 0x33, 0x22,
  0x2c, 0x20, 0x75, 0x70, 0x3a, 0x20, 0x22, 0xe2, 0x86, 0x91, 0x22, 0x2c,
  0x20, 0x64, 0x6f, 0x77, 0x6e, 0x3a, 0x20, 0x22, 0xe2, 0x86, 0x93, 0x22,
  0x2c, 0x20, 0x6c, 0x65, 0x66, 0x74, 0x3a, 0x20, 0x22, 0xe2, 0x86, 0x90,
  0x22, 0x2c, 0x20, 0x72, 0x69, 0x67, 0x68, 0x74, 0x3a, 0x20, 0x22, 0xe2,
  0x86, 0x92, 0x22, 0x2c, 0x20, 0x6f, 0x70, 0x74, 0x69, 0x6f, 0x6e, 0x73,
  0x3a, 0x20, 0x22, 0x4f, 0x50, 0x54, 0x49, 0x4f, 0x4e, 0x53, 0x22, 0x2c,
  0x20, 0x63, 0x72, 0x65, 0x61, 0x74, 0x65, 0x3a, 0x20, 0x22, 0x43, 0x52,
  0x45, 0x41, 0x54, 0x45, 0x22, 0x2c, 0x0a, 0x20, 0x20, 0x70, 0x73, 0x3a,
  0x20, 0x22, 0x50, 0x53, 0x22, 0x2c, 0x20, 0x74, 0x6f, 0x75, 0x63, 0x68,
  0x70, 0x61, 0x64, 0x3a, 0x20, 0x22, 0x54, 0x4f, 0x55, 0x43, 0x48, 0x50,
  0x41, 0x44, 0x22, 0x20, 0x7d, 0x3b, 0x0a, 0x76, 0x61, 0x72, 0x20, 0x63,
  0x61, 0x72, 0x64, 0x73, 0x20, 0x3d, 0x20, 0x7b, 0x7d, 0x2c, 0x20, 0x70,
  0x61, 0x69, 0x72, 0x65, 0x64, 0x53, 0x69, 0x67, 0x20, 0x3d, 0x20, 0x22,
  0x22, 0x3b, 0x0a, 0x2f, 0x2a, 0x20, 0x4c, 0x61, 0x6e, 0x67, 0x75, 0x61,
  0x67, 0x65, 0x73, 0x3a, 0x20, 0x74, 0x68, 0x65, 0x20, 0x73, 0x61, 0x6d,
  0x65, 0x20, 0x65, 0x6c, 0x65, 0x76, 0x65, 0x6e, 0x20, 0x28, 0x69, 0x6e,
  0x63, 0x6c, 0x75, 0x64, 0x69, 0x6e, 0x67, 0x20, 0x48, 0x65, 0x62, 0x72,
  0x65, 0x77, 0x29, 0x2c, 0x20, 0x66, 0x6c, 0x61, 0x67, 0x73, 0x20, 0x61,
  0x6e, 0x64, 0x20, 0x70, 0x69, 0x63, 0x6b, 0x65, 0x72, 0x20, 0x61, 0x73,
  0x20, 0x45, 0x6c, 0x66, 0x20, 0x4c, 0x61, 0x75, 0x6e, 0x63, 0x68, 0x65,
  0x72, 0x20, 0x61, 0x6e, 0x64, 0x20, 0x57, 0x4b, 0x20, 0x41, 0x75, 0x74,
  0x6f, 0x6c, 0x6f, 0x61, 0x64, 0x65, 0x72, 0x2e, 0x0a, 0x20, 0x2a, 0x20,
  0x54, 0x68, 0x65, 0x20, 0x63, 0x68, 0x6f, 0x69, 0x63, 0x65, 0x20, 0x69,
  0x73, 0x20, 0x6b, 0x65, 0x70, 0x74, 0x20, 0x6f, 0x6e, 0x20, 0x74, 0x68,
  0x65, 0x20, 0x63, 0x6f, 0x6e, 0x73, 0x6f, 0x6c, 0x65, 0x20, 0x28, 0x50,
  0x4f, 0x53, 0x54, 0x20, 0x2f, 0x61, 0x70, 0x69, 0x2f, 0x6c, 0x61, 0x6e,
  0x67, 0x2c, 0x20, 0x61, 0x6c, 0x73, 0x6f, 0x20, 0x75, 0x73, 0x65, 0x64,
  0x20, 0x66, 0x6f, 0x72, 0x20, 0x69, 0x74, 0x73, 0x0a, 0x20, 0x2a, 0x20,
  0x6e, 0x6f, 0x74, 0x69, 0x66, 0x69, 0x63, 0x61, 0x74, 0x69, 0x6f, 0x6e,
  0x73, 0x29, 0x20, 0x61, 0x6e, 0x64, 0x20, 0x69, 0x6e, 0x20, 0x6c, 0x6f,
  0x63, 0x61, 0x6c, 0x53, 0x74, 0x6f, 0x72, 0x61, 0x67, 0x65, 0x20, 0x66,
  0x6f, 0x72, 0x20, 0x74, 0x68, 0x65, 0x20, 0x66, 0x69, 0x72, 0x73, 0x74,
  0x20, 0x70, 0x61, 0x69, 0x6e, 0x74, 0x2e, 0x20, 0x2a, 0x2f, 0x0a, 0x76,
  0x61, 0x72, 0x20, 0x4c, 0x41, 0x4e, 0x47, 0x53, 0x20, 0x3d, 0x20, 0x5b,
  0x7b, 0x22, 0x63, 0x6f, 0x64, 0x65, 0x22, 0x3a, 0x20, 0x22, 0x65, 0x6e,
  0x22, 0x2c, 0x20, 0x22, 0x6e, 0x61, 0x6d, 0x65, 0x22, 0x3a, 0x20, 0x22,
  0x45, 0x6e, 0x67, 0x6c, 0x69, 0x73, 0x68, 0x22, 0x2c, 0x20, 0x22, 0x66,
  0x6c, 0x61, 0x67, 0x22, 0x3a, 0x20, 0x22, 0x75, 0x73, 0x22, 0x7d, 0x2c,
  0x20, 0x7b, 0x22, 0x63, 0x6f, 0x64, 0x65, 0x22, 0x3a, 0x20, 0x22, 0x61,
  0x72, 0x22, 0x2c, 0x20, 0x22, 0x6e, 0x61, 0x6d, 0x65, 0x22, 0x3a, 0x20,
  0x22, 0xd8, 0xa7, 0xd9, 0x84, 0xd8, 0xb9, 0xd8, 0xb1, 0xd8, 0xa8, 0xd9,
  0x8a, 0xd8, 0xa9, 0x22, 0x2c, 0x20, 0x22, 0x66, 0x6c, 0x61, 0x67, 0x22,
  0x3a, 0x20, 0x22, 0x73, 0x61, 0x22, 0x2c, 0x20, 0x22, 0x72, 0x74, 0x6c,
  0x22, 0x3a, 0x20, 0x74, 0x72, 0x75, 0x65, 0x7d, 0x2c, 0x20, 0x7b, 0x22,
  0x63, 0x6f, 0x64, 0x65, 0x22, 0x3a, 0x20, 0x22, 0x65, 0x73, 0x22, 0x2c,
  0x20, 0x22, 0x6e, 0x61, 0x6d, 0x65, 0x22, 0x3a, 0x20, 0x22, 0x45, 0x73,
  0x70, 0x61, 0xc3, 0xb1, 0x6f, 0x6c, 0x22, 0x2c, 0x20, 0x22, 0x66, 0x6c,
  0x61, 0x67, 0x22, 0x3a, 0x20, 0x22, 0x65, 0x73, 0x22, 0x7d, 0x2c, 0x20,
  0x7b, 0x22, 0x63, 0x6f, 0x64, 0x65, 0x22, 0x3a, 0x20, 0x22, 0x66, 0x72,
  0x22, 0x2c, 0x20, 0x22, 0x6e, 0x61, 0x6d, 0x65, 0x22, 0x3a, 0x20, 0x22,
  0x46, 0x72, 0x61, 0x6e, 0xc3, 0xa7, 0x61, 0x69, 0x73, 0x22, 0x2c, 0x20,
  0x22, 0x66, 0x6c, 0x61, 0x67, 0x22, 0x3a, 0x20, 0x22, 0x66, 0x72, 0x22,
  0x7d, 0x2c, 0x20, 0x7b, 0x22, 0x63, 0x6f, 0x64, 0x65, 0x22, 0x3a, 0x20,
  0x22, 0x64, 0x65, 0x22, 0x2c, 0x20, 0x22, 0x6e, 0x61, 0x6d, 0x65, 0x22,
  0x3a, 0x20, 0x22, 0x44, 0x65, 0x75, 0x74, 0x73, 0x63, 0x68, 0x22, 0x2c,
  0x20, 0x22, 0x66, 0x6c, 0x61, 0x67, 0x22, 0x3a, 0x20, 0x22, 0x64, 0x65,
  0x22, 0x7d, 0x2c, 0x20, 0x7b, 0x22, 0x63, 0x6f, 0x64, 0x65, 0x22, 0x3a,
  0x20, 0x22, 0x70, 0x74, 0x22, 0x2c, 0x20, 0x22, 0x6e, 0x61, 0x6d, 0x65,
  0x22, 0x3a, 0x20, 0x22, 0x50, 0x6f, 0x72, 0x74, 0x75, 0x67, 0x75, 0xc3,
  0xaa, 0x73, 0x22, 0x2c, 0x20, 0x22, 0x66, 0x6c, 0x61, 0x67, 0x22, 0x3a,
  0x20, 0x22, 0x62, 0x72, 0x22, 0x7d, 0x2c, 0x20, 0x7b, 0x22, 0x63, 0x6f,
  0x64, 0x65, 0x22, 0x3a, 0x20, 0x22, 0x72, 0x75, 0x22, 0x2c, 0x20, 0x22,
  0x6e, 0x61, 0x6d, 0x65, 0x22, 0x3a, 0x20, 0x22, 0xd0, 0xa0, 0xd1, 0x83,
  0xd1, 0x81, 0xd1, 0x81, 0xd0, 0xba, 0xd0, 0xb8, 0xd0, 0xb9, 0x22, 0x2c,
  0x20, 0x22, 0x66, 0x6c, 0x61, 0x67, 0x22, 0x3a, 0x20, 0x22, 0x72, 0x75,
  0x22, 0x7d, 0x2c, 0x20, 0x7b, 0x22, 0x63, 0x6f, 0x64, 0x65, 0x22, 0x3a,
  0x20, 0x22, 0x6a, 0x61, 0x22, 0x2c, 0x20, 0x22, 0x6e, 0x61, 0x6d, 0x65,
  0x22, 0x3a, 0x20, 0x22, 0xe6, 0x97, 0xa5, 0xe6, 0x9c, 0xac, 0xe8, 0xaa,
  0x9e, 0x22, 0x2c, 0x20, 0x22, 0x66, 0x6c, 0x61, 0x67, 0x22, 0x3a, 0x20,
  0x22, 0x6a, 0x70, 0x22, 0x7d, 0x2c, 0x20, 0x7b, 0x22, 0x63, 0x6f, 0x64,
  0x65, 0x22, 0x3a, 0x20, 0x22, 0x7a, 0x68, 0x22, 0x2c, 0x20, 0x22, 0x6e,
  0x61, 0x6d, 0x65, 0x22, 0x3a, 0x20, 0x22, 0xe4, 0xb8, 0xad, 0xe6, 0x96,
  0x87, 0x22, 0x2c, 0x20, 0x22, 0x66, 0x6c, 0x61, 0x67, 0x22, 0x3a, 0x20,
  0x22, 0x63, 0x6e, 0x22, 0x7d, 0x2c, 0x20, 0x7b, 0x22, 0x63, 0x6f, 0x64,
  0x65, 0x22, 0x3a, 0x20, 0x22, 0x69, 0x74, 0x22, 0x2c, 0x20, 0x22, 0x6e,
  0x61, 0x6d, 0x65, 0x22, 0x3a, 0x20, 0x22, 0x49, 0x74, 0x61, 0x6c, 0x69,
  0x61, 0x6e, 0x6f, 0x22, 0x2c, 0x20, 0x22, 0x66, 0x6c, 0x61, 0x67, 0x22,
  0x3a, 0x20, 0x22, 0x69, 0x74, 0x22, 0x7d, 0x2c, 0x20, 0x7b, 0x22, 0x63,
  0x6f, 0x64, 0x65, 0x22, 0x3a, 0x20, 0x22, 0x68, 0x65, 0x22, 0x2c, 0x20,
  0x22, 0x6e, 0x61, 0x6d, 0x65, 0x22, 0x3a, 0x20, 0x22, 0xd7, 0xa2, 0xd7,
  0x91, 0xd7, 0xa8, 0xd7, 0x99, 0xd7, 0xaa, 0x22, 0x2c, 0x20, 0x22, 0x66,
  0x6c, 0x61, 0x67, 0x22, 0x3a, 0x20, 0x22, 0x69, 0x6c, 0x22, 0x2c, 0x20,
  0x22, 0x72, 0x74, 0x6c, 0x22, 0x3a, 0x20, 0x74, 0x72, 0x75, 0x65, 0x7d,
  0x5d, 0x3b, 0x0a, 0x76, 0x61, 0x72, 0x20, 0x46, 0x4c, 0x41, 0x47, 0x53,
  0x20, 0x3d, 0x20, 0x7b, 0x22, 0x75, 0x73, 0x22, 0x3a, 0x20, 0x22, 0x3c,
  0x73, 0x76, 0x67, 0x20, 0x76, 0x69, 0x65, 0x77, 0x42, 0x6f, 0x78, 0x3d,
  0x5c, 0x22, 0x30, 0x20, 0x30, 0x20, 0x33, 0x30, 0x20, 0x32, 0x30, 0x5c,
  0x22, 0x3e, 0x3c, 0x72, 0x65, 0x63, 0x74, 0x20, 0x77, 0x69, 0x64, 0x74,
  0x68, 0x3d, 0x5c, 0x22, 0x33, 0x30, 0x5c, 0x22, 0x20, 0x68, 0x65, 0x69,
  0x67, 0x68, 0x74, 0x3d, 0x5c, 0x22, 0x32, 0x30, 0x5c, 0x22, 0x20, 0x66,
  0x69, 0x6c, 0x6c, 0x3d, 0x5c, 0x22, 0x23, 0x66, 0x66, 0x66, 0x5c, 0x22,
  0x2f, 0x3e, 0x3c, 0x67, 0x20, 0x66, 0x69, 0x6c, 0x6c, 0x3d, 0x5c, 0x22,
  0x23, 0x62, 0x32, 0x32, 0x32, 0x33, 0x34, 0x5c, 0x22, 0x3e, 0x3c, 0x72,
  0x65, 0x63, 0x74, 0x20, 0x77, 0x69, 0x64, 0x74, 0x68, 0x3d, 0x5c, 0x22,
  0x33, 0x30, 0x5c, 0x22, 0x20, 0x68, 0x65, 0x69, 0x67, 0x68, 0x74, 0x3d,
  0x5c, 0x22, 0x31, 0x2e, 0x35, 0x34, 0x5c, 0x22, 0x2f, 0x3e, 0x3c, 0x72,
  0x65, 0x63, 0x74, 0x20, 0x79, 0x3d, 0x5c, 0x22, 0x33, 0x2e, 0x30, 0x38,
  0x5c, 0x22, 0x20, 0x77, 0x69, 0x64, 0x74, 0x68, 0x3d, 0x5c, 0x22, 0x33,
  0x30, 0x5c, 0x22, 0x20, 0x68, 0x65, 0x69, 0x67, 0x68, 0x74, 0x3d, 0x5c,
  0x22, 0x31, 0x2e, 0x35, 0x34, 0x5c, 0x22, 0x2f, 0x3e, 0x3c, 0x72, 0x65,
  0x63, 0x74, 0x20, 0x79, 0x3d, 0x5c, 0x22, 0x36, 0x2e, 0x31, 0x35, 0x5c,
  0x22, 0x20, 0x77, 0x69, 0x64, 0x74, 0x68, 0x3d, 0x5c, 0x22, 0x33, 0x30,
  0x5c, 0x22, 0x20, 0x68, 0x65, 0x69, 0x67, 0x68, 0x74, 0x3d, 0x5c, 0x22,
  0x31, 0x2e, 0x35, 0x34, 0x5c, 0x22, 0x2f, 0x3e, 0x3c, 0x72, 0x65, 0x63,
  0x74, 0x20, 0x79, 0x3d, 0x5c, 0x22, 0x39, 0x2e, 0x32, 0x33, 0x5c, 0x22,
  0x20, 0x77, 0x69, 0x64, 0x74, 0x68, 0x3d, 0x5c, 0x22, 0x33, 0x30, 0x5c,
  0x22, 0x20, 0x68, 0x65, 0x69, 0x67, 0x68, 0x74, 0x3d, 0x5c, 0x22, 0x31,
  0x2e, 0x35, 0x34, 0x5c, 0x22, 0x2f, 0x3e, 0x3c, 0x72, 0x65, 0x63, 0x74,
  0x20, 0x79, 0x3d, 0x5c, 0x22, 0x31, 0x32, 0x2e, 0x33, 0x5c, 0x22, 0x20,
  0x77, 0x69, 0x64, 0x74, 0x68, 0x3d, 0x5c, 0x22, 0x33, 0x30, 0x5c, 0x22,
  0x20, 0x68, 0x65, 0x69, 0x67, 0x68, 0x74, 0x3d, 0x5c, 0x22, 0x31, 0x2e,
  0x35, 0x34, 0x5c, 0x22, 0x2f, 0x3e, 0x3c, 0x72, 0x65, 0x63, 0x74, 0x20,
  0x79, 0x3d, 0x5c, 0x22, 0x31, 0x35, 0x2e, 0x34, 0x5c, 0x22, 0x20, 0x77,
  0x69, 0x64, 0x74, 0x68, 0x3d, 0x5c, 0x22, 0x33, 0x30, 0x5c, 0x22, 0x20,
  0x68, 0x65, 0x69, 0x67, 0x68, 0x74, 0x3d, 0x5c, 0x22, 0x31, 0x2e, 0x35,
  0x34, 0x5c, 0x22, 0x2f, 0x3e, 0x3c, 0x72, 0x65, 0x63, 0x74, 0x20, 0x79,
  0x3d, 0x5c, 0x22, 0x31, 0x38, 0x2e, 0x34, 0x36, 0x5c, 0x22, 0x20, 0x77,
  0x69, 0x64, 0x74, 0x68, 0x3d, 0x5c, 0x22, 0x33, 0x30, 0x5c, 0x22, 0x20,
  0x68, 0x65, 0x69, 0x67, 0x68, 0x74, 0x3d, 0x5c, 0x22, 0x31, 0x2e, 0x35,
  0x34, 0x5c, 0x22, 0x2f, 0x3e, 0x3c, 0x2f, 0x67, 0x3e, 0x3c, 0x72, 0x65,
  0x63, 0x74, 0x20, 0x77, 0x69, 0x64, 0x74, 0x68, 0x3d, 0x5c, 0x22, 0x31,
  0x33, 0x5c, 0x22, 0x20, 0x68, 0x65, 0x69, 0x67, 0x68, 0x74, 0x3d, 0x5c,
  0x22, 0x31, 0x30, 0x2e, 0x37, 0x37, 0x5c, 0x22, 0x20, 0x66, 0x69, 0x6c,
  0x6c, 0x3d, 0x5c, 0x22, 0x23, 0x33, 0x63, 0x33, 0x62, 0x36, 0x65, 0x5c,
  0x22, 0x2f, 0x3e, 0x3c, 0x67, 0x20, 0x66, 0x69, 0x6c, 0x6c, 0x3d, 0x5c,
  0x22, 0x23, 0x66, 0x66, 0x66, 0x5c, 0x22, 0x3e, 0x3c, 0x63, 0x69, 0x72,
  0x63, 0x6c, 0x65, 0x20, 0x63, 0x78, 0x3d, 0x5c, 0x22, 0x32, 0x2e, 0x35,
  0x5c, 0x22, 0x20, 0x63, 0x79, 0x3d, 0x5c, 0x22, 0x32, 0x2e, 0x32, 0x5c,
  0x22, 0x20, 0x72, 0x3d, 0x5c, 0x22, 0x2e, 0x37, 0x5c, 0x22, 0x2f, 0x3e,
  0x3c, 0x63, 0x69, 0x72, 0x63, 0x6c, 0x65, 0x20, 0x63, 0x78, 0x3d, 0x5c,
  0x22, 0x36, 0x2e, 0x35, 0x5c, 0x22, 0x20, 0x63, 0x79, 0x3d, 0x5c, 0x22,
  0x32, 0x2e, 0x32, 0x5c, 0x22, 0x20, 0x72, 0x3d, 0x5c, 0x22, 0x2e, 0x37,
  0x5c, 0x22, 0x2f, 0x3e, 0x3c, 0x63, 0x69, 0x72, 0x63, 0x6c, 0x65, 0x20,
  0x63, 0x78, 0x3d, 0x5c, 0x22, 0x31, 0x30, 0x2e, 0x35, 0x5c, 0x22, 0x20,
  0x63, 0x79, 0x3d, 0x5c, 0x22, 0x32, 0x2e, 0x32, 0x5c, 0x22, 0x20, 0x72,
  0x3d, 0x5c, 0x22, 0x2e, 0x37, 0x5c, 0x22, 0x2f, 0x3e, 0x3c, 0x63, 0x69,
  0x72, 0x63, 0x6c, 0x65, 0x20, 0x63, 0x78, 0x3d, 0x5c, 0x22, 0x34, 0x2e,
  0x35, 0x5c, 0x22, 0x20, 0x63, 0x79, 0x3d, 0x5c, 0x22, 0x35, 0x2e, 0x34,
  0x5c, 0x22, 0x20, 0x72, 0x3d, 0x5c, 0x22, 0x2e, 0x37, 0x5c, 0x22, 0x2f,
  0x3e, 0x3c, 0x63, 0x69, 0x72, 0x63, 0x6c, 0x65, 0x20, 0x63, 0x78, 0x3d,
  0x5c, 0x22, 0x38, 0x2e, 0x35, 0x5c, 0x22, 0x20, 0x63, 0x79, 0x3d, 0x5c,
  0x22, 0x35, 0x2e, 0x34, 0x5c, 0x22, 0x20, 0x72, 0x3d, 0x5c, 0x22, 0x2e,
  0x37, 0x5c, 0x22, 0x2f, 0x3e, 0x3c, 0x63, 0x69, 0x72, 0x63, 0x6c, 0x65,
  0x20, 0x63, 0x78, 0x3d, 0x5c, 0x22, 0x32, 0x2e, 0x35, 0x5c, 0x22, 0x20,
  0x63, 0x79, 0x3d, 0x5c, 0x22, 0x38, 0x2e, 0x36, 0x5c, 0x22, 0x20, 0x72,
  0x3d, 0x5c, 0x22, 0x2e, 0x37, 0x5c, 0x22, 0x2f, 0x3e, 0x3c, 0x63, 0x69,
  0x72, 0x63, 0x6c, 0x65, 0x20, 0x63, 0x78, 0x3d, 0x5c, 0x22, 0x36, 0x2e,
  0x35, 0x5c, 0x22, 0x20, 0x63, 0x79, 0x3d, 0x5c, 0x22, 0x38, 0x2e, 0x36,
  0x5c, 0x22, 0x20, 0x72, 0x3d, 0x5c, 0x22, 0x2e, 0x37, 0x5c, 0x22, 0x2f,
  0x3e, 0x3c, 0x63, 0x69, 0x72, 0x63, 0x6c, 0x65, 0x20, 0x63, 0x78, 0x3d,
  0x5c, 0x22, 0x31, 0x30, 0x2e, 0x35, 0x5c, 0x22, 0x20, 0x63, 0x79, 0x3d,
  0x5c, 0x22, 0x38, 0x2e, 0x36, 0x5c, 0x22, 0x20, 0x72, 0x3d, 0x5c, 0x22,
  0x2e, 0x37, 0x5c, 0x22, 0x2f, 0x3e, 0x3c, 0x2f, 0x67, 0x3e, 0x3c, 0x2f,
  0x73, 0x76, 0x67, 0x3e, 0x22, 0x2c, 0x20, 0x22, 0x73, 0x61, 0x22, 0x3a,
  0x20, 0x22, 0x3c, 0x73, 0x76, 0x67, 0x20, 0x76, 0x69, 0x65, 0x77, 0x42,
  0x6f, 0x78, 0x3d, 0x5c, 0x22, 0x30, 0x20, 0x30, 0x20, 0x33, 0x30, 0x20,
  0x32, 0x30, 0x5c, 0x22, 0x3e, 0x3c, 0x72, 0x65, 0x63, 0x74, 0x20, 0x77,
  0x69, 0x64, 0x74, 0x68, 0x3d, 0x5c, 0x22, 0x33, 0x30, 0x5c, 0x22, 0x20,
  0x68, 0x65, 0x69, 0x67, 0x68, 0x74, 0x3d, 0x5c, 0x22, 0x32, 0x30, 0x5c,
  0x22, 0x20, 0x66, 0x69, 0x6c, 0x6c, 0x3d, 0x5c, 0x22, 0x23, 0x30, 0x30,
  0x36, 0x63, 0x33, 0x35, 0x5c, 0x22, 0x2f, 0x3e, 0x3c, 0x70, 0x61, 0x74,
  0x68, 0x20, 0x64, 0x3d, 0x5c, 0x22, 0x4d, 0x38, 0x20, 0x38, 0x2e, 0x35,
  0x68, 0x31, 0x34, 0x4d, 0x39, 0x20, 0x31, 0x30, 0x63, 0x32, 0x20, 0x2e,
  0x38, 0x20, 0x34, 0x20, 0x2e, 0x38, 0x20, 0x36, 0x20, 0x30, 0x73, 0x34,
  0x2d, 0x2e, 0x38, 0x20, 0x36, 0x20, 0x30, 0x5c, 0x22, 0x20, 0x73, 0x74,
  0x72, 0x6f, 0x6b, 0x65, 0x3d, 0x5c, 0x22, 0x23, 0x66, 0x66, 0x66, 0x5c,
  0x22, 0x20, 0x73, 0x74, 0x72, 0x6f, 0x6b, 0x65, 0x2d, 0x77, 0x69, 0x64,
  0x74, 0x68, 0x3d, 0x5c, 0x22, 0x31, 0x2e, 0x31, 0x5c, 0x22, 0x20, 0x66,
  0x69, 0x6c, 0x6c, 0x3d, 0x5c, 0x22, 0x6e, 0x6f, 0x6e, 0x65, 0x5c, 0x22,
  0x20, 0x73, 0x74, 0x72, 0x6f, 0x6b, 0x65, 0x2d, 0x6c, 0x69, 0x6e, 0x65,
  0x63, 0x61, 0x70, 0x3d, 0x5c, 0x22, 0x72, 0x6f, 0x75, 0x6e, 0x64, 0x5c,
  0x22, 0x2f, 0x3e, 0x3c, 0x70, 0x61, 0x74, 0x68, 0x20, 0x64, 0x3d, 0x5c,
  0x22, 0x4d, 0x38, 0x20, 0x31, 0x34, 0x68, 0x31, 0x33, 0x6c, 0x31, 0x2e,
  0x35, 0x2d, 0x31, 0x5c, 0x22, 0x20, 0x73, 0x74, 0x72, 0x6f, 0x6b, 0x65,
  0x3d, 0x5c, 0x22, 0x23, 0x66, 0x66, 0x66, 0x5c, 0x22, 0x20, 0x73, 0x74,
  0x72, 0x6f, 0x6b, 0x65, 0x2d, 0x77, 0x69, 0x64, 0x74, 0x68, 0x3d, 0x5c,
  0x22, 0x31, 0x5c, 0x22, 0x20, 0x66, 0x69, 0x6c, 0x6c, 0x3d, 0x5c, 0x22,
  0x6e, 0x6f, 0x6e, 0x65, 0x5c, 0x22, 0x20, 0x73, 0x74, 0x72, 0x6f, 0x6b,
  0x65, 0x2d, 0x6c, 0x69, 0x6e, 0x65, 0x63, 0x61, 0x70, 0x3d, 0x5c, 0x22,
  0x72, 0x6f, 0x75, 0x6e, 0x64, 0x5c, 0x22, 0x2f, 0x3e, 0x3c, 0x2f, 0x73,
  0x76, 0x67, 0x3e, 0x22, 0x2c, 0x20, 0x22, 0x65, 0x73, 0x22, 0x3a, 0x20,
  0x22, 0x3c, 0x73, 0x76, 0x67, 0x20, 0x76, 0x69, 0x65, 0x77, 0x42, 0x6f,
  0x78, 0x3d, 0x5c, 0x22, 0x30, 0x20, 0x30, 0x20, 0x33, 0x30, 0x20, 0x32,
  0x30, 0x5c, 0x22, 0x3e, 0x3c, 0x72, 0x65, 0x63, 0x74, 0x20, 0x77, 0x69,
  0x64, 0x74, 0x68, 0x3d, 0x5c, 0x22, 0x33, 0x30, 0x5c, 0x22, 0x20, 0x68,
  0x65, 0x69, 0x67, 0x68, 0x74, 0x3d, 0x5c, 0x22, 0x32, 0x30, 0x5c, 0x22,
  0x20, 0x66, 0x69, 0x6c, 0x6c, 0x3d, 0x5c, 0x22, 0x23, 0x61, 0x61, 0x31,
  0x35, 0x31, 0x62, 0x5c, 0x22, 0x2f, 0x3e, 0x3c, 0x72, 0x65, 0x63, 0x74,
  0x20, 0x79, 0x3d, 0x5c, 0x22, 0x35, 0x5c, 0x22, 0x20, 0x77, 0x69, 0x64,
  0x74, 0x68, 0x3d, 0x5c, 0x22, 0x33, 0x30, 0x5c, 0x22, 0x20, 0x68, 0x65,
  0x69, 0x67, 0x68, 0x74, 0x3d, 0x5c, 0x22, 0x31, 0x30, 0x5c, 0x22, 0x20,
  0x66, 0x69, 0x6c, 0x6c, 0x3d, 0x5c, 0x22, 0x23, 0x66, 0x31, 0x62, 0x66,
  0x30, 0x30, 0x5c, 0x22, 0x2f, 0x3e, 0x3c, 0x2f, 0x73, 0x76, 0x67, 0x3e,
  0x22, 0x2c, 0x20, 0x22, 0x66, 0x72, 0x22, 0x3a, 0x20, 0x22, 0x3c, 0x73,
  0x76, 0x67, 0x20, 0x76, 0x69, 0x65, 0x77, 0x42, 0x6f, 0x78, 0x3d, 0x5c,
  0x22, 0x30, 0x20, 0x30, 0x20, 0x33, 0x30, 0x20, 0x32, 0x30, 0x5c, 0x22,
  0x3e, 0x3c, 0x72, 0x65, 0x63, 0x74, 0x20, 0x77, 0x69, 0x64, 0x74, 0x68,
  0x3d, 0x5c, 0x22, 0x31, 0x30, 0x5c, 0x22, 0x20, 0x68, 0x65, 0x69, 0x67,
  0x68, 0x74, 0x3d, 0x5c, 0x22, 0x32, 0x30, 0x5c, 0x22, 0x20, 0x66, 0x69,
  0x6c, 0x6c, 0x3d, 0x5c, 0x22, 0x23, 0x30, 0x30, 0x35, 0x35, 0x61, 0x34,
  0x5c, 0x22, 0x2f, 0x3e, 0x3c, 0x72, 0x65, 0x63, 0x74, 0x20, 0x78, 0x3d,
  0x5c, 0x22, 0x31, 0x30, 0x5c, 0x22, 0x20, 0x77, 0x69, 0x64, 0x74, 0x68,
  0x3d, 0x5c, 0x22, 0x31, 0x30, 0x5c, 0x22, 0x20, 0x68, 0x65, 0x69, 0x67,
  0x68, 0x74, 0x3d, 0x5c, 0x22, 0x32, 0x30, 0x5c, 0x22, 0x20, 0x66, 0x69,
  0x6c, 0x6c, 0x3d, 0x5c, 0x22, 0x23, 0x66, 0x66, 0x66, 0x5c, 0x22, 0x2f,
  0x3e, 0x3c, 0x72, 0x65, 0x63, 0x74, 0x20, 0x78, 0x3d, 0x5c, 0x22, 0x32,
  0x30, 0x5c, 0x22, 0x20, 0x77, 0x69, 0x64, 0x74, 0x68, 0x3d, 0x5c, 0x22,
  0x31, 0x30, 0x5c, 0x22, 0x20, 0x68, 0x65, 0x69, 0x67, 0x68, 0x74, 0x3d,
  0x5c, 0x22, 0x32, 0x30, 0x5c, 0x22, 0x20, 0x66, 0x69, 0x6c, 0x6c, 0x3d,
  0x5c, 0x22, 0x23, 0x65, 0x66, 0x34, 0x31, 0x33, 0x35, 0x5c, 0x22, 0x2f,
  0x3e, 0x3c, 0x2f, 0x73, 0x76, 0x67, 0x3e, 0x22, 0x2c, 0x20, 0x22, 0x64,
  0x65, 0x22, 0x3a, 0x20, 0x22, 0x3c, 0x73, 0x76, 0x67, 0x20, 0x76, 0x69,
  0x65, 0x77, 0x42, 0x6f, 0x78, 0x3d, 0x5c, 0x22, 0x30, 0x20, 0x30, 0x20,
  0x33, 0x30, 0x20, 0x32, 0x30, 0x5c, 0x22, 0x3e, 0x3c, 0x72, 0x65, 0x63,
  0x74, 0x20, 0x77, 0x69, 0x64, 0x74, 0x68, 0x3d, 0x5c, 0x22, 0x33, 0x30,
  0x5c, 0x22, 0x20, 0x68, 0x65, 0x69, 0x67, 0x68, 0x74, 0x3d, 0x5c, 0x22,
  0x36, 0x2e, 0x36, 0x37, 0x5c, 0x22, 0x20, 0x66, 0x69, 0x6c, 0x6c, 0x3d,
  0x5c, 0x22, 0x23, 0x30, 0x30, 0x30, 0x5c, 0x22, 0x2f, 0x3e, 0x3c, 0x72,
  0x65, 0x63, 0x74, 0x20, 0x79, 0x3d, 0x5c, 0x22, 0x36, 0x2e, 0x36, 0x37,
  0x5c, 0x22, 0x20, 0x77, 0x69, 0x64, 0x74, 0x68, 0x3d, 0x5c, 0x22, 0x33,
  0x30, 0x5c, 0x22, 0x20, 0x68, 0x65, 0x69, 0x67, 0x68, 0x74, 0x3d, 0x5c,
  0x22, 0x36, 0x2e, 0x36, 0x37, 0x5c, 0x22, 0x20, 0x66, 0x69, 0x6c, 0x6c,
  0x3d, 0x5c, 0x22, 0x23, 0x64, 0x64, 0x30, 0x30, 0x30, 0x30, 0x5c, 0x22,
  0x2f, 0x3e, 0x3c, 0x72, 0x65, 0x63, 0x74, 0x20, 0x79, 0x3d, 0x5c, 0x22,
  0x31, 0x33, 0x2e, 0x33, 0x33, 0x5c, 0x22, 0x20, 0x77, 0x69, 0x64, 0x74,
  0x68, 0x3d, 0x5c, 0x22, 0x33, 0x30, 0x5c, 0x22, 0x20, 0x68, 0x65, 0x69,
  0x67, 0x68, 0x74, 0x3d, 0x5c, 0x22, 0x36, 0x2e, 0x36, 0x37, 0x5c, 0x22,
  0x20, 0x66, 0x69, 0x6c, 0x6c, 0x3d, 0x5c, 0x22, 0x23, 0x66, 0x66, 0x63,
  0x65, 0x30, 0x30, 0x5c, 0x22, 0x2f, 0x3e, 0x3c, 0x2f, 0x73, 0x76, 0x67,
  0x3e, 0x22, 0x2c, 0x20, 0x22, 0x62, 0x72, 0x22, 0x3a, 0x20, 0x22, 0x3c,
  0x73, 0x76, 0x67, 0x20, 0x76, 0x69, 0x65, 0x77, 0x42, 0x6f, 0x78, 0x3d,
  0x5c, 0x22, 0x30, 0x20, 0x30, 0x20, 0x33, 0x30, 0x20, 0x32, 0x30, 0x5c,
  0x22, 0x3e, 0x3c, 0x72, 0x65, 0x63, 0x74, 0x20, 0x77, 0x69, 0x64, 0x74,
  0x68, 0x3d, 0x5c, 0x22, 0x33, 0x30, 0x5c, 0x22, 0x20, 0x68, 0x65, 0x69,
  0x67, 0x68, 0x74, 0x3d, 0x5c, 0x22, 0x32, 0x30, 0x5c, 0x22, 0x20, 0x66,
  0x69, 0x6c, 0x6c, 0x3d, 0x5c, 0x22, 0x23, 0x30, 0x30, 0x39, 0x63, 0x33,
  0x62, 0x5c, 0x22, 0x2f, 0x3e, 0x3c, 0x70, 0x61, 0x74, 0x68, 0x20, 0x64,
  0x3d, 0x5c, 0x22, 0x4d, 0x31, 0x35, 0x20, 0x32, 0x2e, 0x35, 0x4c, 0x32,
  0x37, 0x20, 0x31, 0x30, 0x20, 0x31, 0x35, 0x20, 0x31, 0x37, 0x2e, 0x35,
  0x20, 0x33, 0x20, 0x31, 0x30, 0x7a, 0x5c, 0x22, 0x20, 0x66, 0x69, 0x6c,
  0x6c, 0x3d, 0x5c, 0x22, 0x23, 0x66, 0x66, 0x64, 0x66, 0x30, 0x30, 0x5c,
  0x22, 0x2f, 0x3e, 0x3c, 0x63, 0x69, 0x72, 0x63, 0x6c, 0x65, 0x20, 0x63,
  0x78, 0x3d, 0x5c, 0x22, 0x31, 0x35, 0x5c, 0x22, 0x20, 0x63, 0x79, 0x3d,
  0x5c, 0x22, 0x31, 0x30, 0x5c, 0x22, 0x20, 0x72, 0x3d, 0x5c, 0x22, 0x34,
  0x2e, 0x32, 0x5c, 0x22, 0x20, 0x66, 0x69, 0x6c, 0x6c, 0x3d, 0x5c, 0x22,
  0x23, 0x30, 0x30, 0x32, 0x37, 0x37, 0x36, 0x5c, 0x22, 0x2f, 0x3e, 0x3c,
  0x70, 0x61, 0x74, 0x68, 0x20, 0x64, 0x3d, 0x5c, 0x22, 0x4d, 0x31, 0x31,
  0x20, 0x39, 0x2e, 0x33, 0x63, 0x32, 0x2e, 0x37, 0x2d, 0x2e, 0x36, 0x20,
  0x35, 0x2e, 0x36, 0x2d, 0x2e, 0x33, 0x20, 0x38, 0x20, 0x2e, 0x39, 0x5c,
  0x22, 0x20, 0x73, 0x74, 0x72, 0x6f, 0x6b, 0x65, 0x3d, 0x5c, 0x22, 0x23,
  0x66, 0x66, 0x66, 0x5c, 0x22, 0x20, 0x73, 0x74, 0x72, 0x6f, 0x6b, 0x65,
  0x2d, 0x77, 0x69, 0x64, 0x74, 0x68, 0x3d, 0x5c, 0x22, 0x2e, 0x37, 0x5c,
  0x22, 0x20, 0x66, 0x69, 0x6c, 0x6c, 0x3d, 0x5c, 0x22, 0x6e, 0x6f, 0x6e,
  0x65, 0x5c, 0x22, 0x2f, 0x3e, 0x3c, 0x2f, 0x73, 0x76, 0x67, 0x3e, 0x22,
  0x2c, 0x20, 0x22, 0x72, 0x75, 0x22, 0x3a, 0x20, 0x22, 0x3c, 0x73, 0x76,
  0x67, 0x20, 0x76, 0x69, 0x65, 0x77, 0x42, 0x6f, 0x78, 0x3d, 0x5c, 0x22,
  0x30, 0x20, 0x30, 0x20, 0x33, 0x30, 0x20, 0x32, 0x30, 0x5c, 0x22, 0x3e,
  0x3c, 0x72, 0x65, 0x63, 0x74, 0x20, 0x77, 0x69, 0x64, 0x74, 0x68, 0x3d,
  0x5c, 0x22, 0x33, 0x30, 0x5c, 0x22, 0x20, 0x68, 0x65, 0x69, 0x67, 0x68,
  0x74, 0x3d, 0x5c, 0x22, 0x36, 0x2e, 0x36, 0x37, 0x5c, 0x22, 0x20, 0x66,
  0x69, 0x6c, 0x6c, 0x3d, 0x5c, 0x22, 0x23, 0x66, 0x66, 0x66, 0x5c, 0x22,
  0x2f, 0x3e, 0x3c, 0x72, 0x65, 0x63, 0x74, 0x20, 0x79, 0x3d, 0x5c, 0x22,
  0x36, 0x2e, 0x36, 0x37, 0x5c, 0x22, 0x20, 0x77, 0x69, 0x64, 0x74, 0x68,
  0x3d, 0x5c, 0x22, 0x33, 0x30, 0x5c, 0x22, 0x20, 0x68, 0x65, 0x69, 0x67,
  0x68, 0x74, 0x3d, 0x5c, 0x22, 0x36, 0x2e, 0x36, 0x37, 0x5c, 0x22, 0x20,
  0x66, 0x69, 0x6c, 0x6c, 0x3d, 0x5c, 0x22, 0x23, 0x30, 0x30, 0x33, 0x39,
  0x61, 0x36, 0x5c, 0x22, 0x2f, 0x3e, 0x3c, 0x72, 0x65, 0x63, 0x74, 0x20,
  0x79, 0x3d, 0x5c, 0x22, 0x31, 0x33, 0x2e, 0x33, 0x33, 0x5c, 0x22, 0x20,
  0x77, 0x69, 0x64, 0x74, 0x68, 0x3d, 0x5c, 0x22, 0x33, 0x30, 0x5c, 0x22,
  0x20, 0x68, 0x65, 0x69, 0x67, 0x68, 0x74, 0x3d, 0x5c, 0x22, 0x36, 0x2e,
  0x36, 0x37, 0x5c, 0x22, 0x20, 0x66, 0x69, 0x6c, 0x6c, 0x3d, 0x5c, 0x22,
  0x23, 0x64, 0x35, 0x32, 0x62, 0x31, 0x65, 0x5c, 0x22, 0x2f, 0x3e, 0x3c,
  0x2f, 0x73, 0x76, 0x67, 0x3e, 0x22, 0x2c, 0x20, 0x22, 0x6a, 0x70, 0x22,
  0x3a, 0x20, 0x22, 0x3c, 0x73, 0x76, 0x67, 0x20, 0x76, 0x69, 0x65, 0x77,
  0x42, 0x6f, 0x78, 0x3d, 0x5c, 0x22, 0x30, 0x20, 0x30, 0x20, 0x33, 0x30,
  0x20, 0x32, 0x30, 0x5c, 0x22, 0x3e, 0x3c, 0x72, 0x65, 0x63, 0x74, 0x20,
  0x77, 0x69, 0x64, 0x74, 0x68, 0x3d, 0x5c, 0x22, 0x33, 0x30, 0x5c, 0x22,
  0x20, 0x68, 0x65, 0x69, 0x67, 0x68, 0x74, 0x3d, 0x5c, 0x22, 0x32, 0x30,
  0x5c, 0x22, 0x20, 0x66, 0x69, 0x6c, 0x6c, 0x3d, 0x5c, 0x22, 0x23, 0x66,
  0x66, 0x66, 0x5c, 0x22, 0x2f, 0x3e, 0x3c, 0x63, 0x69, 0x72, 0x63, 0x6c,
  0x65, 0x20, 0x63, 0x78, 0x3d, 0x5c, 0x22, 0x31, 0x35, 0x5c, 0x22, 0x20,
  0x63, 0x79, 0x3d, 0x5c, 0x22, 0x31, 0x30, 0x5c, 0x22, 0x20, 0x72, 0x3d,
  0x5c, 0x22, 0x36, 0x5c, 0x22, 0x20, 0x66, 0x69, 0x6c, 0x6c, 0x3d, 0x5c,
  0x22, 0x23, 0x62, 0x63, 0x30, 0x30, 0x32, 0x64, 0x5c, 0x22, 0x2f, 0x3e,
  0x3c, 0x2f, 0x73, 0x76, 0x67, 0x3e, 0x22, 0x2c, 0x20, 0x22, 0x63, 0x6e,
  0x22, 0x3a, 0x20, 0x22, 0x3c, 0x73, 0x76, 0x67, 0x20, 0x76, 0x69, 0x65,
  0x77, 0x42, 0x6f, 0x78, 0x3d, 0x5c, 0x22, 0x30, 0x20, 0x30, 0x20, 0x33,
  0x30, 0x20, 0x32, 0x30, 0x5c, 0x22, 0x3e, 0x3c, 0x72, 0x65, 0x63, 0x74,
  0x20, 0x77, 0x69, 0x64, 0x74, 0x68, 0x3d, 0x5c, 0x22, 0x33, 0x30, 0x5c,
  0x22, 0x20, 0x68, 0x65, 0x69, 0x67, 0x68, 0x74, 0x3d, 0x5c, 0x22, 0x32,
  0x30, 0x5c, 0x22, 0x20, 0x66, 0x69, 0x6c, 0x6c, 0x3d, 0x5c, 0x22, 0x23,
  0x64, 0x65, 0x32, 0x39, 0x31, 0x30, 0x5c, 0x22, 0x2f, 0x3e, 0x3c, 0x70,
  0x61, 0x74, 0x68, 0x20, 0x64, 0x3d, 0x5c, 0x22, 0x4d, 0x35, 0x20, 0x32,
  0x2e, 0x35, 0x6c, 0x31, 0x2e, 0x31, 0x38, 0x20, 0x33, 0x2e, 0x36, 0x48,
  0x31, 0x30, 0x6c, 0x2d, 0x33, 0x2e, 0x31, 0x20, 0x32, 0x2e, 0x32, 0x20,
  0x31, 0x2e, 0x32, 0x20, 0x33, 0x2e, 0x36, 0x4c, 0x35, 0x20, 0x39, 0x2e,
  0x37, 0x6c, 0x2d, 0x33, 0x2e, 0x31, 0x20, 0x32, 0x2e, 0x32, 0x20, 0x31,
  0x2e, 0x32, 0x2d, 0x33, 0x2e, 0x36, 0x4c, 0x30, 0x20, 0x36, 0x2e, 0x31,
  0x68, 0x33, 0x2e, 0x38, 0x7a, 0x5c, 0x22, 0x20, 0x66, 0x69, 0x6c, 0x6c,
  0x3d, 0x5c, 0x22, 0x23, 0x66, 0x66, 0x64, 0x65, 0x30, 0x30, 0x5c, 0x22,
  0x2f, 0x3e, 0x3c, 0x67, 0x20, 0x66, 0x69, 0x6c, 0x6c, 0x3d, 0x5c, 0x22,
  0x23, 0x66, 0x66, 0x64, 0x65, 0x30, 0x30, 0x5c, 0x22, 0x3e, 0x3c, 0x63,
  0x69, 0x72, 0x63, 0x6c, 0x65, 0x20, 0x63, 0x78, 0x3d, 0x5c, 0x22, 0x31,
  0x31, 0x5c, 0x22, 0x20, 0x63, 0x79, 0x3d, 0x5c, 0x22, 0x32, 0x2e, 0x35,
  0x5c, 0x22, 0x20, 0x72, 0x3d, 0x5c, 0x22, 0x2e, 0x39, 0x5c, 0x22, 0x2f,
  0x3e, 0x3c, 0x63, 0x69, 0x72, 0x63, 0x6c, 0x65, 0x20, 0x63, 0x78, 0x3d,
  0x5c, 0x22, 0x31, 0x33, 0x5c, 0x22, 0x20, 0x63, 0x79, 0x3d, 0x5c, 0x22,
  0x34, 0x2e, 0x36, 0x5c, 0x22, 0x20, 0x72, 0x3d, 0x5c, 0x22, 0x2e, 0x39,
  0x5c, 0x22, 0x2f, 0x3e, 0x3c, 0x63, 0x69, 0x72, 0x63, 0x6c, 0x65, 0x20,
  0x63, 0x78, 0x3d, 0x5c, 0x22, 0x31, 0x33, 0x5c, 0x22, 0x20, 0x63, 0x79,
  0x3d, 0x5c, 0x22, 0x37, 0x2e, 0x36, 0x5c, 0x22, 0x20, 0x72, 0x3d, 0x5c,
  0x22, 0x2e, 0x39, 0x5c, 0x22, 0x2f, 0x3e, 0x3c, 0x63, 0x69, 0x72, 0x63,
  0x6c, 0x65, 0x20, 0x63, 0x78, 0x3d, 0x5c, 0x22, 0x31, 0x31, 0x5c, 0x22,
  0x20, 0x63, 0x79, 0x3d, 0x5c, 0x22, 0x39, 0x2e, 0x36, 0x5c, 0x22, 0x20,
  0x72, 0x3d, 0x5c, 0x22, 0x2e, 0x39, 0x5c, 0x22, 0x2f, 0x3e, 0x3c, 0x2f,
  0x67, 0x3e, 0x3c, 0x2f, 0x73, 0x76, 0x67, 0x3e, 0x22, 0x2c, 0x20, 0x22,
  0x69, 0x74, 0x22, 0x3a, 0x20, 0x22, 0x3c, 0x73, 0x76, 0x67, 0x20, 0x76,
  0x69, 0x65, 0x77, 0x42, 0x6f, 0x78, 0x3d, 0x5c, 0x22, 0x30, 0x20, 0x30,
  0x20, 0x33, 0x30, 0x20, 0x32, 0x30, 0x5c, 0x22, 0x3e, 0x3c, 0x72, 0x65,
  0x63, 0x74, 0x20, 0x77, 0x69, 0x64, 0x74, 0x68, 0x3d, 0x5c, 0x22, 0x31,
  0x30, 0x5c, 0x22, 0x20, 0x68, 0x65, 0x69, 0x67, 0x68, 0x74, 0x3d, 0x5c,
  0x22, 0x32, 0x30, 0x5c, 0x22, 0x20, 0x66, 0x69, 0x6c, 0x6c, 0x3d, 0x5c,
  0x22, 0x23, 0x30, 0x30, 0x39, 0x32, 0x34, 0x36, 0x5c, 0x22, 0x2f, 0x3e,
  0x3c, 0x72, 0x65, 0x63, 0x74, 0x20, 0x78, 0x3d, 0x5c, 0x22, 0x31, 0x30,
  0x5c, 0x22, 0x20, 0x77, 0x69, 0x64, 0x74, 0x68, 0x3d, 0x5c, 0x22, 0x31,
  0x30, 0x5c, 0x22, 0x20, 0x68, 0x65, 0x69, 0x67, 0x68, 0x74, 0x3d, 0x5c,
  0x22, 0x32, 0x30, 0x5c, 0x22, 0x20, 0x66, 0x69, 0x6c, 0x6c, 0x3d, 0x5c,
  0x22, 0x23, 0x66, 0x66, 0x66, 0x5c, 0x22, 0x2f, 0x3e, 0x3c, 0x72, 0x65,
  0x63, 0x74, 0x20, 0x78, 0x3d, 0x5c, 0x22, 0x32, 0x30, 0x5c, 0x22, 0x20,
  0x77, 0x69, 0x64, 0x74, 0x68, 0x3d, 0x5c, 0x22, 0x31, 0x30, 0x5c, 0x22,
  0x20, 0x68, 0x65, 0x69, 0x67, 0x68, 0x74, 0x3d, 0x5c, 0x22, 0x32, 0x30,
  0x5c, 0x22, 0x20, 0x66, 0x69, 0x6c, 0x6c, 0x3d, 0x5c, 0x22, 0x23, 0x63,
  0x65, 0x32, 0x62, 0x33, 0x37, 0x5c, 0x22, 0x2f, 0x3e, 0x3c, 0x2f, 0x73,
  0x76, 0x67, 0x3e, 0x22, 0x2c, 0x20, 0x22, 0x69, 0x6c, 0x22, 0x3a, 0x20,
  0x22, 0x3c, 0x73, 0x76, 0x67, 0x20, 0x76, 0x69, 0x65, 0x77, 0x42, 0x6f,
  0x78, 0x3d, 0x5c, 0x22, 0x30, 0x20, 0x30, 0x20, 0x33, 0x30, 0x20, 0x32,
  0x30, 0x5c, 0x22, 0x3e, 0x3c, 0x72, 0x65, 0x63, 0x74, 0x20, 0x77, 0x69,
  0x64, 0x74, 0x68, 0x3d, 0x5c, 0x22, 0x33, 0x30, 0x5c, 0x22, 0x20, 0x68,
  0x65, 0x69, 0x67, 0x68, 0x74, 0x3d, 0x5c, 0x22, 0x32, 0x30, 0x5c, 0x22,
  0x20, 0x66, 0x69, 0x6c, 0x6c, 0x3d, 0x5c, 0x22, 0x23, 0x66, 0x66, 0x66,
  0x5c, 0x22, 0x2f, 0x3e, 0x3c, 0x72, 0x65, 0x63, 0x74, 0x20, 0x79, 0x3d,
  0x5c, 0x22, 0x32, 0x2e, 0x32, 0x5c, 0x22, 0x20, 0x77, 0x69, 0x64, 0x74,
  0x68, 0x3d, 0x5c, 0x22, 0x33, 0x30, 0x5c, 0x22, 0x20, 0x68, 0x65, 0x69,
  0x67, 0x68, 0x74, 0x3d, 0x5c, 0x22, 0x32, 0x2e, 0x34, 0x5c, 0x22, 0x20,
  0x66, 0x69, 0x6c, 0x6c, 0x3d, 0x5c, 0x22, 0x23, 0x30, 0x30, 0x33, 0x38,
  0x62, 0x38, 0x5c, 0x22, 0x2f, 0x3e, 0x3c, 0x72, 0x65, 0x63, 0x74, 0x20,
  0x79, 0x3d, 0x5c, 0x22, 0x31, 0x35, 0x2e, 0x34, 0x5c, 0x22, 0x20, 0x77,
  0x69, 0x64, 0x74, 0x68, 0x3d, 0x5c, 0x22, 0x33, 0x30, 0x5c, 0x22, 0x20,
  0x68, 0x65, 0x69, 0x67, 0x68, 0x74, 0x3d, 0x5c, 0x22, 0x32, 0x2e, 0x34,
  0x5c, 0x22, 0x20, 0x66, 0x69, 0x6c, 0x6c, 0x3d, 0x5c, 0x22, 0x23, 0x30,
  0x30, 0x33, 0x38, 0x62, 0x38, 0x5c, 0x22, 0x2f, 0x3e, 0x3c, 0x70, 0x61,
  0x74, 0x68, 0x20, 0x64, 0x3d, 0x5c, 0x22, 0x4d, 0x31, 0x35, 0x20, 0x36,
  0x2e, 0x32, 0x6c, 0x31, 0x2e, 0x33, 0x35, 0x20, 0x34, 0x2e, 0x31, 0x35,
  0x68, 0x34, 0x2e, 0x33, 0x35, 0x6c, 0x2d, 0x33, 0x2e, 0x35, 0x32, 0x20,
  0x32, 0x2e, 0x35, 0x36, 0x20, 0x31, 0x2e, 0x33, 0x35, 0x20, 0x34, 0x2e,
  0x31, 0x35, 0x4c, 0x31, 0x35, 0x20, 0x31, 0x34, 0x2e, 0x35, 0x6c, 0x2d,
  0x33, 0x2e, 0x35, 0x33, 0x20, 0x32, 0x2e, 0x35, 0x36, 0x20, 0x31, 0x2e,
  0x33, 0x35, 0x2d, 0x34, 0x2e, 0x31, 0x35, 0x2d, 0x33, 0x2e, 0x35, 0x32,
  0x2d, 0x32, 0x2e, 0x35, 0x36, 0x68, 0x34, 0x2e, 0x33, 0x35, 0x7a, 0x5c,
  0x22, 0x20, 0x66, 0x69, 0x6c, 0x6c, 0x3d, 0x5c, 0x22, 0x6e, 0x6f, 0x6e,
  0x65, 0x5c, 0x22, 0x20, 0x73, 0x74, 0x72, 0x6f, 0x6b, 0x65, 0x3d, 0x5c,
  0x22, 0x23, 0x30, 0x30, 0x33, 0x38, 0x62, 0x38, 0x5c, 0x22, 0x20, 0x73,
  0x74, 0x72, 0x6f, 0x6b, 0x65, 0x2d, 0x77, 0x69, 0x64, 0x74, 0x68, 0x3d,
  0x5c, 0x22, 0x31, 0x5c, 0x22, 0x2f, 0x3e, 0x3c, 0x2f, 0x73, 0x76, 0x67,
  0x3e, 0x22, 0x7d, 0x3b, 0x0a, 0x76, 0x61, 0x72, 0x20, 0x49, 0x31, 0x38,
  0x4e, 0x20, 0x3d, 0x20, 0x7b, 0x0a, 0x65, 0x6e, 0x3a, 0x7b, 0x22, 0x6c,
  0x61, 0x6e, 0x67, 0x75, 0x61, 0x67, 0x65, 0x22, 0x3a, 0x22, 0x4c, 0x61,
  0x6e, 0x67, 0x75, 0x61, 0x67, 0x65, 0x22, 0x2c, 0x22, 0x6c, 0x61, 0x6e,
  0x67, 0x53, 0x65, 0x74, 0x22, 0x3a, 0x22, 0x4c, 0x61, 0x6e, 0x67, 0x75,
  0x61, 0x67, 0x65, 0x3a, 0x20, 0x7b, 0x6e, 0x61, 0x6d, 0x65, 0x7d, 0x22,
  0x2c, 0x22, 0x63, 0x6f, 0x6e, 0x6e, 0x65, 0x63, 0x74, 0x69, 0x6e, 0x67,
  0x22, 0x3a, 0x22, 0x43, 0x6f, 0x6e, 0x6e, 0x65, 0x63, 0x74, 0x69, 0x6e,
  0x67, 0xe2, 0x80, 0xa6, 0x22, 0x2c, 0x22, 0x73, 0x74, 0x61, 0x74, 0x75,
  0x73, 0x22, 0x3a, 0x22, 0x53, 0x74, 0x61, 0x74, 0x75, 0x73, 0x22, 0x2c,
  0x22, 0x62, 0x6c, 0x75, 0x65, 0x74, 0x6f, 0x6f, 0x74, 0x68, 0x22, 0x3a,
  0x22, 0x42, 0x6c, 0x75, 0x65, 0x74, 0x6f, 0x6f, 0x74, 0x68, 0x22, 0x2c,
  0x22, 0x63, 0x6f, 0x6e, 0x6e, 0x65, 0x63, 0x74, 0x65, 0x64, 0x22, 0x3a,
  0x22, 0x43, 0x6f, 0x6e, 0x6e, 0x65, 0x63, 0x74, 0x65, 0x64, 0x22, 0x2c,
  0x22, 0x70, 0x61, 0x69, 0x72, 0x65, 0x64, 0x22, 0x3a, 0x22, 0x50, 0x61,
  0x69, 0x72, 0x65, 0x64, 0x22, 0x2c, 0x22, 0x74, 0x69, 0x70, 0x55, 0x73,
  0x65, 0x72, 0x73, 0x22, 0x3a, 0x22, 0x50, 0x6c, 0x61, 0x79, 0x20, 0x6f,
  0x6e, 0x20, 0x79, 0x6f, 0x75, 0x72, 0x20, 0x6d, 0x61, 0x69, 0x6e, 0x20,
  0x75, 0x73, 0x65, 0x72, 0x20, 0x61, 0x6e, 0x64, 0x20, 0x70, 0x72, 0x65,
  0x73, 0x73, 0x20, 0x7b, 0x70, 0x73, 0x7d, 0x20, 0x6f, 0x6e, 0x20, 0x61,
  0x20, 0x63, 0x6f, 0x6e, 0x74, 0x72, 0x6f, 0x6c, 0x6c, 0x65, 0x72, 0x27,
  0x73, 0x20, 0x63, 0x61, 0x72, 0x64, 0x20, 0x74, 0x6f, 0x20, 0x67, 0x69,
  0x76, 0x65, 0x20, 0x69, 0x74, 0x20, 0x74, 0x68, 0x65, 0x20, 0x63, 0x6f,
  0x6e, 0x73, 0x6f, 0x6c, 0x65, 0x27, 0x73, 0x20, 0x66, 0x6f, 0x63, 0x75,
  0x73, 0x2e, 0x22, 0x2c, 0x22, 0x72, 0x65, 0x74, 0x72, 0x79, 0x42, 0x74,
  0x22, 0x3a, 0x22, 0x52, 0x65, 0x74, 0x72, 0x79, 0x20, 0x42, 0x6c, 0x75,
  0x65, 0x74, 0x6f, 0x6f, 0x74, 0x68, 0x22, 0x2c, 0x22, 0x70, 0x61, 0x69,
  0x72, 0x69, 0x6e, 0x67, 0x22, 0x3a, 0x22, 0x50, 0x61, 0x69, 0x72, 0x69,
  0x6e, 0x67, 0x22, 0x2c, 0x22, 0x70, 0x61, 0x69, 0x72, 0x49, 0x64, 0x6c,
  0x65, 0x22, 0x3a, 0x22, 0x50, 0x72, 0x65, 0x73, 0x73, 0x20, 0x74, 0x68,
  0x65, 0x20, 0x62, 0x75, 0x74, 0x74, 0x6f, 0x6e, 0x2c, 0x20, 0x74, 0x68,
  0x65, 0x6e, 0x20, 0x70, 0x75, 0x74, 0x20, 0x74, 0x68, 0x65, 0x20, 0x63,
  0x6f, 0x6e, 0x74, 0x72, 0x6f, 0x6c, 0x6c, 0x65, 0x72, 0x20, 0x69, 0x6e,
  0x20, 0x70, 0x61, 0x69, 0x72, 0x69, 0x6e, 0x67, 0x20, 0x6d, 0x6f, 0x64,
  0x65, 0x2e, 0x20, 0x4b, 0x65, 0x65, 0x70, 0x20, 0x74, 0x68, 0x65, 0x20,
  0x44, 0x75, 0x61, 0x6c, 0x53, 0x65, 0x6e, 0x73, 0x65, 0x20, 0x6f, 0x66,
  0x66, 0x20, 0x77, 0x68, 0x69, 0x6c, 0x65, 0x20, 0x70, 0x61, 0x69, 0x72,
  0x69, 0x6e, 0x67, 0x2e, 0x22, 0x2c, 0x22, 0x70, 0x61, 0x69, 0x72, 0x42,
  0x74, 0x6e, 0x22, 0x3a, 0x22, 0x50, 0x61, 0x69, 0x72, 0x20, 0x61, 0x20,
  0x63, 0x6f, 0x6e, 0x74, 0x72, 0x6f, 0x6c, 0x6c, 0x65, 0x72, 0x20, 0x28,
  0x36, 0x30, 0x20, 0x73, 0x29, 0x22, 0x2c, 0x22, 0x63, 0x6f, 0x6e, 0x6e,
  0x65, 0x63, 0x74, 0x65, 0x64, 0x54, 0x69, 0x74, 0x6c, 0x65, 0x22, 0x3a,
  0x22, 0x43, 0x6f, 0x6e, 0x6e, 0x65, 0x63, 0x74, 0x65, 0x64, 0x20, 0x63,
  0x6f, 0x6e, 0x74, 0x72, 0x6f, 0x6c, 0x6c, 0x65, 0x72, 0x73, 0x22, 0x2c,
  0x22, 0x75, 0x70, 0x54, 0x6f, 0x34, 0x22, 0x3a, 0x22, 0x55, 0x70, 0x20,
  0x74, 0x6f, 0x20, 0x34, 0x22, 0x2c, 0x22, 0x70, 0x61, 0x69, 0x72, 0x65,
  0x64, 0x54, 0x69, 0x74, 0x6c, 0x65, 0x22, 0x3a, 0x22, 0x50, 0x61, 0x69,
  0x72, 0x65, 0x64, 0x20, 0x63, 0x6f, 0x6e, 0x74, 0x72, 0x6f, 0x6c, 0x6c,
  0x65, 0x72, 0x73, 0x22, 0x2c, 0x22, 0x73, 0x77, 0x69, 0x74, 0x63, 0x68,
  0x4f, 0x6e, 0x22, 0x3a, 0x22, 0x53, 0x77, 0x69, 0x74, 0x63, 0x68, 0x20,
  0x6f, 0x6e, 0x65, 0x20, 0x6f, 0x6e, 0x20, 0x74, 0x6f, 0x20, 0x63, 0x6f,
  0x6e, 0x6e, 0x65, 0x63, 0x74, 0x20, 0x69, 0x74, 0x22, 0x2c, 0x22, 0x6c,
  0x6f, 0x67, 0x22, 0x3a, 0x22, 0x4c, 0x6f, 0x67, 0x22, 0x2c, 0x22, 0x73,
  0x68, 0x6f, 0x77, 0x22, 0x3a, 0x22, 0x53, 0x68, 0x6f, 0x77, 0x22, 0x2c,
  0x22, 0x68, 0x69, 0x64, 0x65, 0x22, 0x3a, 0x22, 0x48, 0x69, 0x64, 0x65,
  0x22, 0x2c, 0x22, 0x6c, 0x6f, 0x61, 0x64, 0x69, 0x6e, 0x67, 0x22, 0x3a,
  0x22, 0x4c, 0x6f, 0x61, 0x64, 0x69, 0x6e, 0x67, 0xe2, 0x80, 0xa6, 0x22,
  0x2c, 0x22, 0x72, 0x65, 0x66, 0x72, 0x65, 0x73, 0x68, 0x22, 0x3a, 0x22,
  0x52, 0x65, 0x66, 0x72, 0x65, 0x73, 0x68, 0x22, 0x2c, 0x22, 0x66, 0x6f,
  0x6f, 0x74, 0x65, 0x72, 0x22, 0x3a, 0x22, 0x43, 0x6c, 0x6f, 0x73, 0x69,
  0x6e, 0x67, 0x20, 0x74, 0x68, 0x69, 0x73, 0x20, 0x70, 0x61, 0x67, 0x65,
  0x20, 0x6c, 0x65, 0x61, 0x76, 0x65, 0x73, 0x20, 0x50, 0x61, 0x64, 0x42,
  0x72, 0x69, 0x64, 0x67, 0x65, 0x20, 0x72, 0x75, 0x6e, 0x6e, 0x69, 0x6e,
  0x67, 0x2e, 0x20, 0x53, 0x74, 0x6f, 0x70, 0x20, 0x69, 0x74, 0x20, 0x62,
  0x65, 0x66, 0x6f, 0x72, 0x65, 0x20, 0x6c, 0x6f, 0x61, 0x64, 0x69, 0x6e,
  0x67, 0x20, 0x74, 0x68, 0x65, 0x20, 0x45, 0x4c, 0x46, 0x20, 0x61, 0x67,
  0x61, 0x69, 0x6e, 0x3a, 0x20, 0x63, 0x6f, 0x6e, 0x74, 0x72, 0x6f, 0x6c,
  0x6c, 0x65, 0x72, 0x73, 0x20, 0x64, 0x69, 0x73, 0x63, 0x6f, 0x6e, 0x6e,
  0x65, 0x63, 0x74, 0x20, 0x61, 0x6e, 0x64, 0x20, 0x42, 0x6c, 0x75, 0x65,
  0x74, 0x6f, 0x6f, 0x74, 0x68, 0x20, 0x69, 0x73, 0x20, 0x6c, 0x65, 0x66,
  0x74, 0x20, 0x61, 0x73, 0x20, 0x69, 0x74, 0x20, 0x77, 0x61, 0x73, 0x2e,
  0x22, 0x2c, 0x22, 0x73, 0x74, 0x6f, 0x70, 0x42, 0x74, 0x6e, 0x22, 0x3a,
  0x22, 0x53, 0x74, 0x6f, 0x70, 0x20, 0x50, 0x61, 0x64, 0x42, 0x72, 0x69,
  0x64, 0x67, 0x65, 0x20, 0x28, 0x61, 0x64, 0x76, 0x61, 0x6e, 0x63, 0x65,
  0x64, 0x29, 0x22, 0x2c, 0x22, 0x70, 0x72, 0x65, 0x73, 0x73, 0x50, 0x73,
  0x22, 0x3a, 0x22, 0x50, 0x72, 0x65, 0x73, 0x73, 0x20, 0x50, 0x53, 0x22,
  0x2c, 0x22, 0x72, 0x75, 0x6d, 0x62, 0x6c, 0x65, 0x22, 0x3a, 0x22, 0x52,
  0x75, 0x6d, 0x62, 0x6c, 0x65, 0x22, 0x2c, 0x22, 0x66, 0x6f, 0x72, 0x67,
  0x65, 0x74, 0x22, 0x3a, 0x22, 0x46, 0x6f, 0x72, 0x67, 0x65, 0x74, 0x22,
  0x2c, 0x22, 0x70, 0x73, 0x54, 0x69, 0x74, 0x6c, 0x65, 0x22, 0x3a, 0x22,
  0x53, 0x61, 0x6d, 0x65, 0x20, 0x61, 0x73, 0x20, 0x68, 0x6f, 0x6c, 0x64,
  0x69, 0x6e, 0x67, 0x20, 0x50, 0x53, 0x3a, 0x20, 0x67, 0x69, 0x76, 0x65,
  0x73, 0x20, 0x74, 0x68, 0x69, 0x73, 0x20, 0x63, 0x6f, 0x6e, 0x74, 0x72,
  0x6f, 0x6c, 0x6c, 0x65, 0x72, 0x20, 0x74, 0x68, 0x65, 0x20, 0x63, 0x6f,
  0x6e, 0x73, 0x6f, 0x6c, 0x65, 0x27, 0x73, 0x20, 0x66, 0x6f, 0x63, 0x75,
  0x73, 0x22, 0x2c, 0x22, 0x72, 0x75, 0x6d, 0x62, 0x6c, 0x65, 0x54, 0x69,
  0x74, 0x6c, 0x65, 0x22, 0x3a, 0x22, 0x52, 0x75, 0x6d, 0x62, 0x6c, 0x65,
  0x73, 0x20, 0x74, 0x68, 0x69, 0x73, 0x20, 0x63, 0x6f, 0x6e, 0x74, 0x72,
  0x6f, 0x6c, 0x6c, 0x65, 0x72, 0x20, 0x66, 0x6f, 0x72, 0x20, 0x68, 0x61,
  0x6c, 0x66, 0x20, 0x61, 0x20, 0x73, 0x65, 0x63, 0x6f, 0x6e, 0x64, 0x22,
  0x2c, 0x22, 0x70, 0x73, 0x44, 0x6f, 0x6e, 0x65, 0x22, 0x3a, 0x22, 0x50,
  0x53, 0x20, 0x70, 0x72, 0x65, 0x73, 0x73, 0x65, 0x64, 0x20, 0x6f, 0x6e,
  0x20, 0x50, 0x7b, 0x6e, 0x7d, 0x22, 0x2c, 0x22, 0x72, 0x75, 0x6d, 0x62,
  0x6c, 0x65, 0x44, 0x6f, 0x6e, 0x65, 0x22, 0x3a, 0x22, 0x52, 0x75, 0x6d,
  0x62, 0x6c, 0x65, 0x20, 0x73, 0x65, 0x6e, 0x74, 0x20, 0x74, 0x6f, 0x20,
  0x50, 0x7b, 0x6e, 0x7d, 0x22, 0x2c, 0x22, 0x6e, 0x6f, 0x52, 0x75, 0x6d,
  0x62, 0x6c, 0x65, 0x22, 0x3a, 0x22, 0x54, 0x68, 0x69, 0x73, 0x20, 0x63,
  0x6f, 0x6e, 0x74, 0x72, 0x6f, 0x6c, 0x6c, 0x65, 0x72, 0x20, 0x63, 0x61,
  0x6e, 0x6e, 0x6f, 0x74, 0x20, 0x72, 0x75, 0x6d, 0x62, 0x6c, 0x65, 0x22,
  0x2c, 0x22, 0x73, 0x75, 0x72, 0x65, 0x22, 0x3a, 0x22, 0x53, 0x75, 0x72,
  0x65, 0x3f, 0x22, 0x2c, 0x22, 0x66, 0x6f, 0x72, 0x67, 0x6f, 0x74, 0x74,
  0x65, 0x6e, 0x22, 0x3a, 0x22, 0x46, 0x6f, 0x72, 0x67, 0x6f, 0x74, 0x74,
  0x65, 0x6e, 0x20, 0x2d, 0x20, 0x70, 0x61, 0x69, 0x72, 0x20, 0x69, 0x74,
  0x20, 0x61, 0x67, 0x61, 0x69, 0x6e, 0x20, 0x74, 0x6f, 0x20, 0x75, 0x73,
  0x65, 0x20, 0x69, 0x74, 0x22, 0x2c, 0x22, 0x66, 0x61, 0x69, 0x6c, 0x65,
  0x64, 0x22, 0x3a, 0x22, 0x54, 0x68, 0x61, 0x74, 0x20, 0x64, 0x69, 0x64,
  0x20, 0x6e, 0x6f, 0x74, 0x20, 0x77, 0x6f, 0x72, 0x6b, 0x22, 0x2c, 0x22,
  0x62, 0x61, 0x74, 0x74, 0x65, 0x72, 0x79, 0x22, 0x3a, 0x22, 0x42, 0x61,
  0x74, 0x74, 0x65, 0x72, 0x79, 0x20, 0x7b, 0x6e, 0x7d, 0x25, 0x22, 0x2c,
  0x22, 0x63, 0x68, 0x61, 0x72, 0x67, 0x69, 0x6e, 0x67, 0x22, 0x3a, 0x22,
  0x63, 0x68, 0x61, 0x72, 0x67, 0x69, 0x6e, 0x67, 0x22, 0x2c, 0x22, 0x6e,
  0x6f, 0x42, 0x61, 0x74, 0x74, 0x65, 0x72, 0x79, 0x22, 0x3a, 0x22, 0x42,
  0x61, 0x74, 0x74, 0x65, 0x72, 0x79, 0x20, 0x6e, 0x6f, 0x74, 0x20, 0x72,
  0x65, 0x70, 0x6f, 0x72, 0x74, 0x65, 0x64, 0x22, 0x2c, 0x22, 0x6e, 0x6f,
  0x50, 0x61, 0x64, 0x73, 0x22, 0x3a, 0x22, 0x4e, 0x6f, 0x20, 0x63, 0x6f,
  0x6e, 0x74, 0x72, 0x6f, 0x6c, 0x6c, 0x65, 0x72, 0x20, 0x63, 0x6f, 0x6e,
  0x6e, 0x65, 0x63, 0x74, 0x65, 0x64, 0x2e, 0x20, 0x53, 0x77, 0x69, 0x74,
  0x63, 0x68, 0x20, 0x6f, 0x6e, 0x20, 0x61, 0x20, 0x70, 0x61, 0x69, 0x72,
  0x65, 0x64, 0x20, 0x6f, 0x6e, 0x65, 0x2c, 0x20, 0x6f, 0x72, 0x20, 0x70,
  0x61, 0x69, 0x72, 0x20, 0x61, 0x20, 0x6e, 0x65, 0x77, 0x20, 0x6f, 0x6e,
  0x65, 0x2e, 0x22, 0x2c, 0x22, 0x6e, 0x6f, 0x74, 0x68, 0x69, 0x6e, 0x67,
  0x50, 0x61, 0x69, 0x72, 0x65, 0x64, 0x22, 0x3a, 0x22, 0x4e, 0x6f, 0x74,
  0x68, 0x69, 0x6e, 0x67, 0x20, 0x70, 0x61, 0x69, 0x72, 0x65, 0x64, 0x20,
  0x79, 0x65, 0x74, 0x2e, 0x22, 0x2c, 0x22, 0x6f, 0x66, 0x66, 0x6c, 0x69,
  0x6e, 0x65, 0x50, 0x61, 0x64, 0x22, 0x3a, 0x22, 0x50, 0x61, 0x69, 0x72,
  0x65, 0x64, 0x20, 0x63, 0x6f, 0x6e, 0x74, 0x72, 0x6f, 0x6c, 0x6c, 0x65,
  0x72, 0x20, 0xc2, 0xb7, 0x20, 0x6f, 0x66, 0x66, 0x6c, 0x69, 0x6e, 0x65,
  0x22, 0x2c, 0x22, 0x75, 0x6e, 0x6b, 0x6e, 0x6f, 0x77, 0x6e, 0x49, 0x64,
  0x22, 0x3a, 0x22, 0x75, 0x6e, 0x6b, 0x6e, 0x6f, 0x77, 0x6e, 0x20, 0x69,
  0x64, 0x22, 0x2c, 0x22, 0x70, 0x61, 0x69, 0x72, 0x69, 0x6e, 0x67, 0x4e,
  0x6f, 0x77, 0x22, 0x3a, 0x22, 0x50, 0x61, 0x69, 0x72, 0x69, 0x6e, 0x67,
  0xe2, 0x80, 0xa6, 0x22, 0x2c, 0x22, 0x72, 0x75, 0x6e, 0x6e, 0x69, 0x6e,
  0x67, 0x22, 0x3a, 0x22, 0x52, 0x75, 0x6e, 0x6e, 0x69, 0x6e, 0x67, 0x22,
  0x2c, 0x22, 0x6e, 0x6f, 0x42, 0x74, 0x22, 0x3a, 0x22, 0x4e, 0x6f, 0x20,
  0x42, 0x6c, 0x75, 0x65, 0x74, 0x6f, 0x6f, 0x74, 0x68, 0x22, 0x2c, 0x22,
  0x73, 0x74, 0x61, 0x72, 0x74, 0x69, 0x6e, 0x67, 0x42, 0x74, 0x22, 0x3a,
  0x22, 0x53, 0x74, 0x61, 0x72, 0x74, 0x69, 0x6e, 0x67, 0x20, 0x42, 0x6c,
  0x75, 0x65, 0x74, 0x6f, 0x6f, 0x74, 0x68, 0xe2, 0x80, 0xa6, 0x22, 0x2c,
  0x22, 0x72, 0x65, 0x61, 0x64, 0x79, 0x22, 0x3a, 0x22, 0x52, 0x65, 0x61,
  0x64, 0x79, 0x22, 0x2c, 0x22, 0x66, 0x61, 0x69, 0x6c, 0x65, 0x64, 0x42,
  0x74, 0x22, 0x3a, 0x22, 0x46, 0x61, 0x69, 0x6c, 0x65, 0x64, 0x22, 0x2c,
  0x22, 0x73, 0x74, 0x61, 0x72, 0x74, 0x69, 0x6e, 0x67, 0x22, 0x3a, 0x22,
  0x53, 0x74, 0x61, 0x72, 0x74, 0x69, 0x6e, 0x67, 0x22, 0x2c, 0x22, 0x72,
  0x4e, 0x6f, 0x63, 0x68, 0x69, 0x70, 0x22, 0x3a, 0x22, 0x54, 0x68, 0x65,
  0x20, 0x42, 0x6c, 0x75, 0x65, 0x74, 0x6f, 0x6f, 0x74, 0x68, 0x20, 0x63,
  0x68, 0x69, 0x70, 0x20, 0x64, 0x6f, 0x65, 0x73, 0x20, 0x6e, 0x6f, 0x74,
  0x20, 0x61, 0x6e, 0x73, 0x77, 0x65, 0x72, 0x2e, 0x20, 0x44, 0x65, 0x74,
  0x61, 0x69, 0x6c, 0x73, 0x20, 0x61, 0x72, 0x65, 0x20, 0x69, 0x6e, 0x20,
  0x74, 0x68, 0x65, 0x20, 0x6c, 0x6f, 0x67, 0x20, 0x28, 0x27, 0x64, 0x69,
  0x61, 0x67, 0x27, 0x20, 0x6c, 0x69, 0x6e, 0x65, 0x73, 0x29, 0x2e, 0x22,
  0x2c, 0x22, 0x72, 0x4c, 0x6f, 0x73, 0x74, 0x22, 0x3a, 0x22, 0x54, 0x68,
  0x65, 0x20, 0x42, 0x6c, 0x75, 0x65, 0x74, 0x6f, 0x6f, 0x74, 0x68, 0x20,
  0x63, 0x6f, 0x6e, 0x6e, 0x65, 0x63, 0x74, 0x69, 0x6f, 0x6e, 0x20, 0x77,
  0x61, 0x73, 0x20, 0x6c, 0x6f, 0x73, 0x74, 0x2e, 0x20, 0x50, 0x72, 0x65,
  0x73, 0x73, 0x20, 0x52, 0x65, 0x74, 0x72, 0x79, 0x20, 0x42, 0x6c, 0x75,
  0x65, 0x74, 0x6f, 0x6f, 0x74, 0x68, 0x2e, 0x22, 0x2c, 0x22, 0x72, 0x4e,
  0x6f, 0x76, 0x70, 0x61, 0x64, 0x22, 0x3a, 0x22, 0x56, 0x69, 0x72, 0x74,
  0x75, 0x61, 0x6c, 0x20, 0x63, 0x6f, 0x6e, 0x74, 0x72, 0x6f, 0x6c, 0x6c,
  0x65, 0x72, 0x73, 0x20, 0x63, 0x61, 0x6e, 0x6e, 0x6f, 0x74, 0x20, 0x62,
  0x65, 0x20, 0x63, 0x72, 0x65, 0x61, 0x74, 0x65, 0x64, 0x20, 0x6f, 0x6e,
  0x20, 0x74, 0x68, 0x69, 0x73, 0x20, 0x73, 0x79, 0x73, 0x74, 0x65, 0x6d,
  0x20, 0x28, 0x73, 0x65, 0x65, 0x20, 0x74, 0x68, 0x65, 0x20, 0x6c, 0x6f,
  0x67, 0x29, 0x2e, 0x20, 0x42, 0x6c, 0x75, 0x65, 0x74, 0x6f, 0x6f, 0x74,
  0x68, 0x20, 0x77, 0x61, 0x73, 0x20, 0x6e, 0x6f, 0x74, 0x20, 0x74, 0x6f,
  0x75, 0x63, 0x68, 0x65, 0x64, 0x2e, 0x22, 0x2c, 0x22, 0x73, 0x65, 0x61,
  0x72, 0x63, 0x68, 0x69, 0x6e, 0x67, 0x22, 0x3a, 0x22, 0x53, 0x65, 0x61,
  0x72, 0x63, 0x68, 0x69, 0x6e, 0x67, 0xe2, 0x80, 0xa6, 0x20, 0x7b, 0x6e,
  0x7d, 0x20, 0x73, 0x20, 0x6c, 0x65, 0x66, 0x74, 0x2e, 0x20, 0x50, 0x75,
  0x74, 0x20, 0x74, 0x68, 0x65, 0x20, 0x63, 0x6f, 0x6e, 0x74, 0x72, 0x6f,
  0x6c, 0x6c, 0x65, 0x72, 0x20, 0x69, 0x6e, 0x20, 0x70, 0x61, 0x69, 0x72,
  0x69, 0x6e, 0x67, 0x20, 0x6d, 0x6f, 0x64, 0x65, 0x20, 0x6e, 0x6f, 0x77,
  0x2e, 0x22, 0x2c, 0x22, 0x70, 0x61, 0x69, 0x72, 0x69, 0x6e, 0x67, 0x53,
  0x65, 0x63, 0x22, 0x3a, 0x22, 0x50, 0x61, 0x69, 0x72, 0x69, 0x6e, 0x67,
  0xe2, 0x80, 0xa6, 0x20, 0x7b, 0x6e, 0x7d, 0x20, 0x73, 0x22, 0x2c, 0x22,
  0x68, 0x6f, 0x74, 0x6b, 0x65, 0x79, 0x22, 0x3a, 0x22, 0x48, 0x6f, 0x74,
  0x6b, 0x65, 0x79, 0x3a, 0x20, 0x7b, 0x63, 0x7d, 0x22, 0x2c, 0x22, 0x70,
  0x61, 0x69, 0x72, 0x53, 0x74, 0x61, 0x72, 0x74, 0x65, 0x64, 0x22, 0x3a,
  0x22, 0x50, 0x61, 0x69, 0x72, 0x69, 0x6e, 0x67, 0x20, 0x66, 0x6f, 0x72,
  0x20, 0x36, 0x30, 0x20, 0x73, 0x20, 0x2d, 0x20, 0x70, 0x75, 0x74, 0x20,
  0x74, 0x68, 0x65, 0x20, 0x63, 0x6f, 0x6e, 0x74, 0x72, 0x6f, 0x6c, 0x6c,
  0x65, 0x72, 0x20, 0x69, 0x6e, 0x20, 0x70, 0x61, 0x69, 0x72, 0x69, 0x6e,
  0x67, 0x20, 0x6d, 0x6f, 0x64, 0x65, 0x22, 0x2c, 0x22, 0x72, 0x65, 0x74,
  0x72, 0x79, 0x69, 0x6e, 0x67, 0x22, 0x3a, 0x22, 0x52, 0x65, 0x74, 0x72,
  0x79, 0x69, 0x6e, 0x67, 0x20, 0x42, 0x6c, 0x75, 0x65, 0x74, 0x6f, 0x6f,
  0x74, 0x68, 0xe2, 0x80, 0xa6, 0x22, 0x2c, 0x22, 0x6c, 0x6f, 0x67, 0x45,
  0x72, 0x72, 0x6f, 0x72, 0x22, 0x3a, 0x22, 0x43, 0x6f, 0x75, 0x6c, 0x64,
  0x20, 0x6e, 0x6f, 0x74, 0x20, 0x72, 0x65, 0x61, 0x64, 0x20, 0x74, 0x68,
  0x65, 0x20, 0x6c, 0x6f, 0x67, 0x2e, 0x22, 0x2c, 0x22, 0x65, 0x6d, 0x70,
  0x74, 0x79, 0x22, 0x3a, 0x22, 0x28, 0x65, 0x6d, 0x70, 0x74, 0x79, 0x29,
  0x22, 0x2c, 0x22, 0x74, 0x61, 0x70, 0x53, 0x74, 0x6f, 0x70, 0x22, 0x3a,
  0x22, 0x54, 0x61, 0x70, 0x20, 0x61, 0x67, 0x61, 0x69, 0x6e, 0x20, 0x74,
  0x6f, 0x20, 0x73, 0x74, 0x6f, 0x70, 0x22, 0x2c, 0x22, 0x73, 0x74, 0x6f,
  0x70, 0x70, 0x69, 0x6e, 0x67, 0x22, 0x3a, 0x22, 0x50, 0x61, 0x64, 0x42,
  0x72, 0x69, 0x64, 0x67, 0x65, 0x20, 0x69, 0x73, 0x20, 0x73, 0x74, 0x6f,
  0x70, 0x70, 0x69, 0x6e, 0x67, 0x22, 0x2c, 0x22, 0x73, 0x74, 0x6f, 0x70,
  0x70, 0x69, 0x6e, 0x67, 0x53, 0x68, 0x6f, 0x72, 0x74, 0x22, 0x3a, 0x22,
  0x53, 0x74, 0x6f, 0x70, 0x70, 0x69, 0x6e, 0x67, 0xe2, 0x80, 0xa6, 0x22,
  0x2c, 0x22, 0x6f, 0x66, 0x66, 0x6c, 0x69, 0x6e, 0x65, 0x22, 0x3a, 0x22,
  0x4f, 0x66, 0x66, 0x6c, 0x69, 0x6e, 0x65, 0x22, 0x7d, 0x2c, 0x0a, 0x61,
  0x72, 0x3a, 0x7b, 0x22, 0x6c, 0x61, 0x6e, 0x67, 0x75, 0x61, 0x67, 0x65,
  0x22, 0x3a, 0x22, 0xd8, 0xa7, 0xd9, 0x84, 0xd9, 0x84, 0xd8, 0xba, 0xd8,
  0xa9, 0x22, 0x2c, 0x22, 0x6c, 0x61, 0x6e, 0x67, 0x53, 0x65, 0x74, 0x22,
  0x3a, 0x22, 0xd8, 0xa7, 0xd9, 0x84, 0xd9, 0x84, 0xd8, 0xba, 0xd8, 0xa9,
  0x3a, 0x20, 0x7b, 0x6e, 0x61, 0x6d, 0x65, 0x7d, 0x22, 0x2c, 0x22, 0x63,
  0x6f, 0x6e, 0x6e, 0x65, 0x63, 0x74, 0x69, 0x6e, 0x67, 0x22, 0x3a, 0x22,
  0xd8, 0xac, 0xd8, 0xa7, 0xd8, 0xb1, 0xd9, 0x8d, 0x20, 0xd8, 0xa7, 0xd9,
  0x84, 0xd8, 0xa7, 0xd8, 0xaa, 0xd8, 0xb5, 0xd8, 0xa7, 0xd9, 0x84, 0xe2,
  0x80, 0xa6, 0x22, 0x2c, 0x22, 0x73, 0x74, 0x61, 0x74, 0x75, 0x73, 0x22,
  0x3a, 0x22, 0xd8, 0xa7, 0xd9, 0x84, 0xd8, 0xad, 0xd8, 0xa7, 0xd9, 0x84,
  0xd8, 0xa9, 0x22, 0x2c, 0x22, 0x62, 0x6c, 0x75, 0x65, 0x74, 0x6f, 0x6f,
  0x74, 0x68, 0x22, 0x3a, 0x22, 0xd8, 0xa7, 0xd9, 0x84, 0xd8, 0xa8, 0xd9,
  0x84, 0xd9, 0x88, 0xd8, 0xaa, 0xd9, 0x88, 0xd8, 0xab, 0x22, 0x2c, 0x22,
  0x63, 0x6f, 0x6e, 0x6e, 0x65, 0x63, 0x74, 0x65, 0x64, 0x22, 0x3a, 0x22,
  0xd9, 0x85, 0xd8, 0xaa, 0xd8, 0xb5, 0xd9, 0x84, 0xd8, 0xa9, 0x22, 0x2c,
  0x22, 0x70, 0x61, 0x69, 0x72, 0x65, 0x64, 0x22, 0x3a, 0x22, 0xd9, 0x85,
  0xd9, 0x82, 0xd8, 0xaa, 0xd8, 0xb1, 0xd9, 0x86, 0xd8, 0xa9, 0x22, 0x2c,
  0x22, 0x74, 0x69, 0x70, 0x55, 0x73, 0x65, 0x72, 0x73, 0x22, 0x3a, 0x22,
  0xd8, 0xa7, 0xd9, 0x84, 0xd8, 0xb9, 0xd8, 0xa8, 0x20, 0xd8, 0xa8, 0xd8,
  0xa7, 0xd9, 0x84, 0xd9, 0x85, 0xd8, 0xb3, 0xd8, 0xaa, 0xd8, 0xae, 0xd8,
  0xaf, 0xd9, 0x85, 0x20, 0xd8, 0xa7, 0xd9, 0x84, 0xd8, 0xb1, 0xd8, 0xa6,
  0xd9, 0x8a, 0xd8, 0xb3, 0xd9, 0x8a, 0x20, 0xd9, 0x88, 0xd8, 0xa7, 0xd8,
  0xb6, 0xd8, 0xba, 0xd8, 0xb7, 0x20, 0x7b, 0x70, 0x73, 0x7d, 0x20, 0xd8,
  0xb9, 0xd9, 0x84, 0xd9, 0x89, 0x20, 0xd8, 0xa8, 0xd8, 0xb7, 0xd8, 0xa7,
  0xd9, 0x82, 0xd8, 0xa9, 0x20, 0xd9, 0x88, 0xd8, 0xad, 0xd8, 0xaf, 0xd8,
  0xa9, 0x20, 0xd8, 0xa7, 0xd9, 0x84, 0xd8, 0xaa, 0xd8, 0xad, 0xd9, 0x83,
  0xd9, 0x85, 0x20, 0xd9, 0x84, 0xd9, 0x85, 0xd9, 0x86, 0xd8, 0xad, 0xd9,
  0x87, 0xd8, 0xa7, 0x20, 0xd8, 0xa7, 0xd9, 0x84, 0xd8, 0xaa, 0xd8, 0xb1,
  0xd9, 0x83, 0xd9, 0x8a, 0xd8, 0xb2, 0x20, 0xd8, 0xb9, 0xd9, 0x84, 0xd9,
  0x89, 0x20, 0xd8, 0xa7, 0xd9, 0x84, 0xd8, 0xac, 0xd9, 0x87, 0xd8, 0xa7,
  0xd8, 0xb2, 0x2e, 0x22, 0x2c, 0x22, 0x72, 0x65, 0x74, 0x72, 0x79, 0x42,
  0x74, 0x22, 0x3a, 0x22, 0xd8, 0xa5, 0xd8, 0xb9, 0xd8, 0xa7, 0xd8, 0xaf,
  0xd8, 0xa9, 0x20, 0xd9, 0x85, 0xd8, 0xad, 0xd8, 0xa7, 0xd9, 0x88, 0xd9,
  0x84, 0xd8, 0xa9, 0x20, 0xd8, 0xa7, 0xd9, 0x84, 0xd8, 0xa8, 0xd9, 0x84,
  0xd9, 0x88, 0xd8, 0xaa, 0xd9, 0x88, 0xd8, 0xab, 0x22, 0x2c, 0x22, 0x70,
  0x61, 0x69, 0x72, 0x69, 0x6e, 0x67, 0x22, 0x3a, 0x22, 0xd8, 0xa7, 0xd9,
  0x84, 0xd8, 0xa7, 0xd9, 0x82, 0xd8, 0xaa, 0xd8, 0xb1, 0xd8, 0xa7, 0xd9,
  0x86, 0x22, 0x2c, 0x22, 0x70, 0x61, 0x69, 0x72, 0x49, 0x64, 0x6c, 0x65,
  0x22, 0x3a, 0x22, 0xd8, 0xa7, 0xd8, 0xb6, 0xd8, 0xba, 0xd8, 0xb7, 0x20,
  0xd8, 0xa7, 0xd9, 0x84, 0xd8, 0xb2, 0xd8, 0xb1, 0xd8, 0x8c, 0x20, 0xd8,
  0xab, 0xd9, 0x85, 0x20, 0xd8, 0xb6, 0xd8, 0xb9, 0x20, 0xd9, 0x88, 0xd8,
  0xad, 0xd8, 0xaf, 0xd8, 0xa9, 0x20, 0xd8, 0xa7, 0xd9, 0x84, 0xd8, 0xaa,
  0xd8, 0xad, 0xd9, 0x83, 0xd9, 0x85, 0x20, 0xd9, 0x81, 0xd9, 0x8a, 0x20,
  0xd9, 0x88, 0xd8, 0xb6, 0xd8, 0xb9, 0x20, 0xd8, 0xa7, 0xd9, 0x84, 0xd8,
  0xa7, 0xd9, 0x82, 0xd8, 0xaa, 0xd8, 0xb1, 0xd8, 0xa7, 0xd9, 0x86, 0x2e,
  0x20, 0xd8, 0xa3, 0xd8, 0xa8, 0xd9, 0x82, 0xd9, 0x90, 0x20, 0x44, 0x75,
  0x61, 0x6c, 0x53, 0x65, 0x6e, 0x73, 0x65, 0x20, 0xd9, 0x85, 0xd8, 0xb7,
  0xd9, 0x81, 0xd8, 0xa3, 0xd8, 0xa9, 0x20, 0xd8, 0xa3, 0xd8, 0xab, 0xd9,
  0x86, 0xd8, 0xa7, 0xd8, 0xa1, 0x20, 0xd8, 0xa7, 0xd9, 0x84, 0xd8, 0xa7,
  0xd9, 0x82, 0xd8, 0xaa, 0xd8, 0xb1, 0xd8, 0xa7, 0xd9, 0x86, 0x2e, 0x22,
  0x2c, 0x22, 0x70, 0x61, 0x69, 0x72, 0x42, 0x74, 0x6e, 0x22, 0x3a, 0x22,
  0xd8, 0xa5, 0xd9, 0x82, 0xd8, 0xb1, 0xd8, 0xa7, 0xd9, 0x86, 0x20, 0xd9,
  0x88, 0xd8, 0xad, 0xd8, 0xaf, 0xd8, 0xa9, 0x20, 0xd8, 0xaa, 0xd8, 0xad,
  0xd9, 0x83, 0xd9, 0x85, 0x20, 0x28, 0x36, 0x30, 0x20, 0xd8, 0xab, 0x29,
  0x22, 0x2c, 0x22, 0x63, 0x6f, 0x6e, 0x6e, 0x65, 0x63, 0x74, 0x65, 0x64,
  0x54, 0x69, 0x74, 0x6c, 0x65, 0x22, 0x3a, 0x22, 0xd9, 0x88, 0xd8, 0xad,
  0xd8, 0xaf, 0xd8, 0xa7, 0xd8, 0xaa, 0x20, 0xd8, 0xa7, 0xd9, 0x84, 0xd8,
  0xaa, 0xd8, 0xad, 0xd9, 0x83, 0xd9, 0x85, 0x20, 0xd8, 0xa7, 0xd9, 0x84,
  0xd9, 0x85, 0xd8, 0xaa, 0xd8, 0xb5, 0xd9, 0x84, 0xd8, 0xa9, 0x22, 0x2c,
  0x22, 0x75, 0x70, 0x54, 0x6f, 0x34, 0x22, 0x3a, 0x22, 0xd8, 0xad, 0xd8,
  0xaa, 0xd9, 0x89, 0x20, 0x34, 0x22, 0x2c, 0x22, 0x70, 0x61, 0x69, 0x72,
  0x65, 0x64, 0x54, 0x69, 0x74, 0x6c, 0x65, 0x22, 0x3a, 0x22, 0xd9, 0x88,
  0xd8, 0xad, 0xd8, 0xaf, 0xd8, 0xa7, 0xd8, 0xaa, 0x20, 0xd8, 0xa7, 0xd9,
  0x84, 0xd8, 0xaa, 0xd8, 0xad, 0xd9, 0x83, 0xd9, 0x85, 0x20, 0xd8, 0xa7,
  0xd9, 0x84, 0xd9, 0x85, 0xd9, 0x82, 0xd8, 0xaa, 0xd8, 0xb1, 0xd9, 0x86,
  0xd8, 0xa9, 0x22, 0x2c, 0x22, 0x73, 0x77, 0x69, 0x74, 0x63, 0x68, 0x4f,
  0x6e, 0x22, 0x3a, 0x22, 0xd8, 0xb4, 0xd8, 0xba, 0xd9, 0x91, 0xd9, 0x84,
  0x20, 0xd8, 0xa5, 0xd8, 0xad, 0xd8, 0xaf, 0xd8, 0xa7, 0xd9, 0x87, 0xd8,
  0xa7, 0x20, 0xd9, 0x84, 0xd8, 0xaa, 0xd8, 0xaa, 0xd8, 0xb5, 0xd9, 0x84,
  0x22, 0x2c, 0x22, 0x6c, 0x6f, 0x67, 0x22, 0x3a, 0x22, 0xd8, 0xa7, 0xd9,
  0x84, 0xd8, 0xb3, 0xd8, 0xac, 0xd9, 0x84, 0x22, 0x2c, 0x22, 0x73, 0x68,
  0x6f, 0x77, 0x22, 0x3a, 0x22, 0xd8, 0xa5, 0xd8, 0xb8, 0xd9, 0x87, 0xd8,
  0xa7, 0xd8, 0xb1, 0x22, 0x2c, 0x22, 0x68, 0x69, 0x64, 0x65, 0x22, 0x3a,
  0x22, 0xd8, 0xa5, 0xd8, 0xae, 0xd9, 0x81, 0xd8, 0xa7, 0xd8, 0xa1, 0x22,
  0x2c, 0x22, 0x6c, 0x6f, 0x61, 0x64, 0x69, 0x6e, 0x67, 0x22, 0x3a, 0x22,
  0xd8, 0xac, 0xd8, 0xa7, 0xd8, 0xb1, 0xd9, 0x8d, 0x20, 0xd8, 0xa7, 0xd9,
  0x84, 0xd8, 0xaa, 0xd8, 0xad, 0xd9, 0x85, 0xd9, 0x8a, 0xd9, 0x84, 0xe2,
  0x80, 0xa6, 0x22, 0x2c, 0x22, 0x72, 0x65, 0x66, 0x72, 0x65, 0x73, 0x68,
  0x22, 0x3a, 0x22, 0xd8, 0xaa, 0xd8, 0xad, 0xd8, 0xaf, 0xd9, 0x8a, 0xd8,
  0xab, 0x22, 0x2c, 0x22, 0x66, 0x6f, 0x6f, 0x74, 0x65, 0x72, 0x22, 0x3a,
  0x22, 0xd8, 0xa5, 0xd8, 0xba, 0xd9, 0x84, 0xd8, 0xa7, 0xd9, 0x82, 0x20,
  0xd9, 0x87, 0xd8, 0xb0, 0xd9, 0x87, 0x20, 0xd8, 0xa7, 0xd9, 0x84, 0xd8,
  0xb5, 0xd9, 0x81, 0xd8, 0xad, 0xd8, 0xa9, 0x20, 0xd9, 0x8a, 0xd9, 0x8f,
  0xd8, 0xa8, 0xd9, 0x82, 0xd9, 0x8a, 0x20, 0x50, 0x61, 0x64, 0x42, 0x72,
  0x69, 0x64, 0x67, 0x65, 0x20, 0xd9, 0x82, 0xd9, 0x8a, 0xd8, 0xaf, 0x20,
  0xd8, 0xa7, 0xd9, 0x84, 0xd8, 0xaa, 0xd8, 0xb4, 0xd8, 0xba, 0xd9, 0x8a,
  0xd9, 0x84, 0x2e, 0x20, 0xd8, 0xa3, 0xd9, 0x88, 0xd9, 0x82, 0xd9, 0x81,
  0xd9, 0x87, 0x20, 0xd9, 0x82, 0xd8, 0xa8, 0xd9, 0x84, 0x20, 0xd8, 0xaa,
  0xd8, 0xad, 0xd9, 0x85, 0xd9, 0x8a, 0xd9, 0x84, 0x20, 0xd9, 0x85, 0xd9,
  0x84, 0xd9, 0x81, 0x20, 0x45, 0x4c, 0x46, 0x20, 0xd9, 0x85, 0xd8, 0xb1,
  0xd8, 0xa9, 0x20, 0xd8, 0xa3, 0xd8, 0xae, 0xd8, 0xb1, 0xd9, 0x89, 0x3a,
  0x20, 0xd8, 0xaa, 0xd9, 0x86, 0xd9, 0x81, 0xd8, 0xb5, 0xd9, 0x84, 0x20,
  0xd9, 0x88, 0xd8, 0xad, 0xd8, 0xaf, 0xd8, 0xa7, 0xd8, 0xaa, 0x20, 0xd8,
  0xa7, 0xd9, 0x84, 0xd8, 0xaa, 0xd8, 0xad, 0xd9, 0x83, 0xd9, 0x85, 0x20,
  0xd9, 0x88, 0xd9, 0x8a, 0xd8, 0xa8, 0xd9, 0x82, 0xd9, 0x89, 0x20, 0xd8,
  0xa7, 0xd9, 0x84, 0xd8, 0xa8, 0xd9, 0x84, 0xd9, 0x88, 0xd8, 0xaa, 0xd9,
  0x88, 0xd8, 0xab, 0x20, 0xd9, 0x83, 0xd9, 0x85, 0xd8, 0xa7, 0x20, 0xd9,
  0x83, 0xd8, 0xa7, 0xd9, 0x86, 0x2e, 0x22, 0x2c, 0x22, 0x73, 0x74, 0x6f,
  0x70, 0x42, 0x74, 0x6e, 0x22, 0x3a, 0x22, 0xd8, 0xa5, 0xd9, 0x8a, 0xd9,
  0x82, 0xd8, 0xa7, 0xd9, 0x81, 0x20, 0x50, 0x61, 0x64, 0x42, 0x72, 0x69,
  0x64, 0x67, 0x65, 0x20, 0x28, 0xd9, 0x85, 0xd8, 0xaa, 0xd9, 0x82, 0xd8,
  0xaf, 0xd9, 0x85, 0x29, 0x22, 0x2c, 0x22, 0x70, 0x72, 0x65, 0x73, 0x73,
  0x50, 0x73, 0x22, 0x3a, 0x22, 0xd8, 0xa7, 0xd8, 0xb6, 0xd8, 0xba, 0xd8,
  0xb7, 0x20, 0x50, 0x53, 0x22, 0x2c, 0x22, 0x72, 0x75, 0x6d, 0x62, 0x6c,
  0x65, 0x22, 0x3a, 0x22, 0xd8, 0xa7, 0xd9, 0x87, 0xd8, 0xaa, 0xd8, 0xb2,
  0xd8, 0xa7, 0xd8, 0xb2, 0x22, 0x2c, 0x22, 0x66, 0x6f, 0x72, 0x67, 0x65,
  0x74, 0x22, 0x3a, 0x22, 0xd8, 0xa5, 0xd8, 0xb2, 0xd8, 0xa7, 0xd9, 0x84,
  0xd8, 0xa9, 0x22, 0x2c, 0x22, 0x70, 0x73, 0x54, 0x69, 0x74, 0x6c, 0x65,
  0x22, 0x3a, 0x22, 0xd9, 0x85, 0xd8, 0xab, 0xd9, 0x84, 0x20, 0xd8, 0xa7,
  0xd9, 0x84, 0xd8, 0xb6, 0xd8, 0xba, 0xd8, 0xb7, 0x20, 0xd9, 0x85, 0xd8,
  0xb7, 0xd9, 0x88, 0xd9, 0x84, 0xd9, 0x8b, 0xd8, 0xa7, 0x20, 0xd8, 0xb9,
  0xd9, 0x84, 0xd9, 0x89, 0x20, 0x50, 0x53, 0x3a, 0x20, 0xd9, 0x8a, 0xd9,
  0x85, 0xd9, 0x86, 0xd8, 0xad, 0x20, 0xd9, 0x88, 0xd8, 0xad, 0xd8, 0xaf,
  0xd8, 0xa9, 0x20, 0xd8, 0xa7, 0xd9, 0x84, 0xd8, 0xaa, 0xd8, 0xad, 0xd9,
  0x83, 0xd9, 0x85, 0x20, 0xd9, 0x87, 0xd8, 0xb0, 0xd9, 0x87, 0x20, 0xd8,
  0xa7, 0xd9, 0x84, 0xd8, 0xaa, 0xd8, 0xad, 0xd9, 0x83, 0xd9, 0x85, 0x20,
  0xd9, 0x81, 0xd9, 0x8a, 0x20, 0xd8, 0xa7, 0xd9, 0x84, 0xd8, 0xac, 0xd9,
  0x87, 0xd8, 0xa7, 0xd8, 0xb2, 0x22, 0x2c, 0x22, 0x72, 0x75, 0x6d, 0x62,
  0x6c, 0x65, 0x54, 0x69, 0x74, 0x6c, 0x65, 0x22, 0x3a, 0x22, 0xd9, 0x8a,
  0xd8, 0xac, 0xd8, 0xb9, 0xd9, 0x84, 0x20, 0xd9, 0x88, 0xd8, 0xad, 0xd8,
  0xaf, 0xd8, 0xa9, 0x20, 0xd8, 0xa7, 0xd9, 0x84, 0xd8, 0xaa, 0xd8, 0xad,
  0xd9, 0x83, 0xd9, 0x85, 0x20, 0xd9, 0x87, 0xd8, 0xb0, 0xd9, 0x87, 0x20,
  0xd8, 0xaa, 0xd9, 0x87, 0xd8, 0xaa, 0xd8, 0xb2, 0x20, 0xd9, 0x84, 0xd9,
  0x86, 0xd8, 0xb5, 0xd9, 0x81, 0x20, 0xd8, 0xab, 0xd8, 0xa7, 0xd9, 0x86,
  0xd9, 0x8a, 0xd8, 0xa9, 0x22, 0x2c, 0x22, 0x70, 0x73, 0x44, 0x6f, 0x6e,
  0x65, 0x22, 0x3a, 0x22, 0xd8, 0xaa, 0xd9, 0x85, 0x20, 0xd8, 0xb6, 0xd8,
  0xba, 0xd8, 0xb7, 0x20, 0x50, 0x53, 0x20, 0xd8, 0xb9, 0xd9, 0x84, 0xd9,
  0x89, 0x20, 0x50, 0x7b, 0x6e, 0x7d, 0x22, 0x2c, 0x22, 0x72, 0x75, 0x6d,
  0x62, 0x6c, 0x65, 0x44, 0x6f, 0x6e, 0x65, 0x22, 0x3a, 0x22, 0xd8, 0xaa,
  0xd9, 0x85, 0x20, 0xd8, 0xa5, 0xd8, 0xb1, 0xd8, 0xb3, 0xd8, 0xa7, 0xd9,
  0x84, 0x20, 0xd8, 0xa7, 0xd9, 0x84, 0xd8, 0xa7, 0xd9, 0x87, 0xd8, 0xaa,
  0xd8, 0xb2, 0xd8, 0xa7, 0xd8, 0xb2, 0x20, 0xd8, 0xa5, 0xd9, 0x84, 0xd9,
  0x89, 0x20, 0x50, 0x7b, 0x6e, 0x7d, 0x22, 0x2c, 0x22, 0x6e, 0x6f, 0x52,
  0x75, 0x6d, 0x62, 0x6c, 0x65, 0x22, 0x3a, 0x22, 0xd9, 0x88, 0xd8, 0xad,
  0xd8, 0xaf, 0xd8, 0xa9, 0x20, 0xd8, 0xa7, 0xd9, 0x84, 0xd8, 0xaa, 0xd8,
  0xad, 0xd9, 0x83, 0xd9, 0x85, 0x20, 0xd9, 0x87, 0xd8, 0xb0, 0xd9, 0x87,
  0x20, 0xd9, 0x84, 0xd8, 0xa7, 0x20, 0xd8, 0xaa, 0xd8, 0xaf, 0xd8, 0xb9,
  0xd9, 0x85, 0x20, 0xd8, 0xa7, 0xd9, 0x84, 0xd8, 0xa7, 0xd9, 0x87, 0xd8,
  0xaa, 0xd8, 0xb2, 0xd8, 0xa7, 0xd8, 0xb2, 0x22, 0x2c, 0x22, 0x73, 0x75,
  0x72, 0x65, 0x22, 0x3a, 0x22, 0xd9, 0x85, 0xd8, 0xaa, 0xd8, 0xa3, 0xd9,
  0x83, 0xd8, 0xaf, 0xd8, 0x9f, 0x22, 0x2c, 0x22, 0x66, 0x6f, 0x72, 0x67,
  0x6f, 0x74, 0x74, 0x65, 0x6e, 0x22, 0x3a, 0x22, 0xd8, 0xaa, 0xd9, 0x85,
  0xd8, 0xaa, 0x20, 0xd8, 0xa7, 0xd9, 0x84, 0xd8, 0xa5, 0xd8, 0xb2, 0xd8,
  0xa7, 0xd9, 0x84, 0xd8, 0xa9, 0x20, 0x2d, 0x20, 0xd8, 0xa3, 0xd9, 0x82,
  0xd8, 0xb1, 0xd9, 0x86, 0xd9, 0x87, 0xd8, 0xa7, 0x20, 0xd9, 0x85, 0xd8,
  0xac, 0xd8, 0xaf, 0xd8, 0xaf, 0xd9, 0x8b, 0xd8, 0xa7, 0x20, 0xd9, 0x84,
  0xd8, 0xa7, 0xd8, 0xb3, 0xd8, 0xaa, 0xd8, 0xae, 0xd8, 0xaf, 0xd8, 0xa7,
  0xd9, 0x85, 0xd9, 0x87, 0xd8, 0xa7, 0x22, 0x2c, 0x22, 0x66, 0x61, 0x69,
  0x6c, 0x65, 0x64, 0x22, 0x3a, 0x22, 0xd9, 0x84, 0xd9, 0x85, 0x20, 0xd8,
  0xaa, 0xd9, 0x86, 0xd8, 0xac, 0xd8, 0xad, 0x20, 0xd8, 0xa7, 0xd9, 0x84,
  0xd8, 0xb9, 0xd9, 0x85, 0xd9, 0x84, 0xd9, 0x8a, 0xd8, 0xa9, 0x22, 0x2c,
  0x22, 0x62, 0x61, 0x74, 0x74, 0x65, 0x72, 0x79, 0x22, 0x3a, 0x22, 0xd8,
  0xa7, 0xd9, 0x84, 0xd8, 0xa8, 0xd8, 0xb7, 0xd8, 0xa7, 0xd8, 0xb1, 0xd9,
  0x8a, 0xd8, 0xa9, 0x20, 0x7b, 0x6e, 0x7d, 0x25, 0x22, 0x2c, 0x22, 0x63,
  0x68, 0x61, 0x72, 0x67, 0x69, 0x6e, 0x67, 0x22, 0x3a, 0x22, 0xd9, 0x82,
  0xd9, 0x8a, 0xd8, 0xaf, 0x20, 0xd8, 0xa7, 0xd9, 0x84, 0xd8, 0xb4, 0xd8,
  0xad, 0xd9, 0x86, 0x22, 0x2c, 0x22, 0x6e, 0x6f, 0x42, 0x61, 0x74, 0x74,
  0x65, 0x72, 0x79, 0x22, 0x3a, 0x22, 0xd9, 0x84, 0xd8, 0xa7, 0x20, 0xd8,
  0xaa, 0xd8, 0xaa, 0xd9, 0x88, 0xd9, 0x81, 0xd8, 0xb1, 0x20, 0xd9, 0x85,
  0xd8, 0xb9, 0xd9, 0x84, 0xd9, 0x88, 0xd9, 0x85, 0xd8, 0xa7, 0xd8, 0xaa,
  0x20, 0xd8, 0xa7, 0xd9, 0x84, 0xd8, 0xa8, 0xd8, 0xb7, 0xd8, 0xa7, 0xd8,
  0xb1, 0xd9, 0x8a, 0xd8, 0xa9, 0x22, 0x2c, 0x22, 0x6e, 0x6f, 0x50, 0x61,
  0x64, 0x73, 0x22, 0x3a, 0x22, 0xd9, 0x84, 0xd8, 0xa7, 0x20, 0xd8, 0xaa,
  0xd9, 0x88, 0xd8, 0xac, 0xd8, 0xaf, 0x20, 0xd9, 0x88, 0xd8, 0xad, 0xd8,
  0xaf, 0xd8, 0xa9, 0x20, 0xd8, 0xaa, 0xd8, 0xad, 0xd9, 0x83, 0xd9, 0x85,
  0x20, 0xd9, 0x85, 0xd8, 0xaa, 0xd8, 0xb5, 0xd9, 0x84, 0xd8, 0xa9, 0x2e,
  0x20, 0xd8, 0xb4, 0xd8, 0xba, 0xd9, 0x91, 0xd9, 0x84, 0x20, 0xd9, 0x88,
  0xd8, 0xad, 0xd8, 0xaf, 0xd8, 0xa9, 0x20, 0xd9, 0x85, 0xd9, 0x82, 0xd8,
  0xaa, 0xd8, 0xb1, 0xd9, 0x86, 0xd8, 0xa9, 0x20, 0xd8, 0xa3, 0xd9, 0x88,
  0x20, 0xd8, 0xa3, 0xd9, 0x82, 0xd8, 0xb1, 0xd9, 0x86, 0x20, 0xd9, 0x88,
  0xd8, 0xad, 0xd8, 0xaf, 0xd8, 0xa9, 0x20, 0xd8, 0xac, 0xd8, 0xaf, 0xd9,
  0x8a, 0xd8, 0xaf, 0xd8, 0xa9, 0x2e, 0x22, 0x2c, 0x22, 0x6e, 0x6f, 0x74,
  0x68, 0x69, 0x6e, 0x67, 0x50, 0x61, 0x69, 0x72, 0x65, 0x64, 0x22, 0x3a,
  0x22, 0xd9, 0x84, 0xd8, 0xa7, 0x20, 0xd8, 0xaa, 0xd9, 0x88, 0xd8, 0xac,
  0xd8, 0xaf, 0x20, 0xd9, 0x88, 0xd8, 0xad, 0xd8, 0xaf, 0xd8, 0xa7, 0xd8,
  0xaa, 0x20, 0xd9, 0x85, 0xd9, 0x82, 0xd8, 0xaa, 0xd8, 0xb1, 0xd9, 0x86,
  0xd8, 0xa9, 0x20, 0xd8, 0xa8, 0xd8, 0xb9, 0xd8, 0xaf, 0x2e, 0x22, 0x2c,
  0x22, 0x6f, 0x66, 0x66, 0x6c, 0x69, 0x6e, 0x65, 0x50, 0x61, 0x64, 0x22,
  0x3a, 0x22, 0xd9, 0x88, 0xd8, 0xad, 0xd8, 0xaf, 0xd8, 0xa9, 0x20, 0xd8,
  0xaa, 0xd8, 0xad, 0xd9, 0x83, 0xd9, 0x85, 0x20, 0xd9, 0x85, 0xd9, 0x82,
  0xd8, 0xaa, 0xd8, 0xb1, 0xd9, 0x86, 0xd8, 0xa9, 0x20, 0xc2, 0xb7, 0x20,
  0xd8, 0xba, 0xd9, 0x8a, 0xd8, 0xb1, 0x20, 0xd9, 0x85, 0xd8, 0xaa, 0xd8,
  0xb5, 0xd9, 0x84, 0xd8, 0xa9, 0x22, 0x2c, 0x22, 0x75, 0x6e, 0x6b, 0x6e,
  0x6f, 0x77, 0x6e, 0x49, 0x64, 0x22, 0x3a, 0x22, 0xd9, 0x85, 0xd8, 0xb9,
  0xd8, 0xb1, 0xd9, 0x91, 0xd9, 0x81, 0x20, 0xd8, 0xba, 0xd9, 0x8a, 0xd8,
  0xb1, 0x20, 0xd9, 0x85, 0xd8, 0xb9, 0xd8, 0xb1, 0xd9, 0x88, 0xd9, 0x81,
  0x22, 0x2c, 0x22, 0x70, 0x61, 0x69, 0x72, 0x69, 0x6e, 0x67, 0x4e, 0x6f,
  0x77, 0x22, 0x3a, 0x22, 0xd8, 0xac, 0xd8, 0xa7, 0xd8, 0xb1, 0xd9, 0x8d,
  0x20, 0xd8, 0xa7, 0xd9, 0x84, 0xd8, 0xa7, 0xd9, 0x82, 0xd8, 0xaa, 0xd8,
  0xb1, 0xd8, 0xa7, 0xd9, 0x86, 0xe2, 0x80, 0xa6, 0x22, 0x2c, 0x22, 0x72,
  0x75, 0x6e, 0x6e, 0x69, 0x6e, 0x67, 0x22, 0x3a, 0x22, 0xd9, 0x82, 0xd9,
  0x8a, 0xd8, 0xaf, 0x20, 0xd8, 0xa7, 0xd9, 0x84, 0xd8, 0xaa, 0xd8, 0xb4,
  0xd8, 0xba, 0xd9, 0x8a, 0xd9, 0x84, 0x22, 0x2c, 0x22, 0x6e, 0x6f, 0x42,
  0x74, 0x22, 0x3a, 0x22, 0xd9, 0x84, 0xd8, 0xa7, 0x20, 0xd9, 0x8a, 0xd9,
  0x88, 0xd8, 0xac, 0xd8, 0xaf, 0x20, 0xd8, 0xa8, 0xd9, 0x84, 0xd9, 0x88,
  0xd8, 0xaa, 0xd9, 0x88, 0xd8, 0xab, 0x22, 0x2c, 0x22, 0x73, 0x74, 0x61,
  0x72, 0x74, 0x69, 0x6e, 0x67, 0x42, 0x74, 0x22, 0x3a, 0x22, 0xd8, 0xac,
  0xd8, 0xa7, 0xd8, 0xb1, 0xd9, 0x8d, 0x20, 0xd8, 0xaa, 0xd8, 0xb4, 0xd8,
  0xba, 0xd9, 0x8a, 0xd9, 0x84, 0x20, 0xd8, 0xa7, 0xd9, 0x84, 0xd8, 0xa8,
  0xd9, 0x84, 0xd9, 0x88, 0xd8, 0xaa, 0xd9, 0x88, 0xd8, 0xab, 0xe2, 0x80,
  0xa6, 0x22, 0x2c, 0x22, 0x72, 0x65, 0x61, 0x64, 0x79, 0x22, 0x3a, 0x22,
  0xd8, 0xac, 0xd8, 0xa7, 0xd9, 0x87, 0xd8, 0xb2, 0x22, 0x2c, 0x22, 0x66,
  0x61, 0x69, 0x6c, 0x65, 0x64, 0x42, 0x74, 0x22, 0x3a, 0x22, 0xd9, 0x81,
  0xd8, 0xb4, 0xd9, 0x84, 0x22, 0x2c, 0x22, 0x73, 0x74, 0x61, 0x72, 0x74,
  0x69, 0x6e, 0x67, 0x22, 0x3a, 0x22, 0xd8, 0xac, 0xd8, 0xa7, 0xd8, 0xb1,
  0xd9, 0x8d, 0x20, 0xd8, 0xa7, 0xd9, 0x84, 0xd8, 0xa8, 0xd8, 0xaf, 0xd8,
  0xa1, 0x22, 0x2c, 0x22, 0x72, 0x4e, 0x6f, 0x63, 0x68, 0x69, 0x70, 0x22,
  0x3a, 0x22, 0xd8, 0xb4, 0xd8, 0xb1, 0xd9, 0x8a, 0xd8, 0xad, 0xd8, 0xa9,
  0x20, 0xd8, 0xa7, 0xd9, 0x84, 0xd8, 0xa8, 0xd9, 0x84, 0xd9, 0x88, 0xd8,
  0xaa, 0xd9, 0x88, 0xd8, 0xab, 0x20, 0xd9, 0x84, 0xd8, 0xa7, 0x20, 0xd8,
  0xaa, 0xd8, 0xb3, 0xd8, 0xaa, 0xd8, 0xac, 0xd9, 0x8a, 0xd8, 0xa8, 0x2e,
  0x20, 0xd8, 0xa7, 0xd9, 0x84, 0xd8, 0xaa, 0xd9, 0x81, 0xd8, 0xa7, 0xd8,
  0xb5, 0xd9, 0x8a, 0xd9, 0x84, 0x20, 0xd9, 0x81, 0xd9, 0x8a, 0x20, 0xd8,
  0xa7, 0xd9, 0x84, 0xd8, 0xb3, 0xd8, 0xac, 0xd9, 0x84, 0x20, 0x28, 0xd8,
  0xa3, 0xd8, 0xb3, 0xd8, 0xb7, 0xd8, 0xb1, 0x20, 0x27, 0x64, 0x69, 0x61,
  0x67, 0x27, 0x29, 0x2e, 0x22, 0x2c, 0x22, 0x72, 0x4c, 0x6f, 0x73, 0x74,
  0x22, 0x3a, 0x22, 0xd8, 0xa7, 0xd9, 0x86, 0xd9, 0x82, 0xd8, 0xb7, 0xd8,
  0xb9, 0x20, 0xd8, 0xa7, 0xd8, 0xaa, 0xd8, 0xb5, 0xd8, 0xa7, 0xd9, 0x84,
  0x20, 0xd8, 0xa7, 0xd9, 0x84, 0xd8, 0xa8, 0xd9, 0x84, 0xd9, 0x88, 0xd8,
  0xaa, 0xd9, 0x88, 0xd8, 0xab, 0x2e, 0x20, 0xd8, 0xa7, 0xd8, 0xb6, 0xd8,
  0xba, 0xd8, 0xb7, 0x20, 0xc2, 0xab, 0xd8, 0xa5, 0xd8, 0xb9, 0xd8, 0xa7,
  0xd8, 0xaf, 0xd8, 0xa9, 0x20, 0xd9, 0x85, 0xd8, 0xad, 0xd8, 0xa7, 0xd9,
  0x88, 0xd9, 0x84, 0xd8, 0xa9, 0x20, 0xd8, 0xa7, 0xd9, 0x84, 0xd8, 0xa8,
  0xd9, 0x84, 0xd9, 0x88, 0xd8, 0xaa, 0xd9, 0x88, 0xd8, 0xab, 0xc2, 0xbb,
  0x2e, 0x22, 0x2c, 0x22, 0x72, 0x4e, 0x6f, 0x76, 0x70, 0x61, 0x64, 0x22,
  0x3a, 0x22, 0xd9, 0x84, 0xd8, 0xa7, 0x20, 0xd9, 0x8a, 0xd9, 0x85, 0xd9,
  0x83, 0xd9, 0x86, 0x20, 0xd8, 0xa5, 0xd9, 0x86, 0xd8, 0xb4, 0xd8, 0xa7,
  0xd8, 0xa1, 0x20, 0xd9, 0x88, 0xd8, 0xad, 0xd8, 0xaf, 0xd8, 0xa7, 0xd8,
  0xaa, 0x20, 0xd8, 0xaa, 0xd8, 0xad, 0xd9, 0x83, 0xd9, 0x85, 0x20, 0xd8,
  0xa7, 0xd9, 0x81, 0xd8, 0xaa, 0xd8, 0xb1, 0xd8, 0xa7, 0xd8, 0xb6, 0xd9,
  0x8a, 0xd8, 0xa9, 0x20, 0xd8, 0xb9, 0xd9, 0x84, 0xd9, 0x89, 0x20, 0xd9,
  0x87, 0xd8, 0xb0, 0xd8, 0xa7, 0x20, 0xd8, 0xa7, 0xd9, 0x84, 0xd9, 0x86,
  0xd8, 0xb8, 0xd8, 0xa7, 0xd9, 0x85, 0x20, 0x28, 0xd8, 0xb1, 0xd8, 0xa7,
  0xd8, 0xac, 0xd8, 0xb9, 0x20, 0xd8, 0xa7, 0xd9, 0x84, 0xd8, 0xb3, 0xd8,
  0xac, 0xd9, 0x84, 0x29, 0x2e, 0x20, 0xd9, 0x84, 0xd9, 0x85, 0x20, 0xd9,
  0x8a, 0xd8, 0xaa, 0xd9, 0x85, 0x20, 0xd8, 0xa7, 0xd9, 0x84, 0xd9, 0x85,
  0xd8, 0xb3, 0xd8, 0xa7, 0xd8, 0xb3, 0x20, 0xd8, 0xa8, 0xd8, 0xa7, 0xd9,
  0x84, 0xd8, 0xa8, 0xd9, 0x84, 0xd9, 0x88, 0xd8, 0xaa, 0xd9, 0x88, 0xd8,
  0xab, 0x2e, 0x22, 0x2c, 0x22, 0x73, 0x65, 0x61, 0x72, 0x63, 0x68, 0x69,
  0x6e, 0x67, 0x22, 0x3a, 0x22, 0xd8, 0xac, 0xd8, 0xa7, 0xd8, 0xb1, 0xd9,
  0x8d, 0x20, 0xd8, 0xa7, 0xd9, 0x84, 0xd8, 0xa8, 0xd8, 0xad, 0xd8, 0xab,
  0xe2, 0x80, 0xa6, 0x20, 0xd9, 0x85, 0xd8, 0xaa, 0xd8, 0xa8, 0xd9, 0x82,
  0xd9, 0x8d, 0x20, 0x7b, 0x6e, 0x7d, 0x20, 0xd8, 0xab, 0x2e, 0x20, 0xd8,
  0xb6, 0xd8, 0xb9, 0x20, 0xd9, 0x88, 0xd8, 0xad, 0xd8, 0xaf, 0xd8, 0xa9,
  0x20, 0xd8, 0xa7, 0xd9, 0x84, 0xd8, 0xaa, 0xd8, 0xad, 0xd9, 0x83, 0xd9,
  0x85, 0x20, 0xd9, 0x81, 0xd9, 0x8a, 0x20, 0xd9, 0x88, 0xd8, 0xb6, 0xd8,
  0xb9, 0x20, 0xd8, 0xa7, 0xd9, 0x84, 0xd8, 0xa7, 0xd9, 0x82, 0xd8, 0xaa,
  0xd8, 0xb1, 0xd8, 0xa7, 0xd9, 0x86, 0x20, 0xd8, 0xa7, 0xd9, 0x84, 0xd8,
  0xa2, 0xd9, 0x86, 0x2e, 0x22, 0x2c, 0x22, 0x70, 0x61, 0x69, 0x72, 0x69,
  0x6e, 0x67, 0x53, 0x65, 0x63, 0x22, 0x3a, 0x22, 0xd8, 0xac, 0xd8, 0xa7,
  0xd8, 0xb1, 0xd9, 0x8d, 0x20, 0xd8, 0xa7, 0xd9, 0x84, 0xd8, 0xa7, 0xd9,
  0x82, 0xd8, 0xaa, 0xd8, 0xb1, 0xd8, 0xa7, 0xd9, 0x86, 0xe2, 0x80, 0xa6,
  0x20, 0x7b, 0x6e, 0x7d, 0x20, 0xd8, 0xab, 0x22, 0x2c, 0x22, 0x68, 0x6f,
  0x74, 0x6b, 0x65, 0x79, 0x22, 0x3a, 0x22, 0xd8, 0xa7, 0xd8, 0xae, 0xd8,
  0xaa, 0xd8, 0xb5, 0xd8, 0xa7, 0xd8, 0xb1, 0x3a, 0x20, 0x7b, 0x63, 0x7d,
  0x22, 0x2c, 0x22, 0x70, 0x61, 0x69, 0x72, 0x53, 0x74, 0x61, 0x72, 0x74,
  0x65, 0x64, 0x22, 0x3a, 0x22, 0xd8, 0xa7, 0xd9, 0x84, 0xd8, 0xa7, 0xd9,
  0x82, 0xd8, 0xaa, 0xd8, 0xb1, 0xd8, 0xa7, 0xd9, 0x86, 0x20, 0xd9, 0x84,
  0xd9, 0x85, 0xd8, 0xaf, 0xd8, 0xa9, 0x20, 0x36, 0x30, 0x20, 0xd8, 0xab,
  0xd8, 0xa7, 0xd9, 0x86, 0xd9, 0x8a, 0xd8, 0xa9, 0x20, 0x2d, 0x20, 0xd8,
  0xb6, 0xd8, 0xb9, 0x20, 0xd9, 0x88, 0xd8, 0xad, 0xd8, 0xaf, 0xd8, 0xa9,
  0x20, 0xd8, 0xa7, 0xd9, 0x84, 0xd8, 0xaa, 0xd8, 0xad, 0xd9, 0x83, 0xd9,
  0x85, 0x20, 0xd9, 0x81, 0xd9, 0x8a, 0x20, 0xd9, 0x88, 0xd8, 0xb6, 0xd8,
  0xb9, 0x20, 0xd8, 0xa7, 0xd9, 0x84, 0xd8, 0xa7, 0xd9, 0x82, 0xd8, 0xaa,
  0xd8, 0xb1, 0xd8, 0xa7, 0xd9, 0x86, 0x22, 0x2c, 0x22, 0x72, 0x65, 0x74,
  0x72, 0x79, 0x69, 0x6e, 0x67, 0x22, 0x3a, 0x22, 0xd8, 0xac, 0xd8, 0xa7,
  0xd8, 0xb1, 0xd9, 0x8d, 0x20, 0xd8, 0xa5, 0xd8, 0xb9, 0xd8, 0xa7, 0xd8,
  0xaf, 0xd8, 0xa9, 0x20, 0xd9, 0x85, 0xd8, 0xad, 0xd8, 0xa7, 0xd9, 0x88,
  0xd9, 0x84, 0xd8, 0xa9, 0x20, 0xd8, 0xa7, 0xd9, 0x84, 0xd8, 0xa8, 0xd9,
  0x84, 0xd9, 0x88, 0xd8, 0xaa, 0xd9, 0x88, 0xd8, 0xab, 0xe2, 0x80, 0xa6,
  0x22, 0x2c, 0x22, 0x6c, 0x6f, 0x67, 0x45, 0x72, 0x72, 0x6f, 0x72, 0x22,
  0x3a, 0x22, 0xd8, 0xaa, 0xd8, 0xb9, 0xd8, 0xb0, 0xd9, 0x91, 0xd8, 0xb1,
  0xd8, 0xaa, 0x20, 0xd9, 0x82, 0xd8, 0xb1, 0xd8, 0xa7, 0xd8, 0xa1, 0xd8,
  0xa9, 0x20, 0xd8, 0xa7, 0xd9, 0x84, 0xd8, 0xb3, 0xd8, 0xac, 0xd9, 0x84,
  0x2e, 0x22, 0x2c, 0x22, 0x65, 0x6d, 0x70, 0x74, 0x79, 0x22, 0x3a, 0x22,
  0x28, 0xd9, 0x81, 0xd8, 0xa7, 0xd8, 0xb1, 0xd8, 0xba, 0x29, 0x22, 0x2c,
  0x22, 0x74, 0x61, 0x70, 0x53, 0x74, 0x6f, 0x70, 0x22, 0x3a, 0x22, 0xd8,
  0xa7, 0xd8, 0xb6, 0xd8, 0xba, 0xd8, 0xb7, 0x20, 0xd9, 0x85, 0xd8, 0xb1,
  0xd8, 0xa9, 0x20, 0xd8, 0xa3, 0xd8, 0xae, 0xd8, 0xb1, 0xd9, 0x89, 0x20,
  0xd9, 0x84, 0xd9, 0x84, 0xd8, 0xa5, 0xd9, 0x8a, 0xd9, 0x82, 0xd8, 0xa7,
  0xd9, 0x81, 0x22, 0x2c, 0x22, 0x73, 0x74, 0x6f, 0x70, 0x70, 0x69, 0x6e,
  0x67, 0x22, 0x3a, 0x22, 0xd8, 0xac, 0xd8, 0xa7, 0xd8, 0xb1, 0xd9, 0x8d,
  0x20, 0xd8, 0xa5, 0xd9, 0x8a, 0xd9, 0x82, 0xd8, 0xa7, 0xd9, 0x81, 0x20,
  0x50, 0x61, 0x64, 0x42, 0x72, 0x69, 0x64, 0x67, 0x65, 0x22, 0x2c, 0x22,
  0x73, 0x74, 0x6f, 0x70, 0x70, 0x69, 0x6e, 0x67, 0x53, 0x68, 0x6f, 0x72,
  0x74, 0x22, 0x3a, 0x22, 0xd8, 0xac, 0xd8, 0xa7, 0xd8, 0xb1, 0xd9, 0x8d,
  0x20, 0xd8, 0xa7, 0xd9, 0x84, 0xd8, 0xa5, 0xd9, 0x8a, 0xd9, 0x82, 0xd8,
  0xa7, 0xd9, 0x81, 0xe2, 0x80, 0xa6, 0x22, 0x2c, 0x22, 0x6f, 0x66, 0x66,
  0x6c, 0x69, 0x6e, 0x65, 0x22, 0x3a, 0x22, 0xd8, 0xba, 0xd9, 0x8a, 0xd8,
  0xb1, 0x20, 0xd9, 0x85, 0xd8, 0xaa, 0xd8, 0xb5, 0xd9, 0x84, 0x22, 0x7d,
  0x2c, 0x0a, 0x65, 0x73, 0x3a, 0x7b, 0x22, 0x6c, 0x61, 0x6e, 0x67, 0x75,
  0x61, 0x67, 0x65, 0x22, 0x3a, 0x22, 0x49, 0x64, 0x69, 0x6f, 0x6d, 0x61,
  0x22, 0x2c, 0x22, 0x6c, 0x61, 0x6e, 0x67, 0x53, 0x65, 0x74, 0x22, 0x3a,
  0x22, 0x49, 0x64, 0x69, 0x6f, 0x6d, 0x61, 0x3a, 0x20, 0x7b, 0x6e, 0x61,
  0x6d, 0x65, 0x7d, 0x22, 0x2c, 0x22, 0x63, 0x6f, 0x6e, 0x6e, 0x65, 0x63,
  0x74, 0x69, 0x6e, 0x67, 0x22, 0x3a, 0x22, 0x43, 0x6f, 0x6e, 0x65, 0x63,
  0x74, 0x61, 0x6e, 0x64, 0x6f, 0xe2, 0x80, 0xa6, 0x22, 0x2c, 0x22, 0x73,
  0x74, 0x61, 0x74, 0x75, 0x73, 0x22, 0x3a, 0x22, 0x45, 0x73, 0x74, 0x61,
  0x64, 0x6f, 0x22, 0x2c, 0x22, 0x62, 0x6c, 0x75, 0x65, 0x74, 0x6f, 0x6f,
  0x74, 0x68, 0x22, 0x3a, 0x22, 0x42, 0x6c, 0x75, 0x65, 0x74, 0x6f, 0x6f,
  0x74, 0x68, 0x22, 0x2c, 0x22, 0x63, 0x6f, 0x6e, 0x6e, 0x65, 0x63, 0x74,
  0x65, 0x64, 0x22, 0x3a, 0x22, 0x43, 0x6f, 0x6e, 0x65, 0x63, 0x74, 0x61,
  0x64, 0x6f, 0x73, 0x22, 0x2c, 0x22, 0x70, 0x61, 0x69, 0x72, 0x65, 0x64,
  0x22, 0x3a, 0x22, 0x45, 0x6d, 0x70, 0x61, 0x72, 0x65, 0x6a, 0x61, 0x64,
  0x6f, 0x73, 0x22, 0x2c, 0x22, 0x74, 0x69, 0x70, 0x55, 0x73, 0x65, 0x72,
  0x73, 0x22, 0x3a, 0x22, 0x4a, 0x75, 0x65, 0x67, 0x61, 0x20, 0x63, 0x6f,
  0x6e, 0x20, 0x74, 0x75, 0x20, 0x75, 0x73, 0x75, 0x61, 0x72, 0x69, 0x6f,
  0x20, 0x70, 0x72, 0x69, 0x6e, 0x63, 0x69, 0x70, 0x61, 0x6c, 0x20, 0x79,
  0x20, 0x70, 0x75, 0x6c, 0x73, 0x61, 0x20, 0x7b, 0x70, 0x73, 0x7d, 0x20,
  0x65, 0x6e, 0x20, 0x6c, 0x61, 0x20, 0x74, 0x61, 0x72, 0x6a, 0x65, 0x74,
  0x61, 0x20, 0x64, 0x65, 0x6c, 0x20, 0x6d, 0x61, 0x6e, 0x64, 0x6f, 0x20,
  0x70, 0x61, 0x72, 0x61, 0x20, 0x64, 0x61, 0x72, 0x6c, 0x65, 0x20, 0x65,
  0x6c, 0x20, 0x63, 0x6f, 0x6e, 0x74, 0x72, 0x6f, 0x6c, 0x20, 0x64, 0x65,
  0x20, 0x6c, 0x61, 0x20, 0x63, 0x6f, 0x6e, 0x73, 0x6f, 0x6c, 0x61, 0x2e,
  0x22, 0x2c, 0x22, 0x72, 0x65, 0x74, 0x72, 0x79, 0x42, 0x74, 0x22, 0x3a,
  0x22, 0x52, 0x65, 0x69, 0x6e, 0x74, 0x65, 0x6e, 0x74, 0x61, 0x72, 0x20,
  0x42, 0x6c, 0x75, 0x65, 0x74, 0x6f, 0x6f, 0x74, 0x68, 0x22, 0x2c, 0x22,
  0x70, 0x61, 0x69, 0x72, 0x69, 0x6e, 0x67, 0x22, 0x3a, 0x22, 0x45, 0x6d,
  0x70, 0x61, 0x72, 0x65, 0x6a, 0x61, 0x6d, 0x69, 0x65, 0x6e, 0x74, 0x6f,
  0x22, 0x2c, 0x22, 0x70, 0x61, 0x69, 0x72, 0x49, 0x64, 0x6c, 0x65, 0x22,
  0x3a, 0x22, 0x50, 0x75, 0x6c, 0x73, 0x61, 0x20, 0x65, 0x6c, 0x20, 0x62,
  0x6f, 0x74, 0xc3, 0xb3, 0x6e, 0x20, 0x79, 0x20, 0x70, 0x6f, 0x6e, 0x20,
  0x65, 0x6c, 0x20, 0x6d, 0x61, 0x6e, 0x64, 0x6f, 0x20, 0x65, 0x6e, 0x20,
  0x6d, 0x6f, 0x64, 0x6f, 0x20, 0x64, 0x65, 0x20, 0x65, 0x6d, 0x70, 0x61,
  0x72, 0x65, 0x6a, 0x61, 0x6d, 0x69, 0x65, 0x6e, 0x74, 0x6f, 0x2e, 0x20,
  0x4d, 0x61, 0x6e, 0x74, 0xc3, 0xa9, 0x6e, 0x20, 0x65, 0x6c, 0x20, 0x44,
  0x75, 0x61, 0x6c, 0x53, 0x65, 0x6e, 0x73, 0x65, 0x20, 0x61, 0x70, 0x61,
  0x67, 0x61, 0x64, 0x6f, 0x20, 0x6d, 0x69, 0x65, 0x6e, 0x74, 0x72, 0x61,
  0x73, 0x20, 0x74, 0x61, 0x6e, 0x74, 0x6f, 0x2e, 0x22, 0x2c, 0x22, 0x70,
  0x61, 0x69, 0x72, 0x42, 0x74, 0x6e, 0x22, 0x3a, 0x22, 0x45, 0x6d, 0x70,
  0x61, 0x72, 0x65, 0x6a, 0x61, 0x72, 0x20, 0x75, 0x6e, 0x20, 0x6d, 0x61,
  0x6e, 0x64, 0x6f, 0x20, 0x28, 0x36, 0x30, 0x20, 0x73, 0x29, 0x22, 0x2c,
  0x22, 0x63, 0x6f, 0x6e, 0x6e, 0x65, 0x63, 0x74, 0x65, 0x64, 0x54, 0x69,
  0x74, 0x6c, 0x65, 0x22, 0x3a, 0x22, 0x4d, 0x61, 0x6e, 0x64, 0x6f, 0x73,
  0x20, 0x63, 0x6f, 0x6e, 0x65, 0x63, 0x74, 0x61, 0x64, 0x6f, 0x73, 0x22,
  0x2c, 0x22, 0x75, 0x70, 0x54, 0x6f, 0x34, 0x22, 0x3a, 0x22, 0x48, 0x61,
  0x73, 0x74, 0x61, 0x20, 0x34, 0x22, 0x2c, 0x22, 0x70, 0x61, 0x69, 0x72,
  0x65, 0x64, 0x54, 0x69, 0x74, 0x6c, 0x65, 0x22, 0x3a, 0x22, 0x4d, 0x61,
  0x6e, 0x64, 0x6f, 0x73, 0x20, 0x65, 0x6d, 0x70, 0x61, 0x72, 0x65, 0x6a,
  0x61, 0x64, 0x6f, 0x73, 0x22, 0x2c, 0x22, 0x73, 0x77, 0x69, 0x74, 0x63,
  0x68, 0x4f, 0x6e, 0x22, 0x3a, 0x22, 0x45, 0x6e, 0x63, 0x69, 0x65, 0x6e,
  0x64, 0x65, 0x20, 0x75, 0x6e, 0x6f, 0x20, 0x70, 0x61, 0x72, 0x61, 0x20,
  0x63, 0x6f, 0x6e, 0x65, 0x63, 0x74, 0x61, 0x72, 0x6c, 0x6f, 0x22, 0x2c,
  0x22, 0x6c, 0x6f, 0x67, 0x22, 0x3a, 0x22, 0x52, 0x65, 0x67, 0x69, 0x73,
  0x74, 0x72, 0x6f, 0x22, 0x2c, 0x22, 0x73, 0x68, 0x6f, 0x77, 0x22, 0x3a,
  0x22, 0x4d, 0x6f, 0x73, 0x74, 0x72, 0x61, 0x72, 0x22, 0x2c, 0x22, 0x68,
  0x69, 0x64, 0x65, 0x22, 0x3a, 0x22, 0x4f, 0x63, 0x75, 0x6c, 0x74, 0x61,
  0x72, 0x22, 0x2c, 0x22, 0x6c, 0x6f, 0x61, 0x64, 0x69, 0x6e, 0x67, 0x22,
  0x3a, 0x22, 0x43, 0x61, 0x72, 0x67, 0x61, 0x6e, 0x64, 0x6f, 0xe2, 0x80,
  0xa6, 0x22, 0x2c, 0x22, 0x72, 0x65, 0x66, 0x72, 0x65, 0x73, 0x68, 0x22,
  0x3a, 0x22, 0x41, 0x63, 0x74, 0x75, 0x61, 0x6c, 0x69, 0x7a, 0x61, 0x72,
  0x22, 0x2c, 0x22, 0x66, 0x6f, 0x6f, 0x74, 0x65, 0x72, 0x22, 0x3a, 0x22,
  0x41, 0x6c, 0x20, 0x63, 0x65, 0x72, 0x72, 0x61, 0x72, 0x20, 0x65, 0x73,
  0x74, 0x61, 0x20, 0x70, 0xc3, 0xa1, 0x67, 0x69, 0x6e, 0x61, 0x20, 0x50,
  0x61, 0x64, 0x42, 0x72, 0x69, 0x64, 0x67, 0x65, 0x20, 0x73, 0x69, 0x67,
  0x75, 0x65, 0x20, 0x66, 0x75, 0x6e, 0x63, 0x69, 0x6f, 0x6e, 0x61, 0x6e,
  0x64, 0x6f, 0x2e, 0x20, 0x44, 0x65, 0x74, 0x65, 0x6e, 0x6c, 0x6f, 0x20,
  0x61, 0x6e, 0x74, 0x65, 0x73, 0x20, 0x64, 0x65, 0x20, 0x76, 0x6f, 0x6c,
  0x76, 0x65, 0x72, 0x20, 0x61, 0x20, 0x63, 0x61, 0x72, 0x67, 0x61, 0x72,
  0x20, 0x65, 0x6c, 0x20, 0x45, 0x4c, 0x46, 0x3a, 0x20, 0x6c, 0x6f, 0x73,
  0x20, 0x6d, 0x61, 0x6e, 0x64, 0x6f, 0x73, 0x20, 0x73, 0x65, 0x20, 0x64,
  0x65, 0x73, 0x63, 0x6f, 0x6e, 0x65, 0x63, 0x74, 0x61, 0x6e, 0x20, 0x79,
  0x20, 0x65, 0x6c, 0x20, 0x42, 0x6c, 0x75, 0x65, 0x74, 0x6f, 0x6f, 0x74,
  0x68, 0x20, 0x71, 0x75, 0x65, 0x64, 0x61, 0x20, 0x63, 0x6f, 0x6d, 0x6f,
  0x20, 0x65, 0x73, 0x74, 0x61, 0x62, 0x61, 0x2e, 0x22, 0x2c, 0x22, 0x73,
  0x74, 0x6f, 0x70, 0x42, 0x74, 0x6e, 0x22, 0x3a, 0x22, 0x44, 0x65, 0x74,
  0x65, 0x6e, 0x65, 0x72, 0x20, 0x50, 0x61, 0x64, 0x42, 0x72, 0x69, 0x64,
  0x67, 0x65, 0x20, 0x28, 0x61, 0x76, 0x61, 0x6e, 0x7a, 0x61, 0x64, 0x6f,
  0x29, 0x22, 0x2c, 0x22, 0x70, 0x72, 0x65, 0x73, 0x73, 0x50, 0x73, 0x22,
  0x3a, 0x22, 0x50, 0x75, 0x6c, 0x73, 0x61, 0x72, 0x20, 0x50, 0x53, 0x22,
  0x2c, 0x22, 0x72, 0x75, 0x6d, 0x62, 0x6c, 0x65, 0x22, 0x3a, 0x22, 0x56,
  0x69, 0x62, 0x72, 0x61, 0x72, 0x22, 0x2c, 0x22, 0x66, 0x6f, 0x72, 0x67,
  0x65, 0x74, 0x22, 0x3a, 0x22, 0x4f, 0x6c, 0x76, 0x69, 0x64, 0x61, 0x72,
  0x22, 0x2c, 0x22, 0x70, 0x73, 0x54, 0x69, 0x74, 0x6c, 0x65, 0x22, 0x3a,
  0x22, 0x49, 0x67, 0x75, 0x61, 0x6c, 0x20, 0x71, 0x75, 0x65, 0x20, 0x6d,
  0x61, 0x6e, 0x74, 0x65, 0x6e, 0x65, 0x72, 0x20, 0x50, 0x53, 0x3a, 0x20,
  0x64, 0x61, 0x20, 0x65, 0x6c, 0x20, 0x63, 0x6f, 0x6e, 0x74, 0x72, 0x6f,
  0x6c, 0x20, 0x64, 0x65, 0x20, 0x6c, 0x61, 0x20, 0x63, 0x6f, 0x6e, 0x73,
  0x6f, 0x6c, 0x61, 0x20, 0x61, 0x20, 0x65, 0x73, 0x74, 0x65, 0x20, 0x6d,
  0x61, 0x6e, 0x64, 0x6f, 0x22, 0x2c, 0x22, 0x72, 0x75, 0x6d, 0x62, 0x6c,
  0x65, 0x54, 0x69, 0x74, 0x6c, 0x65, 0x22, 0x3a, 0x22, 0x48, 0x61, 0x63,
  0x65, 0x20, 0x76, 0x69, 0x62, 0x72, 0x61, 0x72, 0x20, 0x65, 0x73, 0x74,
  0x65, 0x20, 0x6d, 0x61, 0x6e, 0x64, 0x6f, 0x20, 0x6d, 0x65, 0x64, 0x69,
  0x6f, 0x20, 0x73, 0x65, 0x67, 0x75, 0x6e, 0x64, 0x6f, 0x22, 0x2c, 0x22,
  0x70, 0x73, 0x44, 0x6f, 0x6e, 0x65, 0x22, 0x3a, 0x22, 0x50, 0x53, 0x20,
  0x70, 0x75, 0x6c, 0x73, 0x61, 0x64, 0x6f, 0x20, 0x65, 0x6e, 0x20, 0x50,
  0x7b, 0x6e, 0x7d, 0x22, 0x2c, 0x22, 0x72, 0x75, 0x6d, 0x62, 0x6c, 0x65,
  0x44, 0x6f, 0x6e, 0x65, 0x22, 0x3a, 0x22, 0x56, 0x69, 0x62, 0x72, 0x61,
  0x63, 0x69, 0xc3, 0xb3, 0x6e, 0x20, 0x65, 0x6e, 0x76, 0x69, 0x61, 0x64,
  0x61, 0x20, 0x61, 0x20, 0x50, 0x7b, 0x6e, 0x7d, 0x22, 0x2c, 0x22, 0x6e,
  0x6f, 0x52, 0x75, 0x6d, 0x62, 0x6c, 0x65, 0x22, 0x3a, 0x22, 0x45, 0x73,
  0x74, 0x65, 0x20, 0x6d, 0x61, 0x6e, 0x64, 0x6f, 0x20, 0x6e, 0x6f, 0x20,
  0x70, 0x75, 0x65, 0x64, 0x65, 0x20, 0x76, 0x69, 0x62, 0x72, 0x61, 0x72,
  0x22, 0x2c, 0x22, 0x73, 0x75, 0x72, 0x65, 0x22, 0x3a, 0x22, 0xc2, 0xbf,
  0x53, 0x65, 0x67, 0x75, 0x72, 0x6f, 0x3f, 0x22, 0x2c, 0x22, 0x66, 0x6f,
  0x72, 0x67, 0x6f, 0x74, 0x74, 0x65, 0x6e, 0x22, 0x3a, 0x22, 0x4f, 0x6c,
  0x76, 0x69, 0x64, 0x61, 0x64, 0x6f, 0x3a, 0x20, 0x76, 0x75, 0x65, 0x6c,
  0x76, 0x65, 0x20, 0x61, 0x20, 0x65, 0x6d, 0x70, 0x61, 0x72, 0x65, 0x6a,
  0x61, 0x72, 0x6c, 0x6f, 0x20, 0x70, 0x61, 0x72, 0x61, 0x20, 0x75, 0x73,
  0x61, 0x72, 0x6c, 0x6f, 0x22, 0x2c, 0x22, 0x66, 0x61, 0x69, 0x6c, 0x65,
  0x64, 0x22, 0x3a, 0x22, 0x4e, 0x6f, 0x20, 0x68, 0x61, 0x20, 0x66, 0x75,
  0x6e, 0x63, 0x69, 0x6f, 0x6e, 0x61, 0x64, 0x6f, 0x22, 0x2c, 0x22, 0x62,
  0x61, 0x74, 0x74, 0x65, 0x72, 0x79, 0x22, 0x3a, 0x22, 0x42, 0x61, 0x74,
  0x65, 0x72, 0xc3, 0xad, 0x61, 0x20, 0x7b, 0x6e, 0x7d, 0x25, 0x22, 0x2c,
  0x22, 0x63, 0x68, 0x61, 0x72, 0x67, 0x69, 0x6e, 0x67, 0x22, 0x3a, 0x22,
  0x63, 0x61, 0x72, 0x67, 0x61, 0x6e, 0x64, 0x6f, 0x22, 0x2c, 0x22, 0x6e,
  0x6f, 0x42, 0x61, 0x74, 0x74, 0x65, 0x72, 0x79, 0x22, 0x3a, 0x22, 0x42,
  0x61, 0x74, 0x65, 0x72, 0xc3, 0xad, 0x61, 0x20, 0x6e, 0x6f, 0x20, 0x64,
  0x69, 0x73, 0x70, 0x6f, 0x6e, 0x69, 0x62, 0x6c, 0x65, 0x22, 0x2c, 0x22,
  0x6e, 0x6f, 0x50, 0x61, 0x64, 0x73, 0x22, 0x3a, 0x22, 0x4e, 0x69, 0x6e,
  0x67, 0xc3, 0xba, 0x6e, 0x20, 0x6d, 0x61, 0x6e, 0x64, 0x6f, 0x20, 0x63,
  0x6f, 0x6e, 0x65, 0x63, 0x74, 0x61, 0x64, 0x6f, 0x2e, 0x20, 0x45, 0x6e,
  0x63, 0x69, 0x65, 0x6e, 0x64, 0x65, 0x20, 0x75, 0x6e, 0x6f, 0x20, 0x65,
  0x6d, 0x70, 0x61, 0x72, 0x65, 0x6a, 0x61, 0x64, 0x6f, 0x20, 0x6f, 0x20,
  0x65, 0x6d, 0x70, 0x61, 0x72, 0x65, 0x6a, 0x61, 0x20, 0x75, 0x6e, 0x6f,
  0x20, 0x6e, 0x75, 0x65, 0x76, 0x6f, 0x2e, 0x22, 0x2c, 0x22, 0x6e, 0x6f,
  0x74, 0x68, 0x69, 0x6e, 0x67, 0x50, 0x61, 0x69, 0x72, 0x65, 0x64, 0x22,
  0x3a, 0x22, 0x54, 0x6f, 0x64, 0x61, 0x76, 0xc3, 0xad, 0x61, 0x20, 0x6e,
  0x6f, 0x20, 0x68, 0x61, 0x79, 0x20, 0x6e, 0x61, 0x64, 0x61, 0x20, 0x65,
  0x6d, 0x70, 0x61, 0x72, 0x65, 0x6a, 0x61, 0x64, 0x6f, 0x2e, 0x22, 0x2c,
  0x22, 0x6f, 0x66, 0x66, 0x6c, 0x69, 0x6e, 0x65, 0x50, 0x61, 0x64, 0x22,
  0x3a, 0x22, 0x4d, 0x61, 0x6e, 0x64, 0x6f, 0x20, 0x65, 0x6d, 0x70, 0x61,
  0x72, 0x65, 0x6a, 0x61, 0x64, 0x6f, 0x20, 0xc2, 0xb7, 0x20, 0x64, 0x65,
  0x73, 0x63, 0x6f, 0x6e, 0x65, 0x63, 0x74, 0x61, 0x64, 0x6f, 0x22, 0x2c,
  0x22, 0x75, 0x6e, 0x6b, 0x6e, 0x6f, 0x77, 0x6e, 0x49, 0x64, 0x22, 0x3a,
  0x22, 0x69, 0x64, 0x20, 0x64, 0x65, 0x73, 0x63, 0x6f, 0x6e, 0x6f, 0x63,
  0x69, 0x64, 0x6f, 0x22, 0x2c, 0x22, 0x70, 0x61, 0x69, 0x72, 0x69, 0x6e,
  0x67, 0x4e, 0x6f, 0x77, 0x22, 0x3a, 0x22, 0x45, 0x6d, 0x70, 0x61, 0x72,
  0x65, 0x6a, 0x61, 0x6e, 0x64, 0x6f, 0xe2, 0x80, 0xa6, 0x22, 0x2c, 0x22,
  0x72, 0x75, 0x6e, 0x6e, 0x69, 0x6e, 0x67, 0x22, 0x3a, 0x22, 0x45, 0x6e,
  0x20, 0x6d, 0x61, 0x72, 0x63, 0x68, 0x61, 0x22, 0x2c, 0x22, 0x6e, 0x6f,
  0x42, 0x74, 0x22, 0x3a, 0x22, 0x53, 0x69, 0x6e, 0x20, 0x42, 0x6c, 0x75,
  0x65, 0x74, 0x6f, 0x6f, 0x74, 0x68, 0x22, 0x2c, 0x22, 0x73, 0x74, 0x61,
  0x72, 0x74, 0x69, 0x6e, 0x67, 0x42, 0x74, 0x22, 0x3a, 0x22, 0x49, 0x6e,
  0x69, 0x63, 0x69, 0x61, 0x6e, 0x64, 0x6f, 0x20, 0x42, 0x6c, 0x75, 0x65,
  0x74, 0x6f, 0x6f, 0x74, 0x68, 0xe2, 0x80, 0xa6, 0x22, 0x2c, 0x22, 0x72,
  0x65, 0x61, 0x64, 0x79, 0x22, 0x3a, 0x22, 0x4c, 0x69, 0x73, 0x74, 0x6f,
  0x22, 0x2c, 0x22, 0x66, 0x61, 0x69, 0x6c, 0x65, 0x64, 0x42, 0x74, 0x22,
  0x3a, 0x22, 0x45, 0x72, 0x72, 0x6f, 0x72, 0x22, 0x2c, 0x22, 0x73, 0x74,
  0x61, 0x72, 0x74, 0x69, 0x6e, 0x67, 0x22, 0x3a, 0x22, 0x49, 0x6e, 0x69,
  0x63, 0x69, 0x61, 0x6e, 0x64, 0x6f, 0x22, 0x2c, 0x22, 0x72, 0x4e, 0x6f,
  0x63, 0x68, 0x69, 0x70, 0x22, 0x3a, 0x22, 0x45, 0x6c, 0x20, 0x63, 0x68,
  0x69, 0x70, 0x20, 0x42, 0x6c, 0x75, 0x65, 0x74, 0x6f, 0x6f, 0x74, 0x68,
  0x20, 0x6e, 0x6f, 0x20, 0x72, 0x65, 0x73, 0x70, 0x6f, 0x6e, 0x64, 0x65,
  0x2e, 0x20, 0x4c, 0x6f, 0x73, 0x20, 0x64, 0x65, 0x74, 0x61, 0x6c, 0x6c,
  0x65, 0x73, 0x20, 0x65, 0x73, 0x74, 0xc3, 0xa1, 0x6e, 0x20, 0x65, 0x6e,
  0x20, 0x65, 0x6c, 0x20, 0x72, 0x65, 0x67, 0x69, 0x73, 0x74, 0x72, 0x6f,
  0x20, 0x28, 0x6c, 0xc3, 0xad, 0x6e, 0x65, 0x61, 0x73, 0x20, 0x27, 0x64,
  0x69, 0x61, 0x67, 0x27, 0x29, 0x2e, 0x22, 0x2c, 0x22, 0x72, 0x4c, 0x6f,
  0x73, 0x74, 0x22, 0x3a, 0x22, 0x53, 0x65, 0x20, 0x70, 0x65, 0x72, 0x64,
  0x69, 0xc3, 0xb3, 0x20, 0x6c, 0x61, 0x20, 0x63, 0x6f, 0x6e, 0x65, 0x78,
  0x69, 0xc3, 0xb3, 0x6e, 0x20, 0x42, 0x6c, 0x75, 0x65, 0x74, 0x6f, 0x6f,
  0x74, 0x68, 0x2e, 0x20, 0x50, 0x75, 0x6c, 0x73, 0x61, 0x20, 0x52, 0x65,
  0x69, 0x6e, 0x74, 0x65, 0x6e, 0x74, 0x61, 0x72, 0x20, 0x42, 0x6c, 0x75,
  0x65, 0x74, 0x6f, 0x6f, 0x74, 0x68, 0x2e, 0x22, 0x2c, 0x22, 0x72, 0x4e,
  0x6f, 0x76, 0x70, 0x61, 0x64, 0x22, 0x3a, 0x22, 0x4e, 0x6f, 0x20, 0x73,
  0x65, 0x20, 0x70, 0x75, 0x65, 0x64, 0x65, 0x6e, 0x20, 0x63, 0x72, 0x65,
  0x61, 0x72, 0x20, 0x6d, 0x61, 0x6e, 0x64, 0x6f, 0x73, 0x20, 0x76, 0x69,
  0x72, 0x74, 0x75, 0x61, 0x6c, 0x65, 0x73, 0x20, 0x65, 0x6e, 0x20, 0x65,
  0x73, 0x74, 0x65, 0x20, 0x73, 0x69, 0x73, 0x74, 0x65, 0x6d, 0x61, 0x20,
  0x28, 0x63, 0x6f, 0x6e, 0x73, 0x75, 0x6c, 0x74, 0x61, 0x20, 0x65, 0x6c,
  0x20, 0x72, 0x65, 0x67, 0x69, 0x73, 0x74, 0x72, 0x6f, 0x29, 0x2e, 0x20,
  0x4e, 0x6f, 0x20, 0x73, 0x65, 0x20, 0x68, 0x61, 0x20, 0x74, 0x6f, 0x63,
  0x61, 0x64, 0x6f, 0x20, 0x65, 0x6c, 0x20, 0x42, 0x6c, 0x75, 0x65, 0x74,
  0x6f, 0x6f, 0x74, 0x68, 0x2e, 0x22, 0x2c, 0x22, 0x73, 0x65, 0x61, 0x72,
  0x63, 0x68, 0x69, 0x6e, 0x67, 0x22, 0x3a, 0x22, 0x42, 0x75, 0x73, 0x63,
  0x61, 0x6e, 0x64, 0x6f, 0xe2, 0x80, 0xa6, 0x20, 0x71, 0x75, 0x65, 0x64,
  0x61, 0x6e, 0x20, 0x7b, 0x6e, 0x7d, 0x20, 0x73, 0x2e, 0x20, 0x50, 0x6f,
  0x6e, 0x20, 0x65, 0x6c, 0x20, 0x6d, 0x61, 0x6e, 0x64, 0x6f, 0x20, 0x65,
  0x6e, 0x20, 0x6d, 0x6f, 0x64, 0x6f, 0x20, 0x64, 0x65, 0x20, 0x65, 0x6d,
  0x70, 0x61, 0x72, 0x65, 0x6a, 0x61, 0x6d, 0x69, 0x65, 0x6e, 0x74, 0x6f,
  0x20, 0x61, 0x68, 0x6f, 0x72, 0x61, 0x2e, 0x22, 0x2c, 0x22, 0x70, 0x61,
  0x69, 0x72, 0x69, 0x6e, 0x67, 0x53, 0x65, 0x63, 0x22, 0x3a, 0x22, 0x45,
  0x6d, 0x70, 0x61, 0x72, 0x65, 0x6a, 0x61, 0x6e, 0x64, 0x6f, 0xe2, 0x80,
  0xa6, 0x20, 0x7b, 0x6e, 0x7d, 0x20, 0x73, 0x22, 0x2c, 0x22, 0x68, 0x6f,
  0x74, 0x6b, 0x65, 0x79, 0x22, 0x3a, 0x22, 0x41, 0x74, 0x61, 0x6a, 0x6f,
  0x3a, 0x20, 0x7b, 0x63, 0x7d, 0x22, 0x2c, 0x22, 0x70, 0x61, 0x69, 0x72,
  0x53, 0x74, 0x61, 0x72, 0x74, 0x65, 0x64, 0x22, 0x3a, 0x22, 0x45, 0x6d,
  0x70, 0x61, 0x72, 0x65, 0x6a, 0x61, 0x6e, 0x64, 0x6f, 0x20, 0x64, 0x75,
  0x72, 0x61, 0x6e, 0x74, 0x65, 0x20, 0x36, 0x30, 0x20, 0x73, 0x3a, 0x20,
  0x70, 0x6f, 0x6e, 0x20, 0x65, 0x6c, 0x20, 0x6d, 0x61, 0x6e, 0x64, 0x6f,
  0x20, 0x65, 0x6e, 0x20, 0x6d, 0x6f, 0x64, 0x6f, 0x20, 0x64, 0x65, 0x20,
  0x65, 0x6d, 0x70, 0x61, 0x72, 0x65, 0x6a, 0x61, 0x6d, 0x69, 0x65, 0x6e,
  0x74, 0x6f, 0x22, 0x2c, 0x22, 0x72, 0x65, 0x74, 0x72, 0x79, 0x69, 0x6e,
  0x67, 0x22, 0x3a, 0x22, 0x52, 0x65, 0x69, 0x6e, 0x74, 0x65, 0x6e, 0x74,
  0x61, 0x6e, 0x64, 0x6f, 0x20, 0x42, 0x6c, 0x75, 0x65, 0x74, 0x6f, 0x6f,
  0x74, 0x68, 0xe2, 0x80, 0xa6, 0x22, 0x2c, 0x22, 0x6c, 0x6f, 0x67, 0x45,
  0x72, 0x72, 0x6f, 0x72, 0x22, 0x3a, 0x22, 0x4e, 0x6f, 0x20, 0x73, 0x65,
  0x20, 0x70, 0x75, 0x64, 0x6f, 0x20, 0x6c, 0x65, 0x65, 0x72, 0x20, 0x65,
  0x6c, 0x20, 0x72, 0x65, 0x67, 0x69, 0x73, 0x74, 0x72, 0x6f, 0x2e, 0x22,
  0x2c, 0x22, 0x65, 0x6d, 0x70, 0x74, 0x79, 0x22, 0x3a, 0x22, 0x28, 0x76,
  0x61, 0x63, 0xc3, 0xad, 0x6f, 0x29, 0x22, 0x2c, 0x22, 0x74, 0x61, 0x70,
  0x53, 0x74, 0x6f, 0x70, 0x22, 0x3a, 0x22, 0x50, 0x75, 0x6c, 0x73, 0x61,
  0x20, 0x6f, 0x74, 0x72, 0x61, 0x20, 0x76, 0x65, 0x7a, 0x20, 0x70, 0x61,
  0x72, 0x61, 0x20, 0x64, 0x65, 0x74, 0x65, 0x6e, 0x65, 0x72, 0x22, 0x2c,
  0x22, 0x73, 0x74, 0x6f, 0x70, 0x70, 0x69, 0x6e, 0x67, 0x22, 0x3a, 0x22,
  0x50, 0x61, 0x64, 0x42, 0x72, 0x69, 0x64, 0x67, 0x65, 0x20, 0x73, 0x65,
  0x20, 0x65, 0x73, 0x74, 0xc3, 0xa1, 0x20, 0x64, 0x65, 0x74, 0x65, 0x6e,
  0x69, 0x65, 0x6e, 0x64, 0x6f, 0x22, 0x2c, 0x22, 0x73, 0x74, 0x6f, 0x70,
  0x70, 0x69, 0x6e, 0x67, 0x53, 0x68, 0x6f, 0x72, 0x74, 0x22, 0x3a, 0x22,
  0x44, 0x65, 0x74, 0x65, 0x6e, 0x69, 0x65, 0x6e, 0x64, 0x6f, 0xe2, 0x80,
  0xa6, 0x22, 0x2c, 0x22, 0x6f, 0x66, 0x66, 0x6c, 0x69, 0x6e, 0x65, 0x22,
  0x3a, 0x22, 0x53, 0x69, 0x6e, 0x20, 0x63, 0x6f, 0x6e, 0x65, 0x78, 0x69,
  0xc3, 0xb3, 0x6e, 0x22, 0x7d, 0x2c, 0x0a, 0x66, 0x72, 0x3a, 0x7b, 0x22,
  0x6c, 0x61, 0x6e, 0x67, 0x75, 0x61, 0x67, 0x65, 0x22, 0x3a, 0x22, 0x4c,
  0x61, 0x6e, 0x67, 0x75, 0x65, 0x22, 0x2c, 0x22, 0x6c, 0x61, 0x6e, 0x67,
  0x53, 0x65, 0x74, 0x22, 0x3a, 0x22, 0x4c, 0x61, 0x6e, 0x67, 0x75, 0x65,
  0x20, 0x3a, 0x20, 0x7b, 0x6e, 0x61, 0x6d, 0x65, 0x7d, 0x22, 0x2c, 0x22,
  0x63, 0x6f, 0x6e, 0x6e, 0x65, 0x63, 0x74, 0x69, 0x6e, 0x67, 0x22, 0x3a,
  0x22, 0x43, 0x6f, 0x6e, 0x6e, 0x65, 0x78, 0x69, 0x6f, 0x6e, 0xe2, 0x80,
  0xa6, 0x22, 0x2c, 0x22, 0x73, 0x74, 0x61, 0x74, 0x75, 0x73, 0x22, 0x3a,
  0x22, 0xc3, 0x89, 0x74, 0x61, 0x74, 0x22, 0x2c, 0x22, 0x62, 0x6c, 0x75,
  0x65, 0x74, 0x6f, 0x6f, 0x74, 0x68, 0x22, 0x3a, 0x22, 0x42, 0x6c, 0x75,
  0x65, 0x74, 0x6f, 0x6f, 0x74, 0x68, 0x22, 0x2c, 0x22, 0x63, 0x6f, 0x6e,
  0x6e, 0x65, 0x63, 0x74, 0x65, 0x64, 0x22, 0x3a, 0x22, 0x43, 0x6f, 0x6e,
  0x6e, 0x65, 0x63, 0x74, 0xc3, 0xa9, 0x65, 0x73, 0x22, 0x2c, 0x22, 0x70,
  0x61, 0x69, 0x72, 0x65, 0x64, 0x22, 0x3a, 0x22, 0x41, 0x73, 0x73, 0x6f,
  0x63, 0x69, 0xc3, 0xa9, 0x65, 0x73, 0x22, 0x2c, 0x22, 0x74, 0x69, 0x70,
  0x55, 0x73, 0x65, 0x72, 0x73, 0x22, 0x3a, 0x22, 0x4a, 0x6f, 0x75, 0x65,
  0x7a, 0x20, 0x61, 0x76, 0x65, 0x63, 0x20, 0x76, 0x6f, 0x74, 0x72, 0x65,
  0x20, 0x75, 0x74, 0x69, 0x6c, 0x69, 0x73, 0x61, 0x74, 0x65, 0x75, 0x72,
  0x20, 0x70, 0x72, 0x69, 0x6e, 0x63, 0x69, 0x70, 0x61, 0x6c, 0x20, 0x65,
  0x74, 0x20, 0x61, 0x70, 0x70, 0x75, 0x79, 0x65, 0x7a, 0x20, 0x73, 0x75,
  0x72, 0x20, 0x7b, 0x70, 0x73, 0x7d, 0x20, 0x73, 0x75, 0x72, 0x20, 0x6c,
  0x61, 0x20, 0x63, 0x61, 0x72, 0x74, 0x65, 0x20, 0x64, 0x65, 0x20, 0x6c,
  0x61, 0x20, 0x6d, 0x61, 0x6e, 0x65, 0x74, 0x74, 0x65, 0x20, 0x70, 0x6f,
  0x75, 0x72, 0x20, 0x6c, 0x75, 0x69, 0x20, 0x64, 0x6f, 0x6e, 0x6e, 0x65,
  0x72, 0x20, 0x6c, 0x61, 0x20, 0x6d, 0x61, 0x69, 0x6e, 0x2e, 0x22, 0x2c,
  0x22, 0x72, 0x65, 0x74, 0x72, 0x79, 0x42, 0x74, 0x22, 0x3a, 0x22, 0x52,
  0xc3, 0xa9, 0x65, 0x73, 0x73, 0x61, 0x79, 0x65, 0x72, 0x20, 0x6c, 0x65,
  0x20, 0x42, 0x6c, 0x75, 0x65, 0x74, 0x6f, 0x6f, 0x74, 0x68, 0x22, 0x2c,
  0x22, 0x70, 0x61, 0x69, 0x72, 0x69, 0x6e, 0x67, 0x22, 0x3a, 0x22, 0x41,
  0x73, 0x73, 0x6f, 0x63, 0x69, 0x61, 0x74, 0x69, 0x6f, 0x6e, 0x22, 0x2c,
  0x22, 0x70, 0x61, 0x69, 0x72, 0x49, 0x64, 0x6c, 0x65, 0x22, 0x3a, 0x22,
  0x41, 0x70, 0x70, 0x75, 0x79, 0x65, 0x7a, 0x20, 0x73, 0x75, 0x72, 0x20,
  0x6c, 0x65, 0x20, 0x62, 0x6f, 0x75, 0x74, 0x6f, 0x6e, 0x2c, 0x20, 0x70,
  0x75, 0x69, 0x73, 0x20, 0x6d, 0x65, 0x74, 0x74, 0x65, 0x7a, 0x20, 0x6c,
  0x61, 0x20, 0x6d, 0x61, 0x6e, 0x65, 0x74, 0x74, 0x65, 0x20, 0x65, 0x6e,
  0x20, 0x6d, 0x6f, 0x64, 0x65, 0x20, 0x61, 0x73, 0x73, 0x6f, 0x63, 0x69,
  0x61, 0x74, 0x69, 0x6f, 0x6e, 0x2e, 0x20, 0x4c, 0x61, 0x69, 0x73, 0x73,
  0x65, 0x7a, 0x20, 0x6c, 0x61, 0x20, 0x44, 0x75, 0x61, 0x6c, 0x53, 0x65,
  0x6e, 0x73, 0x65, 0x20, 0xc3, 0xa9, 0x74, 0x65, 0x69, 0x6e, 0x74, 0x65,
  0x20, 0x70, 0x65, 0x6e, 0x64, 0x61, 0x6e, 0x74, 0x20, 0x6c, 0x27, 0x61,
  0x73, 0x73, 0x6f, 0x63, 0x69, 0x61, 0x74, 0x69, 0x6f, 0x6e, 0x2e, 0x22,
  0x2c, 0x22, 0x70, 0x61, 0x69, 0x72, 0x42, 0x74, 0x6e, 0x22, 0x3a, 0x22,
  0x41, 0x73, 0x73, 0x6f, 0x63, 0x69, 0x65, 0x72, 0x20, 0x75, 0x6e, 0x65,
  0x20, 0x6d, 0x61, 0x6e, 0x65, 0x74, 0x74, 0x65, 0x20, 0x28, 0x36, 0x30,
  0x20, 0x73, 0x29, 0x22, 0x2c, 0x22, 0x63, 0x6f, 0x6e, 0x6e, 0x65, 0x63,
  0x74, 0x65, 0x64, 0x54, 0x69, 0x74, 0x6c, 0x65, 0x22, 0x3a, 0x22, 0x4d,
  0x61, 0x6e, 0x65, 0x74, 0x74, 0x65, 0x73, 0x20, 0x63, 0x6f, 0x6e, 0x6e,
  0x65, 0x63, 0x74, 0xc3, 0xa9, 0x65, 0x73, 0x22, 0x2c, 0x22, 0x75, 0x70,
  0x54, 0x6f, 0x34, 0x22, 0x3a, 0x22, 0x4a, 0x75, 0x73, 0x71, 0x75, 0x27,
  0xc3, 0xa0, 0x20, 0x34, 0x22, 0x2c, 0x22, 0x70, 0x61, 0x69, 0x72, 0x65,
  0x64, 0x54, 0x69, 0x74, 0x6c, 0x65, 0x22, 0x3a, 0x22, 0x4d, 0x61, 0x6e,
  0x65, 0x74, 0x74, 0x65, 0x73, 0x20, 0x61, 0x73, 0x73, 0x6f, 0x63, 0x69,
  0xc3, 0xa9, 0x65, 0x73, 0x22, 0x2c, 0x22, 0x73, 0x77, 0x69, 0x74, 0x63,
  0x68, 0x4f, 0x6e, 0x22, 0x3a, 0x22, 0x41, 0x6c, 0x6c, 0x75, 0x6d, 0x65,
  0x7a, 0x2d, 0x65, 0x6e, 0x20, 0x75, 0x6e, 0x65, 0x20, 0x70, 0x6f, 0x75,
  0x72, 0x20, 0x6c, 0x61, 0x20, 0x63, 0x6f, 0x6e, 0x6e, 0x65, 0x63, 0x74,
  0x65, 0x72, 0x22, 0x2c, 0x22, 0x6c, 0x6f, 0x67, 0x22, 0x3a, 0x22, 0x4a,
  0x6f, 0x75, 0x72, 0x6e, 0x61, 0x6c, 0x22, 0x2c, 0x22, 0x73, 0x68, 0x6f,
  0x77, 0x22, 0x3a, 0x22, 0x41, 0x66, 0x66, 0x69, 0x63, 0x68, 0x65, 0x72,
  0x22, 0x2c, 0x22, 0x68, 0x69, 0x64, 0x65, 0x22, 0x3a, 0x22, 0x4d, 0x61,
  0x73, 0x71, 0x75, 0x65, 0x72, 0x22, 0x2c, 0x22, 0x6c, 0x6f, 0x61, 0x64,
  0x69, 0x6e, 0x67, 0x22, 0x3a, 0x22, 0x43, 0x68, 0x61, 0x72, 0x67, 0x65,
  0x6d, 0x65, 0x6e, 0x74, 0xe2, 0x80, 0xa6, 0x22, 0x2c, 0x22, 0x72, 0x65,
  0x66, 0x72, 0x65, 0x73, 0x68, 0x22, 0x3a, 0x22, 0x41, 0x63, 0x74, 0x75,
  0x61, 0x6c, 0x69, 0x73, 0x65, 0x72, 0x22, 0x2c, 0x22, 0x66, 0x6f, 0x6f,
  0x74, 0x65, 0x72, 0x22, 0x3a, 0x22, 0x46, 0x65, 0x72, 0x6d, 0x65, 0x72,
  0x20, 0x63, 0x65, 0x74, 0x74, 0x65, 0x20, 0x70, 0x61, 0x67, 0x65, 0x20,
  0x6c, 0x61, 0x69, 0x73, 0x73, 0x65, 0x20, 0x50, 0x61, 0x64, 0x42, 0x72,
  0x69, 0x64, 0x67, 0x65, 0x20, 0x61, 0x63, 0x74, 0x69, 0x66, 0x2e, 0x20,
  0x41, 0x72, 0x72, 0xc3, 0xaa, 0x74, 0x65, 0x7a, 0x2d, 0x6c, 0x65, 0x20,
  0x61, 0x76, 0x61, 0x6e, 0x74, 0x20, 0x64, 0x65, 0x20, 0x72, 0x65, 0x63,
  0x68, 0x61, 0x72, 0x67, 0x65, 0x72, 0x20, 0x6c, 0x27, 0x45, 0x4c, 0x46,
  0x20, 0x3a, 0x20, 0x6c, 0x65, 0x73, 0x20, 0x6d, 0x61, 0x6e, 0x65, 0x74,
  0x74, 0x65, 0x73, 0x20, 0x73, 0x65, 0x20, 0x64, 0xc3, 0xa9, 0x63, 0x6f,
  0x6e, 0x6e, 0x65, 0x63, 0x74, 0x65, 0x6e, 0x74, 0x20, 0x65, 0x74, 0x20,
  0x6c, 0x65, 0x20, 0x42, 0x6c, 0x75, 0x65, 0x74, 0x6f, 0x6f, 0x74, 0x68,
  0x20, 0x72, 0x65, 0x73, 0x74, 0x65, 0x20, 0x74, 0x65, 0x6c, 0x20, 0x71,
  0x75, 0x27, 0x69, 0x6c, 0x20, 0xc3, 0xa9, 0x74, 0x61, 0x69, 0x74, 0x2e,
  0x22, 0x2c, 0x22, 0x73, 0x74, 0x6f, 0x70, 0x42, 0x74, 0x6e, 0x22, 0x3a,
  0x22, 0x41, 0x72, 0x72, 0xc3, 0xaa, 0x74, 0x65, 0x72, 0x20, 0x50, 0x61,
  0x64, 0x42, 0x72, 0x69, 0x64, 0x67, 0x65, 0x20, 0x28, 0x61, 0x76, 0x61,
  0x6e, 0x63, 0xc3, 0xa9, 0x29, 0x22, 0x2c, 0x22, 0x70, 0x72, 0x65, 0x73,
  0x73, 0x50, 0x73, 0x22, 0x3a, 0x22, 0x41, 0x70, 0x70, 0x75, 0x79, 0x65,
  0x72, 0x20, 0x73, 0x75, 0x72, 0x20, 0x50, 0x53, 0x22, 0x2c, 0x22, 0x72,
  0x75, 0x6d, 0x62, 0x6c, 0x65, 0x22, 0x3a, 0x22, 0x56, 0x69, 0x62, 0x72,
  0x61, 0x74, 0x69, 0x6f, 0x6e, 0x22, 0x2c, 0x22, 0x66, 0x6f, 0x72, 0x67,
  0x65, 0x74, 0x22, 0x3a, 0x22, 0x4f, 0x75, 0x62, 0x6c, 0x69, 0x65, 0x72,
  0x22, 0x2c, 0x22, 0x70, 0x73, 0x54, 0x69, 0x74, 0x6c, 0x65, 0x22, 0x3a,
  0x22, 0x43, 0x6f, 0x6d, 0x6d, 0x65, 0x20, 0x6d, 0x61, 0x69, 0x6e, 0x74,
  0x65, 0x6e, 0x69, 0x72, 0x20, 0x50, 0x53, 0x20, 0x3a, 0x20, 0x64, 0x6f,
  0x6e, 0x6e, 0x65, 0x20, 0x6c, 0x61, 0x20, 0x6d, 0x61, 0x69, 0x6e, 0x20,
  0x64, 0x65, 0x20, 0x6c, 0x61, 0x20, 0x63, 0x6f, 0x6e, 0x73, 0x6f, 0x6c,
  0x65, 0x20, 0xc3, 0xa0, 0x20, 0x63, 0x65, 0x74, 0x74, 0x65, 0x20, 0x6d,
  0x61, 0x6e, 0x65, 0x74, 0x74, 0x65, 0x22, 0x2c, 0x22, 0x72, 0x75, 0x6d,
  0x62, 0x6c, 0x65, 0x54, 0x69, 0x74, 0x6c, 0x65, 0x22, 0x3a, 0x22, 0x46,
  0x61, 0x69, 0x74, 0x20, 0x76, 0x69, 0x62, 0x72, 0x65, 0x72, 0x20, 0x63,
  0x65, 0x74, 0x74, 0x65, 0x20, 0x6d, 0x61, 0x6e, 0x65, 0x74, 0x74, 0x65,
  0x20, 0x75, 0x6e, 0x65, 0x20, 0x64, 0x65, 0x6d, 0x69, 0x2d, 0x73, 0x65,
  0x63, 0x6f, 0x6e, 0x64, 0x65, 0x22, 0x2c, 0x22, 0x70, 0x73, 0x44, 0x6f,
  0x6e, 0x65, 0x22, 0x3a, 0x22, 0x50, 0x53, 0x20, 0x61, 0x70, 0x70, 0x75,
  0x79, 0xc3, 0xa9, 0x20, 0x73, 0x75, 0x72, 0x20, 0x50, 0x7b, 0x6e, 0x7d,
  0x22, 0x2c, 0x22, 0x72, 0x75, 0x6d, 0x62, 0x6c, 0x65, 0x44, 0x6f, 0x6e,
  0x65, 0x22, 0x3a, 0x22, 0x56, 0x69, 0x62, 0x72, 0x61, 0x74, 0x69, 0x6f,
  0x6e, 0x20, 0x65, 0x6e, 0x76, 0x6f, 0x79, 0xc3, 0xa9, 0x65, 0x20, 0xc3,
  0xa0, 0x20, 0x50, 0x7b, 0x6e, 0x7d, 0x22, 0x2c, 0x22, 0x6e, 0x6f, 0x52,
  0x75, 0x6d, 0x62, 0x6c, 0x65, 0x22, 0x3a, 0x22, 0x43, 0x65, 0x74, 0x74,
  0x65, 0x20, 0x6d, 0x61, 0x6e, 0x65, 0x74, 0x74, 0x65, 0x20, 0x6e, 0x65,
  0x20, 0x70, 0x65, 0x75, 0x74, 0x20, 0x70, 0x61, 0x73, 0x20, 0x76, 0x69,
  0x62, 0x72, 0x65, 0x72, 0x22, 0x2c, 0x22, 0x73, 0x75, 0x72, 0x65, 0x22,
  0x3a, 0x22, 0x53, 0xc3, 0xbb, 0x72, 0x20, 0x3f, 0x22, 0x2c, 0x22, 0x66,
  0x6f, 0x72, 0x67, 0x6f, 0x74, 0x74, 0x65, 0x6e, 0x22, 0x3a, 0x22, 0x4f,
  0x75, 0x62, 0x6c, 0x69, 0xc3, 0xa9, 0x65, 0x20, 0x2d, 0x20, 0x61, 0x73,
  0x73, 0x6f, 0x63, 0x69, 0x65, 0x7a, 0x2d, 0x6c, 0x61, 0x20, 0x64, 0x65,
  0x20, 0x6e, 0x6f, 0x75, 0x76, 0x65, 0x61, 0x75, 0x20, 0x70, 0x6f, 0x75,
  0x72, 0x20, 0x6c, 0x27, 0x75, 0x74, 0x69, 0x6c, 0x69, 0x73, 0x65, 0x72,
  0x22, 0x2c, 0x22, 0x66, 0x61, 0x69, 0x6c, 0x65, 0x64, 0x22, 0x3a, 0x22,
  0x43, 0x65, 0x6c, 0x61, 0x20, 0x6e, 0x27, 0x61, 0x20, 0x70, 0x61, 0x73,
  0x20, 0x66, 0x6f, 0x6e, 0x63, 0x74, 0x69, 0x6f, 0x6e, 0x6e, 0xc3, 0xa9,
  0x22, 0x2c, 0x22, 0x62, 0x61, 0x74, 0x74, 0x65, 0x72, 0x79, 0x22, 0x3a,
  0x22, 0x42, 0x61, 0x74, 0x74, 0x65, 0x72, 0x69, 0x65, 0x20, 0x7b, 0x6e,
  0x7d, 0x20, 0x25, 0x22, 0x2c, 0x22, 0x63, 0x68, 0x61, 0x72, 0x67, 0x69,
  0x6e, 0x67, 0x22, 0x3a, 0x22, 0x65, 0x6e, 0x20, 0x63, 0x68, 0x61, 0x72,
  0x67, 0x65, 0x22, 0x2c, 0x22, 0x6e, 0x6f, 0x42, 0x61, 0x74, 0x74, 0x65,
  0x72, 0x79, 0x22, 0x3a, 0x22, 0x42, 0x61, 0x74, 0x74, 0x65, 0x72, 0x69,
  0x65, 0x20, 0x6e, 0x6f, 0x6e, 0x20, 0x69, 0x6e, 0x64, 0x69, 0x71, 0x75,
  0xc3, 0xa9, 0x65, 0x22, 0x2c, 0x22, 0x6e, 0x6f, 0x50, 0x61, 0x64, 0x73,
  0x22, 0x3a, 0x22, 0x41, 0x75, 0x63, 0x75, 0x6e, 0x65, 0x20, 0x6d, 0x61,
  0x6e, 0x65, 0x74, 0x74, 0x65, 0x20, 0x63, 0x6f, 0x6e, 0x6e, 0x65, 0x63,
  0x74, 0xc3, 0xa9, 0x65, 0x2e, 0x20, 0x41, 0x6c, 0x6c, 0x75, 0x6d, 0x65,
  0x7a, 0x20, 0x75, 0x6e, 0x65, 0x20, 0x6d, 0x61, 0x6e, 0x65, 0x74, 0x74,
  0x65, 0x20, 0x61, 0x73, 0x73, 0x6f, 0x63, 0x69, 0xc3, 0xa9, 0x65, 0x20,
  0x6f, 0x75, 0x20, 0x61, 0x73, 0x73, 0x6f, 0x63, 0x69, 0x65, 0x7a, 0x2d,
  0x65, 0x6e, 0x20, 0x75, 0x6e, 0x65, 0x20, 0x6e, 0x6f, 0x75, 0x76, 0x65,
  0x6c, 0x6c, 0x65, 0x2e, 0x22, 0x2c, 0x22, 0x6e, 0x6f, 0x74, 0x68, 0x69,
  0x6e, 0x67, 0x50, 0x61, 0x69, 0x72, 0x65, 0x64, 0x22, 0x3a, 0x22, 0x41,
  0x75, 0x63, 0x75, 0x6e, 0x65, 0x20, 0x6d, 0x61, 0x6e, 0x65, 0x74, 0x74,
  0x65, 0x20, 0x61, 0x73, 0x73, 0x6f, 0x63, 0x69, 0xc3, 0xa9, 0x65, 0x20,
  0x70, 0x6f, 0x75, 0x72, 0x20, 0x6c, 0x27, 0x69, 0x6e, 0x73, 0x74, 0x61,
  0x6e, 0x74, 0x2e, 0x22, 0x2c, 0x22, 0x6f, 0x66, 0x66, 0x6c, 0x69, 0x6e,
  0x65, 0x50, 0x61, 0x64, 0x22, 0x3a, 0x22, 0x4d, 0x61, 0x6e, 0x65, 0x74,
  0x74, 0x65, 0x20, 0x61, 0x73, 0x73, 0x6f, 0x63, 0x69, 0xc3, 0xa9, 0x65,
  0x20, 0xc2, 0xb7, 0x20, 0x68, 0x6f, 0x72, 0x73, 0x20, 0x6c, 0x69, 0x67,
  0x6e, 0x65, 0x22, 0x2c, 0x22, 0x75, 0x6e, 0x6b, 0x6e, 0x6f, 0x77, 0x6e,
  0x49, 0x64, 0x22, 0x3a, 0x22, 0x69, 0x64, 0x20, 0x69, 0x6e, 0x63, 0x6f,
  0x6e, 0x6e, 0x75, 0x22, 0x2c, 0x22, 0x70, 0x61, 0x69, 0x72, 0x69, 0x6e,
  0x67, 0x4e, 0x6f, 0x77, 0x22, 0x3a, 0x22, 0x41, 0x73, 0x73, 0x6f, 0x63,
  0x69, 0x61, 0x74, 0x69, 0x6f, 0x6e, 0xe2, 0x80, 0xa6, 0x22, 0x2c, 0x22,
  0x72, 0x75, 0x6e, 0x6e, 0x69, 0x6e, 0x67, 0x22, 0x3a, 0x22, 0x41, 0x63,
  0x74, 0x69, 0x66, 0x22, 0x2c, 0x22, 0x6e, 0x6f, 0x42, 0x74, 0x22, 0x3a,
  0x22, 0x50, 0x61, 0x73, 0x20, 0x64, 0x65, 0x20, 0x42, 0x6c, 0x75, 0x65,
  0x74, 0x6f, 0x6f, 0x74, 0x68, 0x22, 0x2c, 0x22, 0x73, 0x74, 0x61, 0x72,
  0x74, 0x69, 0x6e, 0x67, 0x42, 0x74, 0x22, 0x3a, 0x22, 0x44, 0xc3, 0xa9,
  0x6d, 0x61, 0x72, 0x72, 0x61, 0x67, 0x65, 0x20, 0x64, 0x75, 0x20, 0x42,
  0x6c, 0x75, 0x65, 0x74, 0x6f, 0x6f, 0x74, 0x68, 0xe2, 0x80, 0xa6, 0x22,
  0x2c, 0x22, 0x72, 0x65, 0x61, 0x64, 0x79, 0x22, 0x3a, 0x22, 0x50, 0x72,
  0xc3, 0xaa, 0x74, 0x22, 0x2c, 0x22, 0x66, 0x61, 0x69, 0x6c, 0x65, 0x64,
  0x42, 0x74, 0x22, 0x3a, 0x22, 0xc3, 0x89, 0x63, 0x68, 0x65, 0x63, 0x22,
  0x2c, 0x22, 0x73, 0x74, 0x61, 0x72, 0x74, 0x69, 0x6e, 0x67, 0x22, 0x3a,
  0x22, 0x44, 0xc3, 0xa9, 0x6d, 0x61, 0x72, 0x72, 0x61, 0x67, 0x65, 0x22,
  0x2c, 0x22, 0x72, 0x4e, 0x6f, 0x63, 0x68, 0x69, 0x70, 0x22, 0x3a, 0x22,
  0x4c, 0x61, 0x20, 0x70, 0x75, 0x63, 0x65, 0x20, 0x42, 0x6c, 0x75, 0x65,
  0x74, 0x6f, 0x6f, 0x74, 0x68, 0x20, 0x6e, 0x65, 0x20, 0x72, 0xc3, 0xa9,
  0x70, 0x6f, 0x6e, 0x64, 0x20, 0x70, 0x61, 0x73, 0x2e, 0x20, 0x4c, 0x65,
  0x73, 0x20, 0x64, 0xc3, 0xa9, 0x74, 0x61, 0x69, 0x6c, 0x73, 0x20, 0x73,
  0x6f, 0x6e, 0x74, 0x20, 0x64, 0x61, 0x6e, 0x73, 0x20, 0x6c, 0x65, 0x20,
  0x6a, 0x6f, 0x75, 0x72, 0x6e, 0x61, 0x6c, 0x20, 0x28, 0x6c, 0x69, 0x67,
  0x6e, 0x65, 0x73, 0x20, 0xc2, 0xab, 0x20, 0x64, 0x69, 0x61, 0x67, 0x20,
  0xc2, 0xbb, 0x29, 0x2e, 0x22, 0x2c, 0x22, 0x72, 0x4c, 0x6f, 0x73, 0x74,
  0x22, 0x3a, 0x22, 0x4c, 0x61, 0x20, 0x63, 0x6f, 0x6e, 0x6e, 0x65, 0x78,
  0x69, 0x6f, 0x6e, 0x20, 0x42, 0x6c, 0x75, 0x65, 0x74, 0x6f, 0x6f, 0x74,
  0x68, 0x20, 0x61, 0x20, 0xc3, 0xa9, 0x74, 0xc3, 0xa9, 0x20, 0x70, 0x65,
  0x72, 0x64, 0x75, 0x65, 0x2e, 0x20, 0x41, 0x70, 0x70, 0x75, 0x79, 0x65,
  0x7a, 0x20, 0x73, 0x75, 0x72, 0x20, 0x52, 0xc3, 0xa9, 0x65, 0x73, 0x73,
  0x61, 0x79, 0x65, 0x72, 0x20, 0x6c, 0x65, 0x20, 0x42, 0x6c, 0x75, 0x65,
  0x74, 0x6f, 0x6f, 0x74, 0x68, 0x2e, 0x22, 0x2c, 0x22, 0x72, 0x4e, 0x6f,
  0x76, 0x70, 0x61, 0x64, 0x22, 0x3a, 0x22, 0x49, 0x6d, 0x70, 0x6f, 0x73,
  0x73, 0x69, 0x62, 0x6c, 0x65, 0x20, 0x64, 0x65, 0x20, 0x63, 0x72, 0xc3,
  0xa9, 0x65, 0x72, 0x20, 0x64, 0x65, 0x73, 0x20, 0x6d, 0x61, 0x6e, 0x65,
  0x74, 0x74, 0x65, 0x73, 0x20, 0x76, 0x69, 0x72, 0x74, 0x75, 0x65, 0x6c,
  0x6c, 0x65, 0x73, 0x20, 0x73, 0x75, 0x72, 0x20, 0x63, 0x65, 0x20, 0x73,
  0x79, 0x73, 0x74, 0xc3, 0xa8, 0x6d, 0x65, 0x20, 0x28, 0x76, 0x6f, 0x69,
  0x72, 0x20, 0x6c, 0x65, 0x20, 0x6a, 0x6f, 0x75, 0x72, 0x6e, 0x61, 0x6c,
  0x29, 0x2e, 0x20, 0x4c, 0x65, 0x20, 0x42, 0x6c, 0x75, 0x65, 0x74, 0x6f,
  0x6f, 0x74, 0x68, 0x20, 0x6e, 0x27, 0x61, 0x20, 0x70, 0x61, 0x73, 0x20,
  0xc3, 0xa9, 0x74, 0xc3, 0xa9, 0x20, 0x6d, 0x6f, 0x64, 0x69, 0x66, 0x69,
  0xc3, 0xa9, 0x2e, 0x22, 0x2c, 0x22, 0x73, 0x65, 0x61, 0x72, 0x63, 0x68,
  0x69, 0x6e, 0x67, 0x22, 0x3a, 0x22, 0x52, 0x65, 0x63, 0x68, 0x65, 0x72,
  0x63, 0x68, 0x65, 0xe2, 0x80, 0xa6, 0x20, 0x65, 0x6e, 0x63, 0x6f, 0x72,
  0x65, 0x20, 0x7b, 0x6e, 0x7d, 0x20, 0x73, 0x2e, 0x20, 0x4d, 0x65, 0x74,
  0x74, 0x65, 0x7a, 0x20, 0x6c, 0x61, 0x20, 0x6d, 0x61, 0x6e, 0x65, 0x74,
  0x74, 0x65, 0x20, 0x65, 0x6e, 0x20, 0x6d, 0x6f, 0x64, 0x65, 0x20, 0x61,
  0x73, 0x73, 0x6f, 0x63, 0x69, 0x61, 0x74, 0x69, 0x6f, 0x6e, 0x20, 0x6d,
  0x61, 0x69, 0x6e, 0x74, 0x65, 0x6e, 0x61, 0x6e, 0x74, 0x2e, 0x22, 0x2c,
  0x22, 0x70, 0x61, 0x69, 0x72, 0x69, 0x6e, 0x67, 0x53, 0x65, 0x63, 0x22,
  0x3a, 0x22, 0x41, 0x73, 0x73, 0x6f, 0x63, 0x69, 0x61, 0x74, 0x69, 0x6f,
  0x6e, 0xe2, 0x80, 0xa6, 0x20, 0x7b, 0x6e, 0x7d, 0x20, 0x73, 0x22, 0x2c,
  0x22, 0x68, 0x6f, 0x74, 0x6b, 0x65, 0x79, 0x22, 0x3a, 0x22, 0x52, 0x61,
  0x63, 0x63, 0x6f, 0x75, 0x72, 0x63, 0x69, 0x20, 0x3a, 0x20, 0x7b, 0x63,
  0x7d, 0x22, 0x2c, 0x22, 0x70, 0x61, 0x69, 0x72, 0x53, 0x74, 0x61, 0x72,
  0x74, 0x65, 0x64, 0x22, 0x3a, 0x22, 0x41, 0x73, 0x73, 0x6f, 0x63, 0x69,
  0x61, 0x74, 0x69, 0x6f, 0x6e, 0x20, 0x70, 0x65, 0x6e, 0x64, 0x61, 0x6e,
  0x74, 0x20, 0x36, 0x30, 0x20, 0x73, 0x20, 0x2d, 0x20, 0x6d, 0x65, 0x74,
  0x74, 0x65, 0x7a, 0x20, 0x6c, 0x61, 0x20, 0x6d, 0x61, 0x6e, 0x65, 0x74,
  0x74, 0x65, 0x20, 0x65, 0x6e, 0x20, 0x6d, 0x6f, 0x64, 0x65, 0x20, 0x61,
  0x73, 0x73, 0x6f, 0x63, 0x69, 0x61, 0x74, 0x69, 0x6f, 0x6e, 0x22, 0x2c,
  0x22, 0x72, 0x65, 0x74, 0x72, 0x79, 0x69, 0x6e, 0x67, 0x22, 0x3a, 0x22,
  0x4e, 0x6f, 0x75, 0x76, 0x65, 0x6c, 0x20, 0x65, 0x73, 0x73, 0x61, 0x69,
  0x20, 0x64, 0x75, 0x20, 0x42, 0x6c, 0x75, 0x65, 0x74, 0x6f, 0x6f, 0x74,
  0x68, 0xe2, 0x80, 0xa6, 0x22, 0x2c, 0x22, 0x6c, 0x6f, 0x67, 0x45, 0x72,
  0x72, 0x6f, 0x72, 0x22, 0x3a, 0x22, 0x49, 0x6d, 0x70, 0x6f, 0x73, 0x73,
  0x69, 0x62, 0x6c, 0x65, 0x20, 0x64, 0x65, 0x20, 0x6c, 0x69, 0x72, 0x65,
  0x20, 0x6c, 0x65, 0x20, 0x6a, 0x6f, 0x75, 0x72, 0x6e, 0x61, 0x6c, 0x2e,
  0x22, 0x2c, 0x22, 0x65, 0x6d, 0x70, 0x74, 0x79, 0x22, 0x3a, 0x22, 0x28,
  0x76, 0x69, 0x64, 0x65, 0x29, 0x22, 0x2c, 0x22, 0x74, 0x61, 0x70, 0x53,
  0x74, 0x6f, 0x70, 0x22, 0x3a, 0x22, 0x41, 0x70, 0x70, 0x75, 0x79, 0x65,
  0x7a, 0x20, 0x65, 0x6e, 0x63, 0x6f, 0x72, 0x65, 0x20, 0x70, 0x6f, 0x75,
  0x72, 0x20, 0x61, 0x72, 0x72, 0xc3, 0xaa, 0x74, 0x65, 0x72, 0x22, 0x2c,
  0x22, 0x73, 0x74, 0x6f, 0x70, 0x70, 0x69, 0x6e, 0x67, 0x22, 0x3a, 0x22,
  0x50, 0x61, 0x64, 0x42, 0x72, 0x69, 0x64, 0x67, 0x65, 0x20, 0x73, 0x27,
  0x61, 0x72, 0x72, 0xc3, 0xaa, 0x74, 0x65, 0x22, 0x2c, 0x22, 0x73, 0x74,
  0x6f, 0x70, 0x70, 0x69, 0x6e, 0x67, 0x53, 0x68, 0x6f, 0x72, 0x74, 0x22,
  0x3a, 0x22, 0x41, 0x72, 0x72, 0xc3, 0xaa, 0x74, 0xe2, 0x80, 0xa6, 0x22,
  0x2c, 0x22, 0x6f, 0x66, 0x66, 0x6c, 0x69, 0x6e, 0x65, 0x22, 0x3a, 0x22,
  0x48, 0x6f, 0x72, 0x73, 0x20, 0x6c, 0x69, 0x67, 0x6e, 0x65, 0x22, 0x7d,
  0x2c, 0x0a, 0x64, 0x65, 0x3a, 0x7b, 0x22, 0x6c, 0x61, 0x6e, 0x67, 0x75,
  0x61, 0x67, 0x65, 0x22, 0x3a, 0x22, 0x53, 0x70, 0x72, 0x61, 0x63, 0x68,
  0x65, 0x22, 0x2c, 0x22, 0x6c, 0x61, 0x6e, 0x67, 0x53, 0x65, 0x74, 0x22,
  0x3a, 0x22, 0x53, 0x70, 0x72, 0x61, 0x63, 0x68, 0x65, 0x3a, 0x20, 0x7b,
  0x6e, 0x61, 0x6d, 0x65, 0x7d, 0x22, 0x2c, 0x22, 0x63, 0x6f, 0x6e, 0x6e,
  0x65, 0x63, 0x74, 0x69, 0x6e, 0x67, 0x22, 0x3a, 0x22, 0x56, 0x65, 0x72,
  0x62, 0x69, 0x6e, 0x64, 0x75, 0x6e, 0x67, 0xe2, 0x80, 0xa6, 0x22, 0x2c,
  0x22, 0x73, 0x74, 0x61, 0x74, 0x75, 0x73, 0x22, 0x3a, 0x22, 0x53, 0x74,
  0x61, 0x74, 0x75, 0x73, 0x22, 0x2c, 0x22, 0x62, 0x6c, 0x75, 0x65, 0x74,
  0x6f, 0x6f, 0x74, 0x68, 0x22, 0x3a, 0x22, 0x42, 0x6c, 0x75, 0x65, 0x74,
  0x6f, 0x6f, 0x74, 0x68, 0x22, 0x2c, 0x22, 0x63, 0x6f, 0x6e, 0x6e, 0x65,
  0x63, 0x74, 0x65, 0x64, 0x22, 0x3a, 0x22, 0x56, 0x65, 0x72, 0x62, 0x75,
  0x6e, 0x64, 0x65, 0x6e, 0x22, 0x2c, 0x22, 0x70, 0x61, 0x69, 0x72, 0x65,
  0x64, 0x22, 0x3a, 0x22, 0x47, 0x65, 0x6b, 0x6f, 0x70, 0x70, 0x65, 0x6c,
  0x74, 0x22, 0x2c, 0x22, 0x74, 0x69, 0x70, 0x55, 0x73, 0x65, 0x72, 0x73,
  0x22, 0x3a, 0x22, 0x53, 0x70, 0x69, 0x65, 0x6c, 0x65, 0x20, 0x6d, 0x69,
  0x74, 0x20, 0x64, 0x65, 0x69, 0x6e, 0x65, 0x6d, 0x20, 0x48, 0x61, 0x75,
  0x70, 0x74, 0x62, 0x65, 0x6e, 0x75, 0x74, 0x7a, 0x65, 0x72, 0x20, 0x75,
  0x6e, 0x64, 0x20, 0x64, 0x72, 0xc3, 0xbc, 0x63, 0x6b, 0x65, 0x20, 0x7b,
  0x70, 0x73, 0x7d, 0x20, 0x61, 0x75, 0x66, 0x20, 0x64, 0x65, 0x72, 0x20,
  0x43, 0x6f, 0x6e, 0x74, 0x72, 0x6f, 0x6c, 0x6c, 0x65, 0x72, 0x2d, 0x4b,
  0x61, 0x72, 0x74, 0x65, 0x2c, 0x20, 0x75, 0x6d, 0x20, 0x69, 0x68, 0x6d,
  0x20, 0x64, 0x65, 0x6e, 0x20, 0x46, 0x6f, 0x6b, 0x75, 0x73, 0x20, 0x64,
  0x65, 0x72, 0x20, 0x4b, 0x6f, 0x6e, 0x73, 0x6f, 0x6c, 0x65, 0x20, 0x7a,
  0x75, 0x20, 0x67, 0x65, 0x62, 0x65, 0x6e, 0x2e, 0x22, 0x2c, 0x22, 0x72,
  0x65, 0x74, 0x72, 0x79, 0x42, 0x74, 0x22, 0x3a, 0x22, 0x42, 0x6c, 0x75,
  0x65, 0x74, 0x6f, 0x6f, 0x74, 0x68, 0x20, 0x65, 0x72, 0x6e, 0x65, 0x75,
  0x74, 0x20, 0x76, 0x65, 0x72, 0x73, 0x75, 0x63, 0x68, 0x65, 0x6e, 0x22,
  0x2c, 0x22, 0x70, 0x61, 0x69, 0x72, 0x69, 0x6e, 0x67, 0x22, 0x3a, 0x22,
  0x4b, 0x6f, 0x70, 0x70, 0x6c, 0x75, 0x6e, 0x67, 0x22, 0x2c, 0x22, 0x70,
  0x61, 0x69, 0x72, 0x49, 0x64, 0x6c, 0x65, 0x22, 0x3a, 0x22, 0x44, 0x72,
  0xc3, 0xbc, 0x63, 0x6b, 0x65, 0x20, 0x64, 0x69, 0x65, 0x20, 0x54, 0x61,
  0x73, 0x74, 0x65, 0x20, 0x75, 0x6e, 0x64, 0x20, 0x76, 0x65, 0x72, 0x73,
  0x65, 0x74, 0x7a, 0x65, 0x20, 0x64, 0x65, 0x6e, 0x20, 0x43, 0x6f, 0x6e,
  0x74, 0x72, 0x6f, 0x6c, 0x6c, 0x65, 0x72, 0x20, 0x64, 0x61, 0x6e, 0x6e,
  0x20, 0x69, 0x6e, 0x20, 0x64, 0x65, 0x6e, 0x20, 0x4b, 0x6f, 0x70, 0x70,
  0x6c, 0x75, 0x6e, 0x67, 0x73, 0x6d, 0x6f, 0x64, 0x75, 0x73, 0x2e, 0x20,
  0x4c, 0x61, 0x73, 0x73, 0x20, 0x64, 0x65, 0x6e, 0x20, 0x44, 0x75, 0x61,
  0x6c, 0x53, 0x65, 0x6e, 0x73, 0x65, 0x20, 0x64, 0x61, 0x62, 0x65, 0x69,
  0x20, 0x61, 0x75, 0x73, 0x67, 0x65, 0x73, 0x63, 0x68, 0x61, 0x6c, 0x74,
  0x65, 0x74, 0x2e, 0x22, 0x2c, 0x22, 0x70, 0x61, 0x69, 0x72, 0x42, 0x74,
  0x6e, 0x22, 0x3a, 0x22, 0x43, 0x6f, 0x6e, 0x74, 0x72, 0x6f, 0x6c, 0x6c,
  0x65, 0x72, 0x20, 0x6b, 0x6f, 0x70, 0x70, 0x65, 0x6c, 0x6e, 0x20, 0x28,
  0x36, 0x30, 0x20, 0x73, 0x29, 0x22, 0x2c, 0x22, 0x63, 0x6f, 0x6e, 0x6e,
  0x65, 0x63, 0x74, 0x65, 0x64, 0x54, 0x69, 0x74, 0x6c, 0x65, 0x22, 0x3a,
  0x22, 0x56, 0x65, 0x72, 0x62, 0x75, 0x6e, 0x64, 0x65, 0x6e, 0x65, 0x20,
  0x43, 0x6f, 0x6e, 0x74, 0x72, 0x6f, 0x6c, 0x6c, 0x65, 0x72, 0x22, 0x2c,
  0x22, 0x75, 0x70, 0x54, 0x6f, 0x34, 0x22, 0x3a, 0x22, 0x42, 0x69, 0x73,
  0x20, 0x7a, 0x75, 0x20, 0x34, 0x22, 0x2c, 0x22, 0x70, 0x61, 0x69, 0x72,
  0x65, 0x64, 0x54, 0x69, 0x74, 0x6c, 0x65, 0x22, 0x3a, 0x22, 0x47, 0x65,
  0x6b, 0x6f, 0x70, 0x70, 0x65, 0x6c, 0x74, 0x65, 0x20, 0x43, 0x6f, 0x6e,
  0x74, 0x72, 0x6f, 0x6c, 0x6c, 0x65, 0x72, 0x22, 0x2c, 0x22, 0x73, 0x77,
  0x69, 0x74, 0x63, 0x68, 0x4f, 0x6e, 0x22, 0x3a, 0x22, 0x53, 0x63, 0x68,
  0x61, 0x6c, 0x74, 0x65, 0x20, 0x65, 0x69, 0x6e, 0x65, 0x6e, 0x20, 0x65,
  0x69, 0x6e, 0x2c, 0x20, 0x75, 0x6d, 0x20, 0x69, 0x68, 0x6e, 0x20, 0x7a,
  0x75, 0x20, 0x76, 0x65, 0x72, 0x62, 0x69, 0x6e, 0x64, 0x65, 0x6e, 0x22,
  0x2c, 0x22, 0x6c, 0x6f, 0x67, 0x22, 0x3a, 0x22, 0x50, 0x72, 0x6f, 0x74,
  0x6f, 0x6b, 0x6f, 0x6c, 0x6c, 0x22, 0x2c, 0x22, 0x73, 0x68, 0x6f, 0x77,
  0x22, 0x3a, 0x22, 0x41, 0x6e, 0x7a, 0x65, 0x69, 0x67, 0x65, 0x6e, 0x22,
  0x2c, 0x22, 0x68, 0x69, 0x64, 0x65, 0x22, 0x3a, 0x22, 0x41, 0x75, 0x73,
  0x62, 0x6c, 0x65, 0x6e, 0x64, 0x65, 0x6e, 0x22, 0x2c, 0x22, 0x6c, 0x6f,
  0x61, 0x64, 0x69, 0x6e, 0x67, 0x22, 0x3a, 0x22, 0x57, 0x69, 0x72, 0x64,
  0x20, 0x67, 0x65, 0x6c, 0x61, 0x64, 0x65, 0x6e, 0xe2, 0x80, 0xa6, 0x22,
  0x2c, 0x22, 0x72, 0x65, 0x66, 0x72, 0x65, 0x73, 0x68, 0x22, 0x3a, 0x22,
  0x41, 0x6b, 0x74, 0x75, 0x61, 0x6c, 0x69, 0x73, 0x69, 0x65, 0x72, 0x65,
  0x6e, 0x22, 0x2c, 0x22, 0x66, 0x6f, 0x6f, 0x74, 0x65, 0x72, 0x22, 0x3a,
  0x22, 0x57, 0x65, 0x6e, 0x6e, 0x20, 0x64, 0x75, 0x20, 0x64, 0x69, 0x65,
  0x73, 0x65, 0x20, 0x53, 0x65, 0x69, 0x74, 0x65, 0x20, 0x73, 0x63, 0x68,
  0x6c, 0x69, 0x65, 0xc3, 0x9f, 0x74, 0x2c, 0x20, 0x6c, 0xc3, 0xa4, 0x75,
  0x66, 0x74, 0x20, 0x50, 0x61, 0x64, 0x42, 0x72, 0x69, 0x64, 0x67, 0x65,
  0x20, 0x77, 0x65, 0x69, 0x74, 0x65, 0x72, 0x2e, 0x20, 0x42, 0x65, 0x65,
  0x6e, 0x64, 0x65, 0x20, 0x65, 0x73, 0x2c, 0x20, 0x62, 0x65, 0x76, 0x6f,
  0x72, 0x20, 0x64, 0x75, 0x20, 0x64, 0x69, 0x65, 0x20, 0x45, 0x4c, 0x46,
  0x20, 0x65, 0x72, 0x6e, 0x65, 0x75, 0x74, 0x20, 0x6c, 0xc3, 0xa4, 0x64,
  0x73, 0x74, 0x3a, 0x20, 0x44, 0x69, 0x65, 0x20, 0x43, 0x6f, 0x6e, 0x74,
  0x72, 0x6f, 0x6c, 0x6c, 0x65, 0x72, 0x20, 0x77, 0x65, 0x72, 0x64, 0x65,
  0x6e, 0x20, 0x67, 0x65, 0x74, 0x72, 0x65, 0x6e, 0x6e, 0x74, 0x20, 0x75,
  0x6e, 0x64, 0x20, 0x42, 0x6c, 0x75, 0x65, 0x74, 0x6f, 0x6f, 0x74, 0x68,
  0x20, 0x62, 0x6c, 0x65, 0x69, 0x62, 0x74, 0x2c, 0x20, 0x77, 0x69, 0x65,
  0x20, 0x65, 0x73, 0x20, 0x77, 0x61, 0x72, 0x2e, 0x22, 0x2c, 0x22, 0x73,
  0x74, 0x6f, 0x70, 0x42, 0x74, 0x6e, 0x22, 0x3a, 0x22, 0x50, 0x61, 0x64,
  0x42, 0x72, 0x69, 0x64, 0x67, 0x65, 0x20, 0x62, 0x65, 0x65, 0x6e, 0x64,
  0x65, 0x6e, 0x20, 0x28, 0x65, 0x72, 0x77, 0x65, 0x69, 0x74, 0x65, 0x72,
  0x74, 0x29, 0x22, 0x2c, 0x22, 0x70, 0x72, 0x65, 0x73, 0x73, 0x50, 0x73,
  0x22, 0x3a, 0x22, 0x50, 0x53, 0x20, 0x64, 0x72, 0xc3, 0xbc, 0x63, 0x6b,
  0x65, 0x6e, 0x22, 0x2c, 0x22, 0x72, 0x75, 0x6d, 0x62, 0x6c, 0x65, 0x22,
  0x3a, 0x22, 0x56, 0x69, 0x62, 0x72, 0x61, 0x74, 0x69, 0x6f, 0x6e, 0x22,
  0x2c, 0x22, 0x66, 0x6f, 0x72, 0x67, 0x65, 0x74, 0x22, 0x3a, 0x22, 0x45,
  0x6e, 0x74, 0x66, 0x65, 0x72, 0x6e, 0x65, 0x6e, 0x22, 0x2c, 0x22, 0x70,
  0x73, 0x54, 0x69, 0x74, 0x6c, 0x65, 0x22, 0x3a, 0x22, 0x57, 0x69, 0x65,
  0x20, 0x50, 0x53, 0x20, 0x67, 0x65, 0x64, 0x72, 0xc3, 0xbc, 0x63, 0x6b,
  0x74, 0x20, 0x68, 0x61, 0x6c, 0x74, 0x65, 0x6e, 0x3a, 0x20, 0x67, 0x69,
  0x62, 0x74, 0x20, 0x64, 0x69, 0x65, 0x73, 0x65, 0x6d, 0x20, 0x43, 0x6f,
  0x6e, 0x74, 0x72, 0x6f, 0x6c, 0x6c, 0x65, 0x72, 0x20, 0x64, 0x65, 0x6e,
  0x20, 0x46, 0x6f, 0x6b, 0x75, 0x73, 0x20, 0x64, 0x65, 0x72, 0x20, 0x4b,
  0x6f, 0x6e, 0x73, 0x6f, 0x6c, 0x65, 0x22, 0x2c, 0x22, 0x72, 0x75, 0x6d,
  0x62, 0x6c, 0x65, 0x54, 0x69, 0x74, 0x6c, 0x65, 0x22, 0x3a, 0x22, 0x4c,
  0xc3, 0xa4, 0x73, 0x73, 0x74, 0x20, 0x64, 0x69, 0x65, 0x73, 0x65, 0x6e,
  0x20, 0x43, 0x6f, 0x6e, 0x74, 0x72, 0x6f, 0x6c, 0x6c, 0x65, 0x72, 0x20,
  0x65, 0x69, 0x6e, 0x65, 0x20, 0x68, 0x61, 0x6c, 0x62, 0x65, 0x20, 0x53,
  0x65, 0x6b, 0x75, 0x6e, 0x64, 0x65, 0x20, 0x76, 0x69, 0x62, 0x72, 0x69,
  0x65, 0x72, 0x65, 0x6e, 0x22, 0x2c, 0x22, 0x70, 0x73, 0x44, 0x6f, 0x6e,
  0x65, 0x22, 0x3a, 0x22, 0x50, 0x53, 0x20, 0x61, 0x75, 0x66, 0x20, 0x50,
  0x7b, 0x6e, 0x7d, 0x20, 0x67, 0x65, 0x64, 0x72, 0xc3, 0xbc, 0x63, 0x6b,
  0x74, 0x22, 0x2c, 0x22, 0x72, 0x75, 0x6d, 0x62, 0x6c, 0x65, 0x44, 0x6f,
  0x6e, 0x65, 0x22, 0x3a, 0x22, 0x56, 0x69, 0x62, 0x72, 0x61, 0x74, 0x69,
  0x6f, 0x6e, 0x20, 0x61, 0x6e, 0x20, 0x50, 0x7b, 0x6e, 0x7d, 0x20, 0x67,
  0x65, 0x73, 0x65, 0x6e, 0x64, 0x65, 0x74, 0x22, 0x2c, 0x22, 0x6e, 0x6f,
  0x52, 0x75, 0x6d, 0x62, 0x6c, 0x65, 0x22, 0x3a, 0x22, 0x44, 0x69, 0x65,
  0x73, 0x65, 0x72, 0x20, 0x43, 0x6f, 0x6e, 0x74, 0x72, 0x6f, 0x6c, 0x6c,
  0x65, 0x72, 0x20, 0x6b, 0x61, 0x6e, 0x6e, 0x20, 0x6e, 0x69, 0x63, 0x68,
  0x74, 0x20, 0x76, 0x69, 0x62, 0x72, 0x69, 0x65, 0x72, 0x65, 0x6e, 0x22,
  0x2c, 0x22, 0x73, 0x75, 0x72, 0x65, 0x22, 0x3a, 0x22, 0x53, 0x69, 0x63,
  0x68, 0x65, 0x72, 0x3f, 0x22, 0x2c, 0x22, 0x66, 0x6f, 0x72, 0x67, 0x6f,
  0x74, 0x74, 0x65, 0x6e, 0x22, 0x3a, 0x22, 0x45, 0x6e, 0x74, 0x66, 0x65,
  0x72, 0x6e, 0x74, 0x20, 0x2d, 0x20, 0x7a, 0x75, 0x6d, 0x20, 0x56, 0x65,
  0x72, 0x77, 0x65, 0x6e, 0x64, 0x65, 0x6e, 0x20, 0x65, 0x72, 0x6e, 0x65,
  0x75, 0x74, 0x20, 0x6b, 0x6f, 0x70, 0x70, 0x65, 0x6c, 0x6e, 0x22, 0x2c,
  0x22, 0x66, 0x61, 0x69, 0x6c, 0x65, 0x64, 0x22, 0x3a, 0x22, 0x44, 0x61,
  0x73, 0x20, 0x68, 0x61, 0x74, 0x20, 0x6e, 0x69, 0x63, 0x68, 0x74, 0x20,
  0x66, 0x75, 0x6e, 0x6b, 0x74, 0x69, 0x6f, 0x6e, 0x69, 0x65, 0x72, 0x74,
  0x22, 0x2c, 0x22, 0x62, 0x61, 0x74, 0x74, 0x65, 0x72, 0x79, 0x22, 0x3a,
  0x22, 0x41, 0x6b, 0x6b, 0x75, 0x20, 0x7b, 0x6e, 0x7d, 0x20, 0x25, 0x22,
  0x2c, 0x22, 0x63, 0x68, 0x61, 0x72, 0x67, 0x69, 0x6e, 0x67, 0x22, 0x3a,
  0x22, 0x6c, 0xc3, 0xa4, 0x64, 0x74, 0x22, 0x2c, 0x22, 0x6e, 0x6f, 0x42,
  0x61, 0x74, 0x74, 0x65, 0x72, 0x79, 0x22, 0x3a, 0x22, 0x41, 0x6b, 0x6b,
  0x75, 0x73, 0x74, 0x61, 0x6e, 0x64, 0x20, 0x6e, 0x69, 0x63, 0x68, 0x74,
  0x20, 0x67, 0x65, 0x6d, 0x65, 0x6c, 0x64, 0x65, 0x74, 0x22, 0x2c, 0x22,
  0x6e, 0x6f, 0x50, 0x61, 0x64, 0x73, 0x22, 0x3a, 0x22, 0x4b, 0x65, 0x69,
  0x6e, 0x20, 0x43, 0x6f, 0x6e, 0x74, 0x72, 0x6f, 0x6c, 0x6c, 0x65, 0x72,
  0x20, 0x76, 0x65, 0x72, 0x62, 0x75, 0x6e, 0x64, 0x65, 0x6e, 0x2e, 0x20,
  0x53, 0x63, 0x68, 0x61, 0x6c, 0x74, 0x65, 0x20, 0x65, 0x69, 0x6e, 0x65,
  0x6e, 0x20, 0x67, 0x65, 0x6b, 0x6f, 0x70, 0x70, 0x65, 0x6c, 0x74, 0x65,
  0x6e, 0x20, 0x65, 0x69, 0x6e, 0x20, 0x6f, 0x64, 0x65, 0x72, 0x20, 0x6b,
  0x6f, 0x70, 0x70, 0x6c, 0x65, 0x20, 0x65, 0x69, 0x6e, 0x65, 0x6e, 0x20,
  0x6e, 0x65, 0x75, 0x65, 0x6e, 0x2e, 0x22, 0x2c, 0x22, 0x6e, 0x6f, 0x74,
  0x68, 0x69, 0x6e, 0x67, 0x50, 0x61, 0x69, 0x72, 0x65, 0x64, 0x22, 0x3a,
  0x22, 0x4e, 0x6f, 0x63, 0x68, 0x20, 0x6e, 0x69, 0x63, 0x68, 0x74, 0x73,
  0x20, 0x67, 0x65, 0x6b, 0x6f, 0x70, 0x70, 0x65, 0x6c, 0x74, 0x2e, 0x22,
  0x2c, 0x22, 0x6f, 0x66, 0x66, 0x6c, 0x69, 0x6e, 0x65, 0x50, 0x61, 0x64,
  0x22, 0x3a, 0x22, 0x47, 0x65, 0x6b, 0x6f, 0x70, 0x70, 0x65, 0x6c, 0x74,
  0x65, 0x72, 0x20, 0x43, 0x6f, 0x6e, 0x74, 0x72, 0x6f, 0x6c, 0x6c, 0x65,
  0x72, 0x20, 0xc2, 0xb7, 0x20, 0x6f, 0x66, 0x66, 0x6c, 0x69, 0x6e, 0x65,
  0x22, 0x2c, 0x22, 0x75, 0x6e, 0x6b, 0x6e, 0x6f, 0x77, 0x6e, 0x49, 0x64,
  0x22, 0x3a, 0x22, 0x75, 0x6e, 0x62, 0x65, 0x6b, 0x61, 0x6e, 0x6e, 0x74,
  0x65, 0x20, 0x49, 0x44, 0x22, 0x2c, 0x22, 0x70, 0x61, 0x69, 0x72, 0x69,
  0x6e, 0x67, 0x4e, 0x6f, 0x77, 0x22, 0x3a, 0x22, 0x4b, 0x6f, 0x70, 0x70,
  0x6c, 0x75, 0x6e, 0x67, 0xe2, 0x80, 0xa6, 0x22, 0x2c, 0x22, 0x72, 0x75,
  0x6e, 0x6e, 0x69, 0x6e, 0x67, 0x22, 0x3a, 0x22, 0x4c, 0xc3, 0xa4, 0x75,
  0x66, 0x74, 0x22, 0x2c, 0x22, 0x6e, 0x6f, 0x42, 0x74, 0x22, 0x3a, 0x22,
  0x4b, 0x65, 0x69, 0x6e, 0x20, 0x42, 0x6c, 0x75, 0x65, 0x74, 0x6f, 0x6f,
  0x74, 0x68, 0x22, 0x2c, 0x22, 0x73, 0x74, 0x61, 0x72, 0x74, 0x69, 0x6e,
  0x67, 0x42, 0x74, 0x22, 0x3a, 0x22, 0x42, 0x6c, 0x75, 0x65, 0x74, 0x6f,
  0x6f, 0x74, 0x68, 0x20, 0x77, 0x69, 0x72, 0x64, 0x20, 0x67, 0x65, 0x73,
  0x74, 0x61, 0x72, 0x74, 0x65, 0x74, 0xe2, 0x80, 0xa6, 0x22, 0x2c, 0x22,
  0x72, 0x65, 0x61, 0x64, 0x79, 0x22, 0x3a, 0x22, 0x42, 0x65, 0x72, 0x65,
  0x69, 0x74, 0x22, 0x2c, 0x22, 0x66, 0x61, 0x69, 0x6c, 0x65, 0x64, 0x42,
  0x74, 0x22, 0x3a, 0x22, 0x46, 0x65, 0x68, 0x6c, 0x65, 0x72, 0x22, 0x2c,
  0x22, 0x73, 0x74, 0x61, 0x72, 0x74, 0x69, 0x6e, 0x67, 0x22, 0x3a, 0x22,
  0x53, 0x74, 0x61, 0x72, 0x74, 0x65, 0x74, 0x22, 0x2c, 0x22, 0x72, 0x4e,
  0x6f, 0x63, 0x68, 0x69, 0x70, 0x22, 0x3a, 0x22, 0x44, 0x65, 0x72, 0x20,
  0x42, 0x6c, 0x75, 0x65, 0x74, 0x6f, 0x6f, 0x74, 0x68, 0x2d, 0x43, 0x68,
  0x69, 0x70, 0x20, 0x61, 0x6e, 0x74, 0x77, 0x6f, 0x72, 0x74, 0x65, 0x74,
  0x20, 0x6e, 0x69, 0x63, 0x68, 0x74, 0x2e, 0x20, 0x44, 0x65, 0x74, 0x61,
  0x69, 0x6c, 0x73, 0x20, 0x69, 0x6d, 0x20, 0x50, 0x72, 0x6f, 0x74, 0x6f,
  0x6b, 0x6f, 0x6c, 0x6c, 0x20, 0x28, 0x5a, 0x65, 0x69, 0x6c, 0x65, 0x6e,
  0x20, 0x6d, 0x69, 0x74, 0x20, 0xe2, 0x80, 0x9e, 0x64, 0x69, 0x61, 0x67,
  0xe2, 0x80, 0x9c, 0x29, 0x2e, 0x22, 0x2c, 0x22, 0x72, 0x4c, 0x6f, 0x73,
  0x74, 0x22, 0x3a, 0x22, 0x44, 0x69, 0x65, 0x20, 0x42, 0x6c, 0x75, 0x65,
  0x74, 0x6f, 0x6f, 0x74, 0x68, 0x2d, 0x56, 0x65, 0x72, 0x62, 0x69, 0x6e,
  0x64, 0x75, 0x6e, 0x67, 0x20, 0x77, 0x75, 0x72, 0x64, 0x65, 0x20, 0x75,
  0x6e, 0x74, 0x65, 0x72, 0x62, 0x72, 0x6f, 0x63, 0x68, 0x65, 0x6e, 0x2e,
  0x20, 0x44, 0x72, 0xc3, 0xbc, 0x63, 0x6b, 0x65, 0x20, 0xe2, 0x80, 0x9e,
  0x42, 0x6c, 0x75, 0x65, 0x74, 0x6f, 0x6f, 0x74, 0x68, 0x20, 0x65, 0x72,
  0x6e, 0x65, 0x75, 0x74, 0x20, 0x76, 0x65, 0x72, 0x73, 0x75, 0x63, 0x68,
  0x65, 0x6e, 0xe2, 0x80, 0x9c, 0x2e, 0x22, 0x2c, 0x22, 0x72, 0x4e, 0x6f,
  0x76, 0x70, 0x61, 0x64, 0x22, 0x3a, 0x22, 0x41, 0x75, 0x66, 0x20, 0x64,
  0x69, 0x65, 0x73, 0x65, 0x6d, 0x20, 0x53, 0x79, 0x73, 0x74, 0x65, 0x6d,
  0x20, 0x6b, 0xc3, 0xb6, 0x6e, 0x6e, 0x65, 0x6e, 0x20, 0x6b, 0x65, 0x69,
  0x6e, 0x65, 0x20, 0x76, 0x69, 0x72, 0x74, 0x75, 0x65, 0x6c, 0x6c, 0x65,
  0x6e, 0x20, 0x43, 0x6f, 0x6e, 0x74, 0x72, 0x6f, 0x6c, 0x6c, 0x65, 0x72,
  0x20, 0x65, 0x72, 0x73, 0x74, 0x65, 0x6c, 0x6c, 0x74, 0x20, 0x77, 0x65,
  0x72, 0x64, 0x65, 0x6e, 0x20, 0x28, 0x73, 0x69, 0x65, 0x68, 0x65, 0x20,
  0x50, 0x72, 0x6f, 0x74, 0x6f, 0x6b, 0x6f, 0x6c, 0x6c, 0x29, 0x2e, 0x20,
  0x42, 0x6c, 0x75, 0x65, 0x74, 0x6f, 0x6f, 0x74, 0x68, 0x20, 0x77, 0x75,
  0x72, 0x64, 0x65, 0x20, 0x6e, 0x69, 0x63, 0x68, 0x74, 0x20, 0x76, 0x65,
  0x72, 0xc3, 0xa4, 0x6e, 0x64, 0x65, 0x72, 0x74, 0x2e, 0x22, 0x2c, 0x22,
  0x73, 0x65, 0x61, 0x72, 0x63, 0x68, 0x69, 0x6e, 0x67, 0x22, 0x3a, 0x22,
  0x53, 0x75, 0x63, 0x68, 0x65, 0xe2, 0x80, 0xa6, 0x20, 0x6e, 0x6f, 0x63,
  0x68, 0x20, 0x7b, 0x6e, 0x7d, 0x20, 0x73, 0x2e, 0x20, 0x56, 0x65, 0x72,
  0x73, 0x65, 0x74, 0x7a, 0x65, 0x20, 0x64, 0x65, 0x6e, 0x20, 0x43, 0x6f,
  0x6e, 0x74, 0x72, 0x6f, 0x6c, 0x6c, 0x65, 0x72, 0x20, 0x6a, 0x65, 0x74,
  0x7a, 0x74, 0x20, 0x69, 0x6e, 0x20, 0x64, 0x65, 0x6e, 0x20, 0x4b, 0x6f,
  0x70, 0x70, 0x6c, 0x75, 0x6e, 0x67, 0x73, 0x6d, 0x6f, 0x64, 0x75, 0x73,
  0x2e, 0x22, 0x2c, 0x22, 0x70, 0x61, 0x69, 0x72, 0x69, 0x6e, 0x67, 0x53,
  0x65, 0x63, 0x22, 0x3a, 0x22, 0x4b, 0x6f, 0x70, 0x70, 0x6c, 0x75, 0x6e,
  0x67, 0xe2, 0x80, 0xa6, 0x20, 0x7b, 0x6e, 0x7d, 0x20, 0x73, 0x22, 0x2c,
  0x22, 0x68, 0x6f, 0x74, 0x6b, 0x65, 0x79, 0x22, 0x3a, 0x22, 0x54, 0x61,
  0x73, 0x74, 0x65, 0x6e, 0x6b, 0x6f, 0x6d, 0x62, 0x69, 0x6e, 0x61, 0x74,
  0x69, 0x6f, 0x6e, 0x3a, 0x20, 0x7b, 0x63, 0x7d, 0x22, 0x2c, 0x22, 0x70,
  0x61, 0x69, 0x72, 0x53, 0x74, 0x61, 0x72, 0x74, 0x65, 0x64, 0x22, 0x3a,
  0x22, 0x4b, 0x6f, 0x70, 0x70, 0x6c, 0x75, 0x6e, 0x67, 0x20, 0x66, 0xc3,
  0xbc, 0x72, 0x20, 0x36, 0x30, 0x20, 0x73, 0x20, 0x2d, 0x20, 0x43, 0x6f,
  0x6e, 0x74, 0x72, 0x6f, 0x6c, 0x6c, 0x65, 0x72, 0x20, 0x69, 0x6e, 0x20,
  0x64, 0x65, 0x6e, 0x20, 0x4b, 0x6f, 0x70, 0x70, 0x6c, 0x75, 0x6e, 0x67,
  0x73, 0x6d, 0x6f, 0x64, 0x75, 0x73, 0x20, 0x76, 0x65, 0x72, 0x73, 0x65,
  0x74, 0x7a, 0x65, 0x6e, 0x22, 0x2c, 0x22, 0x72, 0x65, 0x74, 0x72, 0x79,
  0x69, 0x6e, 0x67, 0x22, 0x3a, 0x22, 0x42, 0x6c, 0x75, 0x65, 0x74, 0x6f,
  0x6f, 0x74, 0x68, 0x20, 0x77, 0x69, 0x72, 0x64, 0x20, 0x65, 0x72, 0x6e,
  0x65, 0x75, 0x74, 0x20, 0x76, 0x65, 0x72, 0x73, 0x75, 0x63, 0x68, 0x74,
  0xe2, 0x80, 0xa6, 0x22, 0x2c, 0x22, 0x6c, 0x6f, 0x67, 0x45, 0x72, 0x72,
  0x6f, 0x72, 0x22, 0x3a, 0x22, 0x44, 0x61, 0x73, 0x20, 0x50, 0x72, 0x6f,
  0x74, 0x6f, 0x6b, 0x6f, 0x6c, 0x6c, 0x20, 0x6b, 0x6f, 0x6e, 0x6e, 0x74,
  0x65, 0x20, 0x6e, 0x69, 0x63, 0x68, 0x74, 0x20, 0x67, 0x65, 0x6c, 0x65,
  0x73, 0x65, 0x6e, 0x20, 0x77, 0x65, 0x72, 0x64, 0x65, 0x6e, 0x2e, 0x22,
  0x2c, 0x22, 0x65, 0x6d, 0x70, 0x74, 0x79, 0x22, 0x3a, 0x22, 0x28, 0x6c,
  0x65, 0x65, 0x72, 0x29, 0x22, 0x2c, 0x22, 0x74, 0x61, 0x70, 0x53, 0x74,
  0x6f, 0x70, 0x22, 0x3a, 0x22, 0x5a, 0x75, 0x6d, 0x20, 0x42, 0x65, 0x65,
  0x6e, 0x64, 0x65, 0x6e, 0x20, 0x65, 0x72, 0x6e, 0x65, 0x75, 0x74, 0x20,
  0x64, 0x72, 0xc3, 0xbc, 0x63, 0x6b, 0x65, 0x6e, 0x22, 0x2c, 0x22, 0x73,
  0x74, 0x6f, 0x70, 0x70, 0x69, 0x6e, 0x67, 0x22, 0x3a, 0x22, 0x50, 0x61,
  0x64, 0x42, 0x72, 0x69, 0x64, 0x67, 0x65, 0x20, 0x77, 0x69, 0x72, 0x64,
  0x20, 0x62, 0x65, 0x65, 0x6e, 0x64, 0x65, 0x74, 0x22, 0x2c, 0x22, 0x73,
  0x74, 0x6f, 0x70, 0x70, 0x69, 0x6e, 0x67, 0x53, 0x68, 0x6f, 0x72, 0x74,
  0x22, 0x3a, 0x22, 0x57, 0x69, 0x72, 0x64, 0x20, 0x62, 0x65, 0x65, 0x6e,
  0x64, 0x65, 0x74, 0xe2, 0x80, 0xa6, 0x22, 0x2c, 0x22, 0x6f, 0x66, 0x66,
  0x6c, 0x69, 0x6e, 0x65, 0x22, 0x3a, 0x22, 0x4f, 0x66, 0x66, 0x6c, 0x69,
  0x6e, 0x65, 0x22, 0x7d, 0x2c, 0x0a, 0x70, 0x74, 0x3a, 0x7b, 0x22, 0x6c,
  0x61, 0x6e, 0x67, 0x75, 0x61, 0x67, 0x65, 0x22, 0x3a, 0x22, 0x49, 0x64,
  0x69, 0x6f, 0x6d, 0x61, 0x22, 0x2c, 0x22, 0x6c, 0x61, 0x6e, 0x67, 0x53,
  0x65, 0x74, 0x22, 0x3a, 0x22, 0x49, 0x64, 0x69, 0x6f, 0x6d, 0x61, 0x3a,
  0x20, 0x7b, 0x6e, 0x61, 0x6d, 0x65, 0x7d, 0x22, 0x2c, 0x22, 0x63, 0x6f,
  0x6e, 0x6e, 0x65, 0x63, 0x74, 0x69, 0x6e, 0x67, 0x22, 0x3a, 0x22, 0x43,
  0x6f, 0x6e, 0x65, 0x63, 0x74, 0x61, 0x6e, 0x64, 0x6f, 0xe2, 0x80, 0xa6,
  0x22, 0x2c, 0x22, 0x73, 0x74, 0x61, 0x74, 0x75, 0x73, 0x22, 0x3a, 0x22,
  0x53, 0x74, 0x61, 0x74, 0x75, 0x73, 0x22, 0x2c, 0x22, 0x62, 0x6c, 0x75,
  0x65, 0x74, 0x6f, 0x6f, 0x74, 0x68, 0x22, 0x3a, 0x22, 0x42, 0x6c, 0x75,
  0x65, 0x74, 0x6f, 0x6f, 0x74, 0x68, 0x22, 0x2c, 0x22, 0x63, 0x6f, 0x6e,
  0x6e, 0x65, 0x63, 0x74, 0x65, 0x64, 0x22, 0x3a, 0x22, 0x43, 0x6f, 0x6e,
  0x65, 0x63, 0x74, 0x61, 0x64, 0x6f, 0x73, 0x22, 0x2c, 0x22, 0x70, 0x61,
  0x69, 0x72, 0x65, 0x64, 0x22, 0x3a, 0x22, 0x50, 0x61, 0x72, 0x65, 0x61,
  0x64, 0x6f, 0x73, 0x22, 0x2c, 0x22, 0x74, 0x69, 0x70, 0x55, 0x73, 0x65,
  0x72, 0x73, 0x22, 0x3a, 0x22, 0x4a, 0x6f, 0x67, 0x75, 0x65, 0x20, 0x63,
  0x6f, 0x6d, 0x20, 0x73, 0x65, 0x75, 0x20, 0x75, 0x73, 0x75, 0xc3, 0xa1,
  0x72, 0x69, 0x6f, 0x20, 0x70, 0x72, 0x69, 0x6e, 0x63, 0x69, 0x70, 0x61,
  0x6c, 0x20, 0x65, 0x20, 0x70, 0x72, 0x65, 0x73, 0x73, 0x69, 0x6f, 0x6e,
  0x65, 0x20, 0x7b, 0x70, 0x73, 0x7d, 0x20, 0x6e, 0x6f, 0x20, 0x63, 0x61,
  0x72, 0x74, 0xc3, 0xa3, 0x6f, 0x20, 0x64, 0x6f, 0x20, 0x63, 0x6f, 0x6e,
  0x74, 0x72, 0x6f, 0x6c, 0x65, 0x20, 0x70, 0x61, 0x72, 0x61, 0x20, 0x64,
  0x61, 0x72, 0x20, 0x61, 0x20, 0x65, 0x6c, 0x65, 0x20, 0x6f, 0x20, 0x66,
  0x6f, 0x63, 0x6f, 0x20, 0x64, 0x6f, 0x20, 0x63, 0x6f, 0x6e, 0x73, 0x6f,
  0x6c, 0x65, 0x2e, 0x22, 0x2c, 0x22, 0x72, 0x65, 0x74, 0x72, 0x79, 0x42,
  0x74, 0x22, 0x3a, 0x22, 0x54, 0x65, 0x6e, 0x74, 0x61, 0x72, 0x20, 0x42,
  0x6c, 0x75, 0x65, 0x74, 0x6f, 0x6f, 0x74, 0x68, 0x20, 0x6e, 0x6f, 0x76,
  0x61, 0x6d, 0x65, 0x6e, 0x74, 0x65, 0x22, 0x2c, 0x22, 0x70, 0x61, 0x69,
  0x72, 0x69, 0x6e, 0x67, 0x22, 0x3a, 0x22, 0x50, 0x61, 0x72, 0x65, 0x61,
  0x6d, 0x65, 0x6e, 0x74, 0x6f, 0x22, 0x2c, 0x22, 0x70, 0x61, 0x69, 0x72,
  0x49, 0x64, 0x6c, 0x65, 0x22, 0x3a, 0x22, 0x50, 0x72, 0x65, 0x73, 0x73,
  0x69, 0x6f, 0x6e, 0x65, 0x20, 0x6f, 0x20, 0x62, 0x6f, 0x74, 0xc3, 0xa3,
  0x6f, 0x20, 0x65, 0x20, 0x63, 0x6f, 0x6c, 0x6f, 0x71, 0x75, 0x65, 0x20,
  0x6f, 0x20, 0x63, 0x6f, 0x6e, 0x74, 0x72, 0x6f, 0x6c, 0x65, 0x20, 0x6e,
  0x6f, 0x20, 0x6d, 0x6f, 0x64, 0x6f, 0x20, 0x64, 0x65, 0x20, 0x70, 0x61,
  0x72, 0x65, 0x61, 0x6d, 0x65, 0x6e, 0x74, 0x6f, 0x2e, 0x20, 0x4d, 0x61,
  0x6e, 0x74, 0x65, 0x6e, 0x68, 0x61, 0x20, 0x6f, 0x20, 0x44, 0x75, 0x61,
  0x6c, 0x53, 0x65, 0x6e, 0x73, 0x65, 0x20, 0x64, 0x65, 0x73, 0x6c, 0x69,
  0x67, 0x61, 0x64, 0x6f, 0x20, 0x64, 0x75, 0x72, 0x61, 0x6e, 0x74, 0x65,
  0x20, 0x6f, 0x20, 0x70, 0x61, 0x72, 0x65, 0x61, 0x6d, 0x65, 0x6e, 0x74,
  0x6f, 0x2e, 0x22, 0x2c, 0x22, 0x70, 0x61, 0x69, 0x72, 0x42, 0x74, 0x6e,
  0x22, 0x3a, 0x22, 0x50, 0x61, 0x72, 0x65, 0x61, 0x72, 0x20, 0x75, 0x6d,
  0x20, 0x63, 0x6f, 0x6e, 0x74, 0x72, 0x6f, 0x6c, 0x65, 0x20, 0x28, 0x36,
  0x30, 0x20, 0x73, 0x29, 0x22, 0x2c, 0x22, 0x63, 0x6f, 0x6e, 0x6e, 0x65,
  0x63, 0x74, 0x65, 0x64, 0x54, 0x69, 0x74, 0x6c, 0x65, 0x22, 0x3a, 0x22,
  0x43, 0x6f, 0x6e, 0x74, 0x72, 0x6f, 0x6c, 0x65, 0x73, 0x20, 0x63, 0x6f,
  0x6e, 0x65, 0x63, 0x74, 0x61, 0x64, 0x6f, 0x73, 0x22, 0x2c, 0x22, 0x75,
  0x70, 0x54, 0x6f, 0x34, 0x22, 0x3a, 0x22, 0x41, 0x74, 0xc3, 0xa9, 0x20,
  0x34, 0x22, 0x2c, 0x22, 0x70, 0x61, 0x69, 0x72, 0x65, 0x64, 0x54, 0x69,
  0x74, 0x6c, 0x65, 0x22, 0x3a, 0x22, 0x43, 0x6f, 0x6e, 0x74, 0x72, 0x6f,
  0x6c, 0x65, 0x73, 0x20, 0x70, 0x61, 0x72, 0x65, 0x61, 0x64, 0x6f, 0x73,
  0x22, 0x2c, 0x22, 0x73, 0x77, 0x69, 0x74, 0x63, 0x68, 0x4f, 0x6e, 0x22,
  0x3a, 0x22, 0x4c, 0x69, 0x67, 0x75, 0x65, 0x20, 0x75, 0x6d, 0x20, 0x70,
  0x61, 0x72, 0x61, 0x20, 0x63, 0x6f, 0x6e, 0x65, 0x63, 0x74, 0xc3, 0xa1,
  0x2d, 0x6c, 0x6f, 0x22, 0x2c, 0x22, 0x6c, 0x6f, 0x67, 0x22, 0x3a, 0x22,
  0x4c, 0x6f, 0x67, 0x22, 0x2c, 0x22, 0x73, 0x68, 0x6f, 0x77, 0x22, 0x3a,
  0x22, 0x4d, 0x6f, 0x73, 0x74, 0x72, 0x61, 0x72, 0x22, 0x2c, 0x22, 0x68,
  0x69, 0x64, 0x65, 0x22, 0x3a, 0x22, 0x4f, 0x63, 0x75, 0x6c, 0x74, 0x61,
  0x72, 0x22, 0x2c, 0x22, 0x6c, 0x6f, 0x61, 0x64, 0x69, 0x6e, 0x67, 0x22,
  0x3a, 0x22, 0x43, 0x61, 0x72, 0x72, 0x65, 0x67, 0x61, 0x6e, 0x64, 0x6f,
  0xe2, 0x80, 0xa6, 0x22, 0x2c, 0x22, 0x72, 0x65, 0x66, 0x72, 0x65, 0x73,
  0x68, 0x22, 0x3a, 0x22, 0x41, 0x74, 0x75, 0x61, 0x6c, 0x69, 0x7a, 0x61,
  0x72, 0x22, 0x2c, 0x22, 0x66, 0x6f, 0x6f, 0x74, 0x65, 0x72, 0x22, 0x3a,
  0x22, 0x46, 0x65, 0x63, 0x68, 0x61, 0x72, 0x20, 0x65, 0x73, 0x74, 0x61,
  0x20, 0x70, 0xc3, 0xa1, 0x67, 0x69, 0x6e, 0x61, 0x20, 0x6d, 0x61, 0x6e,
  0x74, 0xc3, 0xa9, 0x6d, 0x20, 0x6f, 0x20, 0x50, 0x61, 0x64, 0x42, 0x72,
  0x69, 0x64, 0x67, 0x65, 0x20, 0x65, 0x6d, 0x20, 0x65, 0x78, 0x65, 0x63,
  0x75, 0xc3, 0xa7, 0xc3, 0xa3, 0x6f, 0x2e, 0x20, 0x50, 0x61, 0x72, 0x65,
  0x2d, 0x6f, 0x20, 0x61, 0x6e, 0x74, 0x65, 0x73, 0x20, 0x64, 0x65, 0x20,
  0x63, 0x61, 0x72, 0x72, 0x65, 0x67, 0x61, 0x72, 0x20, 0x6f, 0x20, 0x45,
  0x4c, 0x46, 0x20, 0x6e, 0x6f, 0x76, 0x61, 0x6d, 0x65, 0x6e, 0x74, 0x65,
  0x3a, 0x20, 0x6f, 0x73, 0x20, 0x63, 0x6f, 0x6e, 0x74, 0x72, 0x6f, 0x6c,
  0x65, 0x73, 0x20, 0x73, 0xc3, 0xa3, 0x6f, 0x20, 0x64, 0x65, 0x73, 0x63,
  0x6f, 0x6e, 0x65, 0x63, 0x74, 0x61, 0x64, 0x6f, 0x73, 0x20, 0x65, 0x20,
  0x6f, 0x20, 0x42, 0x6c, 0x75, 0x65, 0x74, 0x6f, 0x6f, 0x74, 0x68, 0x20,
  0x66, 0x69, 0x63, 0x61, 0x20, 0x63, 0x6f, 0x6d, 0x6f, 0x20, 0x65, 0x73,
  0x74, 0x61, 0x76, 0x61, 0x2e, 0x22, 0x2c, 0x22, 0x73, 0x74, 0x6f, 0x70,
  0x42, 0x74, 0x6e, 0x22, 0x3a, 0x22, 0x50, 0x61, 0x72, 0x61, 0x72, 0x20,
  0x50, 0x61, 0x64, 0x42, 0x72, 0x69, 0x64, 0x67, 0x65, 0x20, 0x28, 0x61,
  0x76, 0x61, 0x6e, 0xc3, 0xa7, 0x61, 0x64, 0x6f, 0x29, 0x22, 0x2c, 0x22,
  0x70, 0x72, 0x65, 0x73, 0x73, 0x50, 0x73, 0x22, 0x3a, 0x22, 0x50, 0x72,
  0x65, 0x73, 0x73, 0x69, 0x6f, 0x6e, 0x61, 0x72, 0x20, 0x50, 0x53, 0x22,
  0x2c, 0x22, 0x72, 0x75, 0x6d, 0x62, 0x6c, 0x65, 0x22, 0x3a, 0x22, 0x56,
  0x69, 0x62, 0x72, 0x61, 0x72, 0x22, 0x2c, 0x22, 0x66, 0x6f, 0x72, 0x67,
  0x65, 0x74, 0x22, 0x3a, 0x22, 0x45, 0x73, 0x71, 0x75, 0x65, 0x63, 0x65,
  0x72, 0x22, 0x2c, 0x22, 0x70, 0x73, 0x54, 0x69, 0x74, 0x6c, 0x65, 0x22,
  0x3a, 0x22, 0x49, 0x67, 0x75, 0x61, 0x6c, 0x20, 0x61, 0x20, 0x73, 0x65,
  0x67, 0x75, 0x72, 0x61, 0x72, 0x20, 0x50, 0x53, 0x3a, 0x20, 0x64, 0xc3,
  0xa1, 0x20, 0x6f, 0x20, 0x66, 0x6f, 0x63, 0x6f, 0x20, 0x64, 0x6f, 0x20,
  0x63, 0x6f, 0x6e, 0x73, 0x6f, 0x6c, 0x65, 0x20, 0x61, 0x20, 0x65, 0x73,
  0x74, 0x65, 0x20, 0x63, 0x6f, 0x6e, 0x74, 0x72, 0x6f, 0x6c, 0x65, 0x22,
  0x2c, 0x22, 0x72, 0x75, 0x6d, 0x62, 0x6c, 0x65, 0x54, 0x69, 0x74, 0x6c,
  0x65, 0x22, 0x3a, 0x22, 0x46, 0x61, 0x7a, 0x20, 0x65, 0x73, 0x74, 0x65,
  0x20, 0x63, 0x6f, 0x6e, 0x74, 0x72, 0x6f, 0x6c, 0x65, 0x20, 0x76, 0x69,
  0x62, 0x72, 0x61, 0x72, 0x20, 0x70, 0x6f, 0x72, 0x20, 0x6d, 0x65, 0x69,
  0x6f, 0x20, 0x73, 0x65, 0x67, 0x75, 0x6e, 0x64, 0x6f, 0x22, 0x2c, 0x22,
  0x70, 0x73, 0x44, 0x6f, 0x6e, 0x65, 0x22, 0x3a, 0x22, 0x50, 0x53, 0x20,
  0x70, 0x72, 0x65, 0x73, 0x73, 0x69, 0x6f, 0x6e, 0x61, 0x64, 0x6f, 0x20,
  0x65, 0x6d, 0x20, 0x50, 0x7b, 0x6e, 0x7d, 0x22, 0x2c, 0x22, 0x72, 0x75,
  0x6d, 0x62, 0x6c, 0x65, 0x44, 0x6f, 0x6e, 0x65, 0x22, 0x3a, 0x22, 0x56,
  0x69, 0x62, 0x72, 0x61, 0xc3, 0xa7, 0xc3, 0xa3, 0x6f, 0x20, 0x65, 0x6e,
  0x76, 0x69, 0x61, 0x64, 0x61, 0x20, 0x70, 0x61, 0x72, 0x61, 0x20, 0x50,
  0x7b, 0x6e, 0x7d, 0x22, 0x2c, 0x22, 0x6e, 0x6f, 0x52, 0x75, 0x6d, 0x62,
  0x6c, 0x65, 0x22, 0x3a, 0x22, 0x45, 0x73, 0x74, 0x65, 0x20, 0x63, 0x6f,
  0x6e, 0x74, 0x72, 0x6f, 0x6c, 0x65, 0x20, 0x6e, 0xc3, 0xa3, 0x6f, 0x20,
  0x70, 0x6f, 0x64, 0x65, 0x20, 0x76, 0x69, 0x62, 0x72, 0x61, 0x72, 0x22,
  0x2c, 0x22, 0x73, 0x75, 0x72, 0x65, 0x22, 0x3a, 0x22, 0x43, 0x65, 0x72,
  0x74, 0x65, 0x7a, 0x61, 0x3f, 0x22, 0x2c, 0x22, 0x66, 0x6f, 0x72, 0x67,
  0x6f, 0x74, 0x74, 0x65, 0x6e, 0x22, 0x3a, 0x22, 0x45, 0x73, 0x71, 0x75,
  0x65, 0x63, 0x69, 0x64, 0x6f, 0x20, 0x2d, 0x20, 0x70, 0x61, 0x72, 0x65,
  0x69, 0x65, 0x20, 0x6e, 0x6f, 0x76, 0x61, 0x6d, 0x65, 0x6e, 0x74, 0x65,
  0x20, 0x70, 0x61, 0x72, 0x61, 0x20, 0x75, 0x73, 0x61, 0x72, 0x22, 0x2c,
  0x22, 0x66, 0x61, 0x69, 0x6c, 0x65, 0x64, 0x22, 0x3a, 0x22, 0x4e, 0xc3,
  0xa3, 0x6f, 0x20, 0x66, 0x75, 0x6e, 0x63, 0x69, 0x6f, 0x6e, 0x6f, 0x75,
  0x22, 0x2c, 0x22, 0x62, 0x61, 0x74, 0x74, 0x65, 0x72, 0x79, 0x22, 0x3a,
  0x22, 0x42, 0x61, 0x74, 0x65, 0x72, 0x69, 0x61, 0x20, 0x7b, 0x6e, 0x7d,
  0x25, 0x22, 0x2c, 0x22, 0x63, 0x68, 0x61, 0x72, 0x67, 0x69, 0x6e, 0x67,
  0x22, 0x3a, 0x22, 0x63, 0x61, 0x72, 0x72, 0x65, 0x67, 0x61, 0x6e, 0x64,
  0x6f, 0x22, 0x2c, 0x22, 0x6e, 0x6f, 0x42, 0x61, 0x74, 0x74, 0x65, 0x72,
  0x79, 0x22, 0x3a, 0x22, 0x42, 0x61, 0x74, 0x65, 0x72, 0x69, 0x61, 0x20,
  0x6e, 0xc3, 0xa3, 0x6f, 0x20, 0x69, 0x6e, 0x66, 0x6f, 0x72, 0x6d, 0x61,
  0x64, 0x61, 0x22, 0x2c, 0x22, 0x6e, 0x6f, 0x50, 0x61, 0x64, 0x73, 0x22,
  0x3a, 0x22, 0x4e, 0x65, 0x6e, 0x68, 0x75, 0x6d, 0x20, 0x63, 0x6f, 0x6e,
  0x74, 0x72, 0x6f, 0x6c, 0x65, 0x20, 0x63, 0x6f, 0x6e, 0x65, 0x63, 0x74,
  0x61, 0x64, 0x6f, 0x2e, 0x20, 0x4c, 0x69, 0x67, 0x75, 0x65, 0x20, 0x75,
  0x6d, 0x20, 0x70, 0x61, 0x72, 0x65, 0x61, 0x64, 0x6f, 0x20, 0x6f, 0x75,
  0x20, 0x70, 0x61, 0x72, 0x65, 0x69, 0x65, 0x20, 0x75, 0x6d, 0x20, 0x6e,
  0x6f, 0x76, 0x6f, 0x2e, 0x22, 0x2c, 0x22, 0x6e, 0x6f, 0x74, 0x68, 0x69,
  0x6e, 0x67, 0x50, 0x61, 0x69, 0x72, 0x65, 0x64, 0x22, 0x3a, 0x22, 0x4e,
  0x61, 0x64, 0x61, 0x20, 0x70, 0x61, 0x72, 0x65, 0x61, 0x64, 0x6f, 0x20,
  0x61, 0x69, 0x6e, 0x64, 0x61, 0x2e, 0x22, 0x2c, 0x22, 0x6f, 0x66, 0x66,
  0x6c, 0x69, 0x6e, 0x65, 0x50, 0x61, 0x64, 0x22, 0x3a, 0x22, 0x43, 0x6f,
  0x6e, 0x74, 0x72, 0x6f, 0x6c, 0x65, 0x20, 0x70, 0x61, 0x72, 0x65, 0x61,
  0x64, 0x6f, 0x20, 0xc2, 0xb7, 0x20, 0x6f, 0x66, 0x66, 0x6c, 0x69, 0x6e,
  0x65, 0x22, 0x2c, 0x22, 0x75, 0x6e, 0x6b, 0x6e, 0x6f, 0x77, 0x6e, 0x49,
  0x64, 0x22, 0x3a, 0x22, 0x69, 0x64, 0x20, 0x64, 0x65, 0x73, 0x63, 0x6f,
  0x6e, 0x68, 0x65, 0x63, 0x69, 0x64, 0x6f, 0x22, 0x2c, 0x22, 0x70, 0x61,
  0x69, 0x72, 0x69, 0x6e, 0x67, 0x4e, 0x6f, 0x77, 0x22, 0x3a, 0x22, 0x50,
  0x61, 0x72, 0x65, 0x61, 0x6e, 0x64, 0x6f, 0xe2, 0x80, 0xa6, 0x22, 0x2c,
  0x22, 0x72, 0x75, 0x6e, 0x6e, 0x69, 0x6e, 0x67, 0x22, 0x3a, 0x22, 0x45,
  0x6d, 0x20, 0x65, 0x78, 0x65, 0x63, 0x75, 0xc3, 0xa7, 0xc3, 0xa3, 0x6f,
  0x22, 0x2c, 0x22, 0x6e, 0x6f, 0x42, 0x74, 0x22, 0x3a, 0x22, 0x53, 0x65,
  0x6d, 0x20, 0x42, 0x6c, 0x75, 0x65, 0x74, 0x6f, 0x6f, 0x74, 0x68, 0x22,
  0x2c, 0x22, 0x73, 0x74, 0x61, 0x72, 0x74, 0x69, 0x6e, 0x67, 0x42, 0x74,
  0x22, 0x3a, 0x22, 0x49, 0x6e, 0x69, 0x63, 0x69, 0x61, 0x6e, 0x64, 0x6f,
  0x20, 0x6f, 0x20, 0x42, 0x6c, 0x75, 0x65, 0x74, 0x6f, 0x6f, 0x74, 0x68,
  0xe2, 0x80, 0xa6, 0x22, 0x2c, 0x22, 0x72, 0x65, 0x61, 0x64, 0x79, 0x22,
  0x3a, 0x22, 0x50, 0x72, 0x6f, 0x6e, 0x74, 0x6f, 0x22, 0x2c, 0x22, 0x66,
  0x61, 0x69, 0x6c, 0x65, 0x64, 0x42, 0x74, 0x22, 0x3a, 0x22, 0x46, 0x61,
  0x6c, 0x68, 0x6f, 0x75, 0x22, 0x2c, 0x22, 0x73, 0x74, 0x61, 0x72, 0x74,
  0x69, 0x6e, 0x67, 0x22, 0x3a, 0x22, 0x49, 0x6e, 0x69, 0x63, 0x69, 0x61,
  0x6e, 0x64, 0x6f, 0x22, 0x2c, 0x22, 0x72, 0x4e, 0x6f, 0x63, 0x68, 0x69,
  0x70, 0x22, 0x3a, 0x22, 0x4f, 0x20, 0x63, 0x68, 0x69, 0x70, 0x20, 0x42,
  0x6c, 0x75, 0x65, 0x74, 0x6f, 0x6f, 0x74, 0x68, 0x20, 0x6e, 0xc3, 0xa3,
  0x6f, 0x20, 0x72, 0x65, 0x73, 0x70, 0x6f, 0x6e, 0x64, 0x65, 0x2e, 0x20,
  0x4f, 0x73, 0x20, 0x64, 0x65, 0x74, 0x61, 0x6c, 0x68, 0x65, 0x73, 0x20,
  0x65, 0x73, 0x74, 0xc3, 0xa3, 0x6f, 0x20, 0x6e, 0x6f, 0x20, 0x6c, 0x6f,
  0x67, 0x20, 0x28, 0x6c, 0x69, 0x6e, 0x68, 0x61, 0x73, 0x20, 0x27, 0x64,
  0x69, 0x61, 0x67, 0x27, 0x29, 0x2e, 0x22, 0x2c, 0x22, 0x72, 0x4c, 0x6f,
  0x73, 0x74, 0x22, 0x3a, 0x22, 0x41, 0x20, 0x63, 0x6f, 0x6e, 0x65, 0x78,
  0xc3, 0xa3, 0x6f, 0x20, 0x42, 0x6c, 0x75, 0x65, 0x74, 0x6f, 0x6f, 0x74,
  0x68, 0x20, 0x66, 0x6f, 0x69, 0x20, 0x70, 0x65, 0x72, 0x64, 0x69, 0x64,
  0x61, 0x2e, 0x20, 0x50, 0x72, 0x65, 0x73, 0x73, 0x69, 0x6f, 0x6e, 0x65,
  0x20, 0x54, 0x65, 0x6e, 0x74, 0x61, 0x72, 0x20, 0x42, 0x6c, 0x75, 0x65,
  0x74, 0x6f, 0x6f, 0x74, 0x68, 0x20, 0x6e, 0x6f, 0x76, 0x61, 0x6d, 0x65,
  0x6e, 0x74, 0x65, 0x2e, 0x22, 0x2c, 0x22, 0x72, 0x4e, 0x6f, 0x76, 0x70,
  0x61, 0x64, 0x22, 0x3a, 0x22, 0x4e, 0xc3, 0xa3, 0x6f, 0x20, 0xc3, 0xa9,
  0x20, 0x70, 0x6f, 0x73, 0x73, 0xc3, 0xad, 0x76, 0x65, 0x6c, 0x20, 0x63,
  0x72, 0x69, 0x61, 0x72, 0x20, 0x63, 0x6f, 0x6e, 0x74, 0x72, 0x6f, 0x6c,
  0x65, 0x73, 0x20, 0x76, 0x69, 0x72, 0x74, 0x75, 0x61, 0x69, 0x73, 0x20,
  0x6e, 0x65, 0x73, 0x74, 0x65, 0x20, 0x73, 0x69, 0x73, 0x74, 0x65, 0x6d,
  0x61, 0x20, 0x28, 0x76, 0x65, 0x6a, 0x61, 0x20, 0x6f, 0x20, 0x6c, 0x6f,
  0x67, 0x29, 0x2e, 0x20, 0x4f, 0x20, 0x42, 0x6c, 0x75, 0x65, 0x74, 0x6f,
  0x6f, 0x74, 0x68, 0x20, 0x6e, 0xc3, 0xa3, 0x6f, 0x20, 0x66, 0x6f, 0x69,
  0x20, 0x61, 0x6c, 0x74, 0x65, 0x72, 0x61, 0x64, 0x6f, 0x2e, 0x22, 0x2c,
  0x22, 0x73, 0x65, 0x61, 0x72, 0x63, 0x68, 0x69, 0x6e, 0x67, 0x22, 0x3a,
  0x22, 0x50, 0x72, 0x6f, 0x63, 0x75, 0x72, 0x61, 0x6e, 0x64, 0x6f, 0xe2,
  0x80, 0xa6, 0x20, 0x66, 0x61, 0x6c, 0x74, 0x61, 0x6d, 0x20, 0x7b, 0x6e,
  0x7d, 0x20, 0x73, 0x2e, 0x20, 0x43, 0x6f, 0x6c, 0x6f, 0x71, 0x75, 0x65,
  0x20, 0x6f, 0x20, 0x63, 0x6f, 0x6e, 0x74, 0x72, 0x6f, 0x6c, 0x65, 0x20,
  0x6e, 0x6f, 0x20, 0x6d, 0x6f, 0x64, 0x6f, 0x20, 0x64, 0x65, 0x20, 0x70,
  0x61, 0x72, 0x65, 0x61, 0x6d, 0x65, 0x6e, 0x74, 0x6f, 0x20, 0x61, 0x67,
  0x6f, 0x72, 0x61, 0x2e, 0x22, 0x2c, 0x22, 0x70, 0x61, 0x69, 0x72, 0x69,
  0x6e, 0x67, 0x53, 0x65, 0x63, 0x22, 0x3a, 0x22, 0x50, 0x61, 0x72, 0x65,
  0x61, 0x6e, 0x64, 0x6f, 0xe2, 0x80, 0xa6, 0x20, 0x7b, 0x6e, 0x7d, 0x20,
  0x73, 0x22, 0x2c, 0x22, 0x68, 0x6f, 0x74, 0x6b, 0x65, 0x79, 0x22, 0x3a,
  0x22, 0x41, 0x74, 0x61, 0x6c, 0x68, 0x6f, 0x3a, 0x20, 0x7b, 0x63, 0x7d,
  0x22, 0x2c, 0x22, 0x70, 0x61, 0x69, 0x72, 0x53, 0x74, 0x61, 0x72, 0x74,
  0x65, 0x64, 0x22, 0x3a, 0x22, 0x50, 0x61, 0x72, 0x65, 0x61, 0x6e, 0x64,
  0x6f, 0x20, 0x70, 0x6f, 0x72, 0x20, 0x36, 0x30, 0x20, 0x73, 0x20, 0x2d,
  0x20, 0x63, 0x6f, 0x6c, 0x6f, 0x71, 0x75, 0x65, 0x20, 0x6f, 0x20, 0x63,
  0x6f, 0x6e, 0x74, 0x72, 0x6f, 0x6c, 0x65, 0x20, 0x6e, 0x6f, 0x20, 0x6d,
  0x6f, 0x64, 0x6f, 0x20, 0x64, 0x65, 0x20, 0x70, 0x61, 0x72, 0x65, 0x61,
  0x6d, 0x65, 0x6e, 0x74, 0x6f, 0x22, 0x2c, 0x22, 0x72, 0x65, 0x74, 0x72,
  0x79, 0x69, 0x6e, 0x67, 0x22, 0x3a, 0x22, 0x54, 0x65, 0x6e, 0x74, 0x61,
  0x6e, 0x64, 0x6f, 0x20, 0x6f, 0x20, 0x42, 0x6c, 0x75, 0x65, 0x74, 0x6f,
  0x6f, 0x74, 0x68, 0x20, 0x6e, 0x6f, 0x76, 0x61, 0x6d, 0x65, 0x6e, 0x74,
  0x65, 0xe2, 0x80, 0xa6, 0x22, 0x2c, 0x22, 0x6c, 0x6f, 0x67, 0x45, 0x72,
  0x72, 0x6f, 0x72, 0x22, 0x3a, 0x22, 0x4e, 0xc3, 0xa3, 0x6f, 0x20, 0x66,
  0x6f, 0x69, 0x20, 0x70, 0x6f, 0x73, 0x73, 0xc3, 0xad, 0x76, 0x65, 0x6c,
  0x20, 0x6c, 0x65, 0x72, 0x20, 0x6f, 0x20, 0x6c, 0x6f, 0x67, 0x2e, 0x22,
  0x2c, 0x22, 0x65, 0x6d, 0x70, 0x74, 0x79, 0x22, 0x3a, 0x22, 0x28, 0x76,
  0x61, 0x7a, 0x69, 0x6f, 0x29, 0x22, 0x2c, 0x22, 0x74, 0x61, 0x70, 0x53,
  0x74, 0x6f, 0x70, 0x22, 0x3a, 0x22, 0x54, 0x6f, 0x71, 0x75, 0x65, 0x20,
  0x64, 0x65, 0x20, 0x6e, 0x6f, 0x76, 0x6f, 0x20, 0x70, 0x61, 0x72, 0x61,
  0x20, 0x70, 0x61, 0x72, 0x61, 0x72, 0x22, 0x2c, 0x22, 0x73, 0x74, 0x6f,
  0x70, 0x70, 0x69, 0x6e, 0x67, 0x22, 0x3a, 0x22, 0x4f, 0x20, 0x50, 0x61,
  0x64, 0x42, 0x72, 0x69, 0x64, 0x67, 0x65, 0x20, 0x65, 0x73, 0x74, 0xc3,
  0xa1, 0x20, 0x70, 0x61, 0x72, 0x61, 0x6e, 0x64, 0x6f, 0x22, 0x2c, 0x22,
  0x73, 0x74, 0x6f, 0x70, 0x70, 0x69, 0x6e, 0x67, 0x53, 0x68, 0x6f, 0x72,
  0x74, 0x22, 0x3a, 0x22, 0x50, 0x61, 0x72, 0x61, 0x6e, 0x64, 0x6f, 0xe2,
  0x80, 0xa6, 0x22, 0x2c, 0x22, 0x6f, 0x66, 0x66, 0x6c, 0x69, 0x6e, 0x65,
  0x22, 0x3a, 0x22, 0x4f, 0x66, 0x66, 0x6c, 0x69, 0x6e, 0x65, 0x22, 0x7d,
  0x2c, 0x0a, 0x72, 0x75, 0x3a, 0x7b, 0x22, 0x6c, 0x61, 0x6e, 0x67, 0x75,
  0x61, 0x67, 0x65, 0x22, 0x3a, 0x22, 0xd0, 0xaf, 0xd0, 0xb7, 0xd1, 0x8b,
  0xd0, 0xba, 0x22, 0x2c, 0x22, 0x6c, 0x61, 0x6e, 0x67, 0x53, 0x65, 0x74,
  0x22, 0x3a, 0x22, 0xd0, 0xaf, 0xd0, 0xb7, 0xd1, 0x8b, 0xd0, 0xba, 0x3a,
  0x20, 0x7b, 0x6e, 0x61, 0x6d, 0x65, 0x7d, 0x22, 0x2c, 0x22, 0x63, 0x6f,
  0x6e, 0x6e, 0x65, 0x63, 0x74, 0x69, 0x6e, 0x67, 0x22, 0x3a, 0x22, 0xd0,
  0x9f, 0xd0, 0xbe, 0xd0, 0xb4, 0xd0, 0xba, 0xd0, 0xbb, 0xd1, 0x8e, 0xd1,
  0x87, 0xd0, 0xb5, 0xd0, 0xbd, 0xd0, 0xb8, 0xd0, 0xb5, 0xe2, 0x80, 0xa6,
  0x22, 0x2c, 0x22, 0x73, 0x74, 0x61, 0x74, 0x75, 0x73, 0x22, 0x3a, 0x22,
  0xd0, 0xa1, 0xd0, 0xbe, 0xd1, 0x81, 0xd1, 0x82, 0xd0, 0xbe, 0xd1, 0x8f,
  0xd0, 0xbd, 0xd0, 0xb8, 0xd0, 0xb5, 0x22, 0x2c, 0x22, 0x62, 0x6c, 0x75,
  0x65, 0x74, 0x6f, 0x6f, 0x74, 0x68, 0x22, 0x3a, 0x22, 0x42, 0x6c, 0x75,
  0x65, 0x74, 0x6f, 0x6f, 0x74, 0x68, 0x22, 0x2c, 0x22, 0x63, 0x6f, 0x6e,
  0x6e, 0x65, 0x63, 0x74, 0x65, 0x64, 0x22, 0x3a, 0x22, 0xd0, 0x9f, 0xd0,
  0xbe, 0xd0, 0xb4, 0xd0, 0xba, 0xd0, 0xbb, 0xd1, 0x8e, 0xd1, 0x87, 0xd0,
  0xb5, 0xd0, 0xbd, 0xd0, 0xbe, 0x22, 0x2c, 0x22, 0x70, 0x61, 0x69, 0x72,
  0x65, 0x64, 0x22, 0x3a, 0x22, 0xd0, 0xa1, 0xd0, 0xbe, 0xd0, 0xbf, 0xd1,
  0x80, 0xd1, 0x8f, 0xd0, 0xb6, 0xd0, 0xb5, 0xd0, 0xbd, 0xd0, 0xbe, 0x22,
  0x2c, 0x22, 0x74, 0x69, 0x70, 0x55, 0x73, 0x65, 0x72, 0x73, 0x22, 0x3a,
  0x22, 0xd0, 0x98, 0xd0, 0xb3, 0xd1, 0x80, 0xd0, 0xb0, 0xd0, 0xb9, 0xd1,
  0x82, 0xd0, 0xb5, 0x20, 0xd0, 0xbf, 0xd0, 0xbe, 0xd0, 0xb4, 0x20, 0xd0,
  0xbe, 0xd1, 0x81, 0xd0, 0xbd, 0xd0, 0xbe, 0xd0, 0xb2, 0xd0, 0xbd, 0xd1,
  0x8b, 0xd0, 0xbc, 0x20, 0xd0, 0xbf, 0xd0, 0xbe, 0xd0, 0xbb, 0xd1, 0x8c,
  0xd0, 0xb7, 0xd0, 0xbe, 0xd0, 0xb2, 0xd0, 0xb0, 0xd1, 0x82, 0xd0, 0xb5,
  0xd0, 0xbb, 0xd0, 0xb5, 0xd0, 0xbc, 0x20, 0xd0, 0xb8, 0x20, 0xd0, 0xbd,
  0xd0, 0xb0, 0xd0, 0xb6, 0xd0, 0xbc, 0xd0, 0xb8, 0xd1, 0x82, 0xd0, 0xb5,
  0x20, 0x7b, 0x70, 0x73, 0x7d, 0x20, 0xd0, 0xbd, 0xd0, 0xb0, 0x20, 0xd0,
  0xba, 0xd0, 0xb0, 0xd1, 0x80, 0xd1, 0x82, 0xd0, 0xbe, 0xd1, 0x87, 0xd0,
  0xba, 0xd0, 0xb5, 0x20, 0xd0, 0xb3, 0xd0, 0xb5, 0xd0, 0xb9, 0xd0, 0xbc,
  0xd0, 0xbf, 0xd0, 0xb0, 0xd0, 0xb4, 0xd0, 0xb0, 0x2c, 0x20, 0xd1, 0x87,
  0xd1, 0x82, 0xd0, 0xbe, 0xd0, 0xb1, 0xd1, 0x8b, 0x20, 0xd0, 0xbf, 0xd0,
  0xb5, 0xd1, 0x80, 0xd0, 0xb5, 0xd0, 0xb4, 0xd0, 0xb0, 0xd1, 0x82, 0xd1,
  0x8c, 0x20, 0xd0, 0xb5, 0xd0, 0xbc, 0xd1, 0x83, 0x20, 0xd1, 0x83, 0xd0,
  0xbf, 0xd1, 0x80, 0xd0, 0xb0, 0xd0, 0xb2, 0xd0, 0xbb, 0xd0, 0xb5, 0xd0,
  0xbd, 0xd0, 0xb8, 0xd0, 0xb5, 0x2e, 0x22, 0x2c, 0x22, 0x72, 0x65, 0x74,
  0x72, 0x79, 0x42, 0x74, 0x22, 0x3a, 0x22, 0xd0, 0x9f, 0xd0, 0xbe, 0xd0,
  0xb2, 0xd1, 0x82, 0xd0, 0xbe, 0xd1, 0x80, 0xd0, 0xb8, 0xd1, 0x82, 0xd1,
  0x8c, 0x20, 0x42, 0x6c, 0x75, 0x65, 0x74, 0x6f, 0x6f, 0x74, 0x68, 0x22,
  0x2c, 0x22, 0x70, 0x61, 0x69, 0x72, 0x69, 0x6e, 0x67, 0x22, 0x3a, 0x22,
  0xd0, 0xa1, 0xd0, 0xbe, 0xd0, 0xbf, 0xd1, 0x80, 0xd1, 0x8f, 0xd0, 0xb6,
  0xd0, 0xb5, 0xd0, 0xbd, 0xd0, 0xb8, 0xd0, 0xb5, 0x22, 0x2c, 0x22, 0x70,
  0x61, 0x69, 0x72, 0x49, 0x64, 0x6c, 0x65, 0x22, 0x3a, 0x22, 0xd0, 0x9d,
  0xd0, 0xb0, 0xd0, 0xb6, 0xd0, 0xbc, 0xd0, 0xb8, 0xd1, 0x82, 0xd0, 0xb5,
  0x20, 0xd0, 0xba, 0xd0, 0xbd, 0xd0, 0xbe, 0xd0, 0xbf, 0xd0, 0xba, 0xd1,
  0x83, 0x2c, 0x20, 0xd0, 0xb7, 0xd0, 0xb0, 0xd1, 0x82, 0xd0, 0xb5, 0xd0,
  0xbc, 0x20, 0xd0, 0xbf, 0xd0, 0xb5, 0xd1, 0x80, 0xd0, 0xb5, 0xd0, 0xb2,
  0xd0, 0xb5, 0xd0, 0xb4, 0xd0, 0xb8, 0xd1, 0x82, 0xd0, 0xb5, 0x20, 0xd0,
  0xb3, 0xd0, 0xb5, 0xd0, 0xb9, 0xd0, 0xbc, 0xd0, 0xbf, 0xd0, 0xb0, 0xd0,
  0xb4, 0x20, 0xd0, 0xb2, 0x20, 0xd1, 0x80, 0xd0, 0xb5, 0xd0, 0xb6, 0xd0,
  0xb8, 0xd0, 0xbc, 0x20, 0xd1, 0x81, 0xd0, 0xbe, 0xd0, 0xbf, 0xd1, 0x80,
  0xd1, 0x8f, 0xd0, 0xb6, 0xd0, 0xb5, 0xd0, 0xbd, 0xd0, 0xb8, 0xd1, 0x8f,
  0x2e, 0x20, 0xd0, 0x92, 0xd0, 0xbe, 0x20, 0xd0, 0xb2, 0xd1, 0x80, 0xd0,
  0xb5, 0xd0, 0xbc, 0xd1, 0x8f, 0x20, 0xd1, 0x81, 0xd0, 0xbe, 0xd0, 0xbf,
  0xd1, 0x80, 0xd1, 0x8f, 0xd0, 0xb6, 0xd0, 0xb5, 0xd0, 0xbd, 0xd0, 0xb8,
  0xd1, 0x8f, 0x20, 0xd0, 0xb4, 0xd0, 0xb5, 0xd1, 0x80, 0xd0, 0xb6, 0xd0,
  0xb8, 0xd1, 0x82, 0xd0, 0xb5, 0x20, 0x44, 0x75, 0x61, 0x6c, 0x53, 0x65,
  0x6e, 0x73, 0x65, 0x20, 0xd0, 0xb2, 0xd1, 0x8b, 0xd0, 0xba, 0xd0, 0xbb,
  0xd1, 0x8e, 0xd1, 0x87, 0xd0, 0xb5, 0xd0, 0xbd, 0xd0, 0xbd, 0xd1, 0x8b,
  0xd0, 0xbc, 0x2e, 0x22, 0x2c, 0x22, 0x70, 0x61, 0x69, 0x72, 0x42, 0x74,
  0x6e, 0x22, 0x3a, 0x22, 0xd0, 0xa1, 0xd0, 0xbe, 0xd0, 0xbf, 0xd1, 0x80,
  0xd1, 0x8f, 0xd1, 0x87, 0xd1, 0x8c, 0x20, 0xd0, 0xb3, 0xd0, 0xb5, 0xd0,
  0xb9, 0xd0, 0xbc, 0xd0, 0xbf, 0xd0, 0xb0, 0xd0, 0xb4, 0x20, 0x28, 0x36,
  0x30, 0x20, 0xd1, 0x81, 0x29, 0x22, 0x2c, 0x22, 0x63, 0x6f, 0x6e, 0x6e,
  0x65, 0x63, 0x74, 0x65, 0x64, 0x54, 0x69, 0x74, 0x6c, 0x65, 0x22, 0x3a,
  0x22, 0xd0, 0x9f, 0xd0, 0xbe, 0xd0, 0xb4, 0xd0, 0xba, 0xd0, 0xbb, 0xd1,
  0x8e, 0xd1, 0x87, 0xd1, 0x91, 0xd0, 0xbd, 0xd0, 0xbd, 0xd1, 0x8b, 0xd0,
  0xb5, 0x20, 0xd0, 0xb3, 0xd0, 0xb5, 0xd0, 0xb9, 0xd0, 0xbc, 0xd0, 0xbf,
  0xd0, 0xb0, 0xd0, 0xb4, 0xd1, 0x8b, 0x22, 0x2c, 0x22, 0x75, 0x70, 0x54,
  0x6f, 0x34, 0x22, 0x3a, 0x22, 0xd0, 0x94, 0xd0, 0xbe, 0x20, 0x34, 0x22,
  0x2c, 0x22, 0x70, 0x61, 0x69, 0x72, 0x65, 0x64, 0x54, 0x69, 0x74, 0x6c,
  0x65, 0x22, 0x3a, 0x22, 0xd0, 0xa1, 0xd0, 0xbe, 0xd0, 0xbf, 0xd1, 0x80,
  0xd1, 0x8f, 0xd0, 0xb6, 0xd1, 0x91, 0xd0, 0xbd, 0xd0, 0xbd, 0xd1, 0x8b,
  0xd0, 0xb5, 0x20, 0xd0, 0xb3, 0xd0, 0xb5, 0xd0, 0xb9, 0xd0, 0xbc, 0xd0,
  0xbf, 0xd0, 0xb0, 0xd0, 0xb4, 0xd1, 0x8b, 0x22, 0x2c, 0x22, 0x73, 0x77,
  0x69, 0x74, 0x63, 0x68, 0x4f, 0x6e, 0x22, 0x3a, 0x22, 0xd0, 0x92, 0xd0,
  0xba, 0xd0, 0xbb, 0xd1, 0x8e, 0xd1, 0x87, 0xd0, 0xb8, 0xd1, 0x82, 0xd0,
  0xb5, 0x20, 0xd0, 0xbe, 0xd0, 0xb4, 0xd0, 0xb8, 0xd0, 0xbd, 0x2c, 0x20,
  0xd1, 0x87, 0xd1, 0x82, 0xd0, 0xbe, 0xd0, 0xb1, 0xd1, 0x8b, 0x20, 0xd0,
  0xbf, 0xd0, 0xbe, 0xd0, 0xb4, 0xd0, 0xba, 0xd0, 0xbb, 0xd1, 0x8e, 0xd1,
  0x87, 0xd0, 0xb8, 0xd1, 0x82, 0xd1, 0x8c, 0x22, 0x2c, 0x22, 0x6c, 0x6f,
  0x67, 0x22, 0x3a, 0x22, 0xd0, 0x96, 0xd1, 0x83, 0xd1, 0x80, 0xd0, 0xbd,
  0xd0, 0xb0, 0xd0, 0xbb, 0x22, 0x2c, 0x22, 0x73, 0x68, 0x6f, 0x77, 0x22,
  0x3a, 0x22, 0xd0, 0x9f, 0xd0, 0xbe, 0xd0, 0xba, 0xd0, 0xb0, 0xd0, 0xb7,
  0xd0, 0xb0, 0xd1, 0x82, 0xd1, 0x8c, 0x22, 0x2c, 0x22, 0x68, 0x69, 0x64,
  0x65, 0x22, 0x3a, 0x22, 0xd0, 0xa1, 0xd0, 0xba, 0xd1, 0x80, 0xd1, 0x8b,
  0xd1, 0x82, 0xd1, 0x8c, 0x22, 0x2c, 0x22, 0x6c, 0x6f, 0x61, 0x64, 0x69,
  0x6e, 0x67, 0x22, 0x3a, 0x22, 0xd0, 0x97, 0xd0, 0xb0, 0xd0, 0xb3, 0xd1,
  0x80, 0xd1, 0x83, 0xd0, 0xb7, 0xd0, 0xba, 0xd0, 0xb0, 0xe2, 0x80, 0xa6,
  0x22, 0x2c, 0x22, 0x72, 0x65, 0x66, 0x72, 0x65, 0x73, 0x68, 0x22, 0x3a,
  0x22, 0xd0, 0x9e, 0xd0, 0xb1, 0xd0, 0xbd, 0xd0, 0xbe, 0xd0, 0xb2, 0xd0,
  0xb8, 0xd1, 0x82, 0xd1, 0x8c, 0x22, 0x2c, 0x22, 0x66, 0x6f, 0x6f, 0x74,
  0x65, 0x72, 0x22, 0x3a, 0x22, 0xd0, 0x95, 0xd1, 0x81, 0xd0, 0xbb, 0xd0,
  0xb8, 0x20, 0xd0, 0xb7, 0xd0, 0xb0, 0xd0, 0xba, 0xd1, 0x80, 0xd1, 0x8b,
  0xd1, 0x82, 0xd1, 0x8c, 0x20, 0xd1, 0x8d, 0xd1, 0x82, 0xd1, 0x83, 0x20,
  0xd1, 0x81, 0xd1, 0x82, 0xd1, 0x80, 0xd0, 0xb0, 0xd0, 0xbd, 0xd0, 0xb8,
  0xd1, 0x86, 0xd1, 0x83, 0x2c, 0x20, 0x50, 0x61, 0x64, 0x42, 0x72, 0x69,
  0x64, 0x67, 0x65, 0x20, 0xd0, 0xbf, 0xd1, 0x80, 0xd0, 0xbe, 0xd0, 0xb4,
  0xd0, 0xbe, 0xd0, 0xbb, 0xd0, 0xb6, 0xd0, 0xb8, 0xd1, 0x82, 0x20, 0xd1,
  0x80, 0xd0, 0xb0, 0xd0, 0xb1, 0xd0, 0xbe, 0xd1, 0x82, 0xd0, 0xb0, 0xd1,
  0x82, 0xd1, 0x8c, 0x2e, 0x20, 0xd0, 0x9e, 0xd1, 0x81, 0xd1, 0x82, 0xd0,
  0xb0, 0xd0, 0xbd, 0xd0, 0xbe, 0xd0, 0xb2, 0xd0, 0xb8, 0xd1, 0x82, 0xd0,
  0xb5, 0x20, 0xd0, 0xb5, 0xd0, 0xb3, 0xd0, 0xbe, 0x20, 0xd0, 0xbf, 0xd0,
  0xb5, 0xd1, 0x80, 0xd0, 0xb5, 0xd0, 0xb4, 0x20, 0xd0, 0xbf, 0xd0, 0xbe,
  0xd0, 0xb2, 0xd1, 0x82, 0xd0, 0xbe, 0xd1, 0x80, 0xd0, 0xbd, 0xd0, 0xbe,
  0xd0, 0xb9, 0x20, 0xd0, 0xb7, 0xd0, 0xb0, 0xd0, 0xb3, 0xd1, 0x80, 0xd1,
  0x83, 0xd0, 0xb7, 0xd0, 0xba, 0xd0, 0xbe, 0xd0, 0xb9, 0x20, 0x45, 0x4c,
  0x46, 0x3a, 0x20, 0xd0, 0xb3, 0xd0, 0xb5, 0xd0, 0xb9, 0xd0, 0xbc, 0xd0,
  0xbf, 0xd0, 0xb0, 0xd0, 0xb4, 0xd1, 0x8b, 0x20, 0xd0, 0xbe, 0xd1, 0x82,
  0xd0, 0xba, 0xd0, 0xbb, 0xd1, 0x8e, 0xd1, 0x87, 0xd0, 0xb0, 0xd1, 0x82,
  0xd1, 0x81, 0xd1, 0x8f, 0x2c, 0x20, 0xd0, 0xb0, 0x20, 0x42, 0x6c, 0x75,
  0x65, 0x74, 0x6f, 0x6f, 0x74, 0x68, 0x20, 0xd0, 0xbe, 0xd1, 0x81, 0xd1,
  0x82, 0xd0, 0xb0, 0xd0, 0xbd, 0xd0, 0xb5, 0xd1, 0x82, 0xd1, 0x81, 0xd1,
  0x8f, 0x20, 0xd0, 0xb2, 0x20, 0xd0, 0xbf, 0xd1, 0x80, 0xd0, 0xb5, 0xd0,
  0xb6, 0xd0, 0xbd, 0xd0, 0xb5, 0xd0, 0xbc, 0x20, 0xd1, 0x81, 0xd0, 0xbe,
  0xd1, 0x81, 0xd1, 0x82, 0xd0, 0xbe, 0xd1, 0x8f, 0xd0, 0xbd, 0xd0, 0xb8,
  0xd0, 0xb8, 0x2e, 0x22, 0x2c, 0x22, 0x73, 0x74, 0x6f, 0x70, 0x42, 0x74,
  0x6e, 0x22, 0x3a, 0x22, 0xd0, 0x9e, 0xd1, 0x81, 0xd1, 0x82, 0xd0, 0xb0,
  0xd0, 0xbd, 0xd0, 0xbe, 0xd0, 0xb2, 0xd0, 0xb8, 0xd1, 0x82, 0xd1, 0x8c,
  0x20, 0x50, 0x61, 0x64, 0x42, 0x72, 0x69, 0x64, 0x67, 0x65, 0x20, 0x28,
  0xd0, 0xb4, 0xd0, 0xbb, 0xd1, 0x8f, 0x20, 0xd0, 0xbe, 0xd0, 0xbf, 0xd1,
  0x8b, 0xd1, 0x82, 0xd0, 0xbd, 0xd1, 0x8b, 0xd1, 0x85, 0x29, 0x22, 0x2c,
  0x22, 0x70, 0x72, 0x65, 0x73, 0x73, 0x50, 0x73, 0x22, 0x3a, 0x22, 0xd0,
  0x9d, 0xd0, 0xb0, 0xd0, 0xb6, 0xd0, 0xb0, 0xd1, 0x82, 0xd1, 0x8c, 0x20,
  0x50, 0x53, 0x22, 0x2c, 0x22, 0x72, 0x75, 0x6d, 0x62, 0x6c, 0x65, 0x22,
  0x3a, 0x22, 0xd0, 0x92, 0xd0, 0xb8, 0xd0, 0xb1, 0xd1, 0x80, 0xd0, 0xb0,
  0xd1, 0x86, 0xd0, 0xb8, 0xd1, 0x8f, 0x22, 0x2c, 0x22, 0x66, 0x6f, 0x72,
  0x67, 0x65, 0x74, 0x22, 0x3a, 0x22, 0xd0, 0x97, 0xd0, 0xb0, 0xd0, 0xb1,
  0xd1, 0x8b, 0xd1, 0x82, 0xd1, 0x8c, 0x22, 0x2c, 0x22, 0x70, 0x73, 0x54,
  0x69, 0x74, 0x6c, 0x65, 0x22, 0x3a, 0x22, 0xd0, 0x9a, 0xd0, 0xb0, 0xd0,
  0xba, 0x20, 0xd1, 0x83, 0xd0, 0xb4, 0xd0, 0xb5, 0xd1, 0x80, 0xd0, 0xb6,
  0xd0, 0xb0, 0xd0, 0xbd, 0xd0, 0xb8, 0xd0, 0xb5, 0x20, 0x50, 0x53, 0x3a,
  0x20, 0xd0, 0xbf, 0xd0, 0xb5, 0xd1, 0x80, 0xd0, 0xb5, 0xd0, 0xb4, 0xd0,
  0xb0, 0xd1, 0x91, 0xd1, 0x82, 0x20, 0xd1, 0x8d, 0xd1, 0x82, 0xd0, 0xbe,
  0xd0, 0xbc, 0xd1, 0x83, 0x20, 0xd0, 0xb3, 0xd0, 0xb5, 0xd0, 0xb9, 0xd0,
  0xbc, 0xd0, 0xbf, 0xd0, 0xb0, 0xd0, 0xb4, 0xd1, 0x83, 0x20, 0xd1, 0x83,
  0xd0, 0xbf, 0xd1, 0x80, 0xd0, 0xb0, 0xd0, 0xb2, 0xd0, 0xbb, 0xd0, 0xb5,
  0xd0, 0xbd, 0xd0, 0xb8, 0xd0, 0xb5, 0x20, 0xd0, 0xba, 0xd0, 0xbe, 0xd0,
  0xbd, 0xd1, 0x81, 0xd0, 0xbe, 0xd0, 0xbb, 0xd1, 0x8c, 0xd1, 0x8e, 0x22,
  0x2c, 0x22, 0x72, 0x75, 0x6d, 0x62, 0x6c, 0x65, 0x54, 0x69, 0x74, 0x6c,
  0x65, 0x22, 0x3a, 0x22, 0xd0, 0x92, 0xd0, 0xba, 0xd0, 0xbb, 0xd1, 0x8e,
  0xd1, 0x87, 0xd0, 0xb0, 0xd0, 0xb5, 0xd1, 0x82, 0x20, 0xd0, 0xb2, 0xd0,
  0xb8, 0xd0, 0xb1, 0xd1, 0x80, 0xd0, 0xb0, 0xd1, 0x86, 0xd0, 0xb8, 0xd1,
  0x8e, 0x20, 0xd1, 0x8d, 0xd1, 0x82, 0xd0, 0xbe, 0xd0, 0xb3, 0xd0, 0xbe,
  0x20, 0xd0, 0xb3, 0xd0, 0xb5, 0xd0, 0xb9, 0xd0, 0xbc, 0xd0, 0xbf, 0xd0,
  0xb0, 0xd0, 0xb4, 0xd0, 0xb0, 0x20, 0xd0, 0xbd, 0xd0, 0xb0, 0x20, 0xd0,
  0xbf, 0xd0, 0xbe, 0xd0, 0xbb, 0xd1, 0x81, 0xd0, 0xb5, 0xd0, 0xba, 0xd1,
  0x83, 0xd0, 0xbd, 0xd0, 0xb4, 0xd1, 0x8b, 0x22, 0x2c, 0x22, 0x70, 0x73,
  0x44, 0x6f, 0x6e, 0x65, 0x22, 0x3a, 0x22, 0x50, 0x53, 0x20, 0xd0, 0xbd,
  0xd0, 0xb0, 0xd0, 0xb6, 0xd0, 0xb0, 0xd1, 0x82, 0xd0, 0xb0, 0x20, 0xd0,
  0xbd, 0xd0, 0xb0, 0x20, 0x50, 0x7b, 0x6e, 0x7d, 0x22, 0x2c, 0x22, 0x72,
  0x75, 0x6d, 0x62, 0x6c, 0x65, 0x44, 0x6f, 0x6e, 0x65, 0x22, 0x3a, 0x22,
  0xd0, 0x92, 0xd0, 0xb8, 0xd0, 0xb1, 0xd1, 0x80, 0xd0, 0xb0, 0xd1, 0x86,
  0xd0, 0xb8, 0xd1, 0x8f, 0x20, 0xd0, 0xbe, 0xd1, 0x82, 0xd0, 0xbf, 0xd1,
  0x80, 0xd0, 0xb0, 0xd0, 0xb2, 0xd0, 0xbb, 0xd0, 0xb5, 0xd0, 0xbd, 0xd0,
  0xb0, 0x20, 0xd0, 0xbd, 0xd0, 0xb0, 0x20, 0x50, 0x7b, 0x6e, 0x7d, 0x22,
  0x2c, 0x22, 0x6e, 0x6f, 0x52, 0x75, 0x6d, 0x62, 0x6c, 0x65, 0x22, 0x3a,
  0x22, 0xd0, 0xad, 0xd1, 0x82, 0xd0, 0xbe, 0xd1, 0x82, 0x20, 0xd0, 0xb3,
  0xd0, 0xb5, 0xd0, 0xb9, 0xd0, 0xbc, 0xd0, 0xbf, 0xd0, 0xb0, 0xd0, 0xb4,
  0x20, 0xd0, 0xbd, 0xd0, 0xb5, 0x20, 0xd0, 0xbf, 0xd0, 0xbe, 0xd0, 0xb4,
  0xd0, 0xb4, 0xd0, 0xb5, 0xd1, 0x80, 0xd0, 0xb6, 0xd0, 0xb8, 0xd0, 0xb2,
  0xd0, 0xb0, 0xd0, 0xb5, 0xd1, 0x82, 0x20, 0xd0, 0xb2, 0xd0, 0xb8, 0xd0,
  0xb1, 0xd1, 0x80, 0xd0, 0xb0, 0xd1, 0x86, 0xd0, 0xb8, 0xd1, 0x8e, 0x22,
  0x2c, 0x22, 0x73, 0x75, 0x72, 0x65, 0x22, 0x3a, 0x22, 0xd0, 0xa2, 0xd0,
  0xbe, 0xd1, 0x87, 0xd0, 0xbd, 0xd0, 0xbe, 0x3f, 0x22, 0x2c, 0x22, 0x66,
  0x6f, 0x72, 0x67, 0x6f, 0x74, 0x74, 0x65, 0x6e, 0x22, 0x3a, 0x22, 0xd0,
  0x97, 0xd0, 0xb0, 0xd0, 0xb1, 0xd1, 0x8b, 0xd1, 0x82, 0x20, 0x2d, 0x20,
  0xd0, 0xb2, 0xd1, 0x8b, 0xd0, 0xbf, 0xd0, 0xbe, 0xd0, 0xbb, 0xd0, 0xbd,
  0xd0, 0xb8, 0xd1, 0x82, 0xd0, 0xb5, 0x20, 0xd1, 0x81, 0xd0, 0xbe, 0xd0,
  0xbf, 0xd1, 0x80, 0xd1, 0x8f, 0xd0, 0xb6, 0xd0, 0xb5, 0xd0, 0xbd, 0xd0,
  0xb8, 0xd0, 0xb5, 0x20, 0xd1, 0x81, 0xd0, 0xbd, 0xd0, 0xbe, 0xd0, 0xb2,
  0xd0, 0xb0, 0x2c, 0x20, 0xd1, 0x87, 0xd1, 0x82, 0xd0, 0xbe, 0xd0, 0xb1,
  0xd1, 0x8b, 0x20, 0xd0, 0xb8, 0xd1, 0x81, 0xd0, 0xbf, 0xd0, 0xbe, 0xd0,
  0xbb, 0xd1, 0x8c, 0xd0, 0xb7, 0xd0, 0xbe, 0xd0, 0xb2, 0xd0, 0xb0, 0xd1,
  0x82, 0xd1, 0x8c, 0x22, 0x2c, 0x22, 0x66, 0x61, 0x69, 0x6c, 0x65, 0x64,
  0x22, 0x3a, 0x22, 0xd0, 0x9d, 0xd0, 0xb5, 0x20, 0xd0, 0xbf, 0xd0, 0xbe,
  0xd0, 0xbb, 0xd1, 0x83, 0xd1, 0x87, 0xd0, 0xb8, 0xd0, 0xbb, 0xd0, 0xbe,
  0xd1, 0x81, 0xd1, 0x8c, 0x22, 0x2c, 0x22, 0x62, 0x61, 0x74, 0x74, 0x65,
  0x72, 0x79, 0x22, 0x3a, 0x22, 0xd0, 0x91, 0xd0, 0xb0, 0xd1, 0x82, 0xd0,
  0xb0, 0xd1, 0x80, 0xd0, 0xb5, 0xd1, 0x8f, 0x20, 0x7b, 0x6e, 0x7d, 0x25,
  0x22, 0x2c, 0x22, 0x63, 0x68, 0x61, 0x72, 0x67, 0x69, 0x6e, 0x67, 0x22,
  0x3a, 0x22, 0xd0, 0xb7, 0xd0, 0xb0, 0xd1, 0x80, 0xd1, 0x8f, 0xd0, 0xb6,
  0xd0, 0xb0, 0xd0, 0xb5, 0xd1, 0x82, 0xd1, 0x81, 0xd1, 0x8f, 0x22, 0x2c,
  0x22, 0x6e, 0x6f, 0x42, 0x61, 0x74, 0x74, 0x65, 0x72, 0x79, 0x22, 0x3a,
  0x22, 0xd0, 0x97, 0xd0, 0xb0, 0xd1, 0x80, 0xd1, 0x8f, 0xd0, 0xb4, 0x20,
  0xd0, 0xbd, 0xd0, 0xb5, 0x20, 0xd1, 0x81, 0xd0, 0xbe, 0xd0, 0xbe, 0xd0,
  0xb1, 0xd1, 0x89, 0xd0, 0xb0, 0xd0, 0xb5, 0xd1, 0x82, 0xd1, 0x81, 0xd1,
  0x8f, 0x22, 0x2c, 0x22, 0x6e, 0x6f, 0x50, 0x61, 0x64, 0x73, 0x22, 0x3a,
  0x22, 0xd0, 0x9d, 0xd0, 0xb5, 0xd1, 0x82, 0x20, 0xd0, 0xbf, 0xd0, 0xbe,
  0xd0, 0xb4, 0xd0, 0xba, 0xd0, 0xbb, 0xd1, 0x8e, 0xd1, 0x87, 0xd1, 0x91,
  0xd0, 0xbd, 0xd0, 0xbd, 0xd1, 0x8b, 0xd1, 0x85, 0x20, 0xd0, 0xb3, 0xd0,
  0xb5, 0xd0, 0xb9, 0xd0, 0xbc, 0xd0, 0xbf, 0xd0, 0xb0, 0xd0, 0xb4, 0xd0,
  0xbe, 0xd0, 0xb2, 0x2e, 0x20, 0xd0, 0x92, 0xd0, 0xba, 0xd0, 0xbb, 0xd1,
  0x8e, 0xd1, 0x87, 0xd0, 0xb8, 0xd1, 0x82, 0xd0, 0xb5, 0x20, 0xd1, 0x81,
  0xd0, 0xbe, 0xd0, 0xbf, 0xd1, 0x80, 0xd1, 0x8f, 0xd0, 0xb6, 0xd1, 0x91,
  0xd0, 0xbd, 0xd0, 0xbd, 0xd1, 0x8b, 0xd0, 0xb9, 0x20, 0xd0, 0xb8, 0xd0,
  0xbb, 0xd0, 0xb8, 0x20, 0xd0, 0xb2, 0xd1, 0x8b, 0xd0, 0xbf, 0xd0, 0xbe,
  0xd0, 0xbb, 0xd0, 0xbd, 0xd0, 0xb8, 0xd1, 0x82, 0xd0, 0xb5, 0x20, 0xd1,
  0x81, 0xd0, 0xbe, 0xd0, 0xbf, 0xd1, 0x80, 0xd1, 0x8f, 0xd0, 0xb6, 0xd0,
  0xb5, 0xd0, 0xbd, 0xd0, 0xb8, 0xd0, 0xb5, 0x20, 0xd0, 0xbd, 0xd0, 0xbe,
  0xd0, 0xb2, 0xd0, 0xbe, 0xd0, 0xb3, 0xd0, 0xbe, 0x2e, 0x22, 0x2c, 0x22,
  0x6e, 0x6f, 0x74, 0x68, 0x69, 0x6e, 0x67, 0x50, 0x61, 0x69, 0x72, 0x65,
  0x64, 0x22, 0x3a, 0x22, 0xd0, 0x9f, 0xd0, 0xbe, 0xd0, 0xba, 0xd0, 0xb0,
  0x20, 0xd0, 0xbd, 0xd0, 0xb8, 0xd1, 0x87, 0xd0, 0xb5, 0xd0, 0xb3, 0xd0,
  0xbe, 0x20, 0xd0, 0xbd, 0xd0, 0xb5, 0x20, 0xd1, 0x81, 0xd0, 0xbe, 0xd0,
  0xbf, 0xd1, 0x80, 0xd1, 0x8f, 0xd0, 0xb6, 0xd0, 0xb5, 0xd0, 0xbd, 0xd0,
  0xbe, 0x2e, 0x22, 0x2c, 0x22, 0x6f, 0x66, 0x66, 0x6c, 0x69, 0x6e, 0x65,
  0x50, 0x61, 0x64, 0x22, 0x3a, 0x22, 0xd0, 0xa1, 0xd0, 0xbe, 0xd0, 0xbf,
  0xd1, 0x80, 0xd1, 0x8f, 0xd0, 0xb6, 0xd1, 0x91, 0xd0, 0xbd, 0xd0, 0xbd,
  0xd1, 0x8b, 0xd0, 0xb9, 0x20, 0xd0, 0xb3, 0xd0, 0xb5, 0xd0, 0xb9, 0xd0,
  0xbc, 0xd0, 0xbf, 0xd0, 0xb0, 0xd0, 0xb4, 0x20, 0xc2, 0xb7, 0x20, 0xd0,
  0xbd, 0xd0, 0xb5, 0x20, 0xd0, 0xb2, 0x20, 0xd1, 0x81, 0xd0, 0xb5, 0xd1,
  0x82, 0xd0, 0xb8, 0x22, 0x2c, 0x22, 0x75, 0x6e, 0x6b, 0x6e, 0x6f, 0x77,
  0x6e, 0x49, 0x64, 0x22, 0x3a, 0x22, 0xd0, 0xbd, 0xd0, 0xb5, 0xd0, 0xb8,
  0xd0, 0xb7, 0xd0, 0xb2, 0xd0, 0xb5, 0xd1, 0x81, 0xd1, 0x82, 0xd0, 0xbd,
  0xd1, 0x8b, 0xd0, 0xb9, 0x20, 0x69, 0x64, 0x22, 0x2c, 0x22, 0x70, 0x61,
  0x69, 0x72, 0x69, 0x6e, 0x67, 0x4e, 0x6f, 0x77, 0x22, 0x3a, 0x22, 0xd0,
  0xa1, 0xd0, 0xbe, 0xd0, 0xbf, 0xd1, 0x80, 0xd1, 0x8f, 0xd0, 0xb6, 0xd0,
  0xb5, 0xd0, 0xbd, 0xd0, 0xb8, 0xd0, 0xb5, 0xe2, 0x80, 0xa6, 0x22, 0x2c,
  0x22, 0x72, 0x75, 0x6e, 0x6e, 0x69, 0x6e, 0x67, 0x22, 0x3a, 0x22, 0xd0,
  0xa0, 0xd0, 0xb0, 0xd0, 0xb1, 0xd0, 0xbe, 0xd1, 0x82, 0xd0, 0xb0, 0xd0,
  0xb5, 0xd1, 0x82, 0x22, 0x2c, 0x22, 0x6e, 0x6f, 0x42, 0x74, 0x22, 0x3a,
  0x22, 0xd0, 0x9d, 0xd0, 0xb5, 0xd1, 0x82, 0x20, 0x42, 0x6c, 0x75, 0x65,
  0x74, 0x6f, 0x6f, 0x74, 0x68, 0x22, 0x2c, 0x22, 0x73, 0x74, 0x61, 0x72,
  0x74, 0x69, 0x6e, 0x67, 0x42, 0x74, 0x22, 0x3a, 0x22, 0xd0, 0x97, 0xd0,
  0xb0, 0xd0, 0xbf, 0xd1, 0x83, 0xd1, 0x81, 0xd0, 0xba, 0x20, 0x42, 0x6c,
  0x75, 0x65, 0x74, 0x6f, 0x6f, 0x74, 0x68, 0xe2, 0x80, 0xa6, 0x22, 0x2c,
  0x22, 0x72, 0x65, 0x61, 0x64, 0x79, 0x22, 0x3a, 0x22, 0xd0, 0x93, 0xd0,
  0xbe, 0xd1, 0x82, 0xd0, 0xbe, 0xd0, 0xb2, 0x22, 0x2c, 0x22, 0x66, 0x61,
  0x69, 0x6c, 0x65, 0x64, 0x42, 0x74, 0x22, 0x3a, 0x22, 0xd0, 0x9e, 0xd1,
  0x88, 0xd0, 0xb8, 0xd0, 0xb1, 0xd0, 0xba, 0xd0, 0xb0, 0x22, 0x2c, 0x22,
  0x73, 0x74, 0x61, 0x72, 0x74, 0x69, 0x6e, 0x67, 0x22, 0x3a, 0x22, 0xd0,
  0x97, 0xd0, 0xb0, 0xd0, 0xbf, 0xd1, 0x83, 0xd1, 0x81, 0xd0, 0xba, 0x22,
  0x2c, 0x22, 0x72, 0x4e, 0x6f, 0x63, 0x68, 0x69, 0x70, 0x22, 0x3a, 0x22,
  0xd0, 0xa7, 0xd0, 0xb8, 0xd0, 0xbf, 0x20, 0x42, 0x6c, 0x75, 0x65, 0x74,
  0x6f, 0x6f, 0x74, 0x68, 0x20, 0xd0, 0xbd, 0xd0, 0xb5, 0x20, 0xd0, 0xbe,
  0xd1, 0x82, 0xd0, 0xb2, 0xd0, 0xb5, 0xd1, 0x87, 0xd0, 0xb0, 0xd0, 0xb5,
  0xd1, 0x82, 0x2e, 0x20, 0xd0, 0x9f, 0xd0, 0xbe, 0xd0, 0xb4, 0xd1, 0x80,
  0xd0, 0xbe, 0xd0, 0xb1, 0xd0, 0xbd, 0xd0, 0xbe, 0xd1, 0x81, 0xd1, 0x82,
  0xd0, 0xb8, 0x20, 0xd0, 0xb2, 0x20, 0xd0, 0xb6, 0xd1, 0x83, 0xd1, 0x80,
  0xd0, 0xbd, 0xd0, 0xb0, 0xd0, 0xbb, 0xd0, 0xb5, 0x20, 0x28, 0xd1, 0x81,
  0xd1, 0x82, 0xd1, 0x80, 0xd0, 0xbe, 0xd0, 0xba, 0xd0, 0xb8, 0x20, 0xc2,
  0xab, 0x64, 0x69, 0x61, 0x67, 0xc2, 0xbb, 0x29, 0x2e, 0x22, 0x2c, 0x22,
  0x72, 0x4c, 0x6f, 0x73, 0x74, 0x22, 0x3a, 0x22, 0xd0, 0xa1, 0xd0, 0xb2,
  0xd1, 0x8f, 0xd0, 0xb7, 0xd1, 0x8c, 0x20, 0x42, 0x6c, 0x75, 0x65, 0x74,
  0x6f, 0x6f, 0x74, 0x68, 0x20, 0xd0, 0xbf, 0xd0, 0xbe, 0xd1, 0x82, 0xd0,
  0xb5, 0xd1, 0x80, 0xd1, 0x8f, 0xd0, 0xbd, 0xd0, 0xb0, 0x2e, 0x20, 0xd0,
  0x9d, 0xd0, 0xb0, 0xd0, 0xb6, 0xd0, 0xbc, 0xd0, 0xb8, 0xd1, 0x82, 0xd0,
  0xb5, 0x20, 0xc2, 0xab, 0xd0, 0x9f, 0xd0, 0xbe, 0xd0, 0xb2, 0xd1, 0x82,
  0xd0, 0xbe, 0xd1, 0x80, 0xd0, 0xb8, 0xd1, 0x82, 0xd1, 0x8c, 0x20, 0x42,
  0x6c, 0x75, 0x65, 0x74, 0x6f, 0x6f, 0x74, 0x68, 0xc2, 0xbb, 0x2e, 0x22,
  0x2c, 0x22, 0x72, 0x4e, 0x6f, 0x76, 0x70, 0x61, 0x64, 0x22, 0x3a, 0x22,
  0xd0, 0x9d, 0xd0, 0xb0, 0x20, 0xd1, 0x8d, 0xd1, 0x82, 0xd0, 0xbe, 0xd0,
  0xb9, 0x20, 0xd1, 0x81, 0xd0, 0xb8, 0xd1, 0x81, 0xd1, 0x82, 0xd0, 0xb5,
  0xd0, 0xbc, 0xd0, 0xb5, 0x20, 0xd0, 0xbd, 0xd0, 0xb5, 0xd0, 0xbb, 0xd1,
  0x8c, 0xd0, 0xb7, 0xd1, 0x8f, 0x20, 0xd1, 0x81, 0xd0, 0xbe, 0xd0, 0xb7,
  0xd0, 0xb4, 0xd0, 0xb0, 0xd1, 0x82, 0xd1, 0x8c, 0x20, 0xd0, 0xb2, 0xd0,
  0xb8, 0xd1, 0x80, 0xd1, 0x82, 0xd1, 0x83, 0xd0, 0xb0, 0xd0, 0xbb, 0xd1,
  0x8c, 0xd0, 0xbd, 0xd1, 0x8b, 0xd0, 0xb5, 0x20, 0xd0, 0xb3, 0xd0, 0xb5,
  0xd0, 0xb9, 0xd0, 0xbc, 0xd0, 0xbf, 0xd0, 0xb0, 0xd0, 0xb4, 0xd1, 0x8b,
  0x20, 0x28, 0xd1, 0x81, 0xd0, 0xbc, 0x2e, 0x20, 0xd0, 0xb6, 0xd1, 0x83,
  0xd1, 0x80, 0xd0, 0xbd, 0xd0, 0xb0, 0xd0, 0xbb, 0x29, 0x2e, 0x20, 0x42,
  0x6c, 0x75, 0x65, 0x74, 0x6f, 0x6f, 0x74, 0x68, 0x20, 0xd0, 0xbd, 0xd0,
  0xb5, 0x20, 0xd0, 0xb7, 0xd0, 0xb0, 0xd1, 0x82, 0xd1, 0x80, 0xd0, 0xbe,
  0xd0, 0xbd, 0xd1, 0x83, 0xd1, 0x82, 0x2e, 0x22, 0x2c, 0x22, 0x73, 0x65,
  0x61, 0x72, 0x63, 0x68, 0x69, 0x6e, 0x67, 0x22, 0x3a, 0x22, 0xd0, 0x9f,
  0xd0, 0xbe, 0xd0, 0xb8, 0xd1, 0x81, 0xd0, 0xba, 0xe2, 0x80, 0xa6, 0x20,
  0xd0, 0xbe, 0xd1, 0x81, 0xd1, 0x82, 0xd0, 0xb0, 0xd0, 0xbb, 0xd0, 0xbe,
  0xd1, 0x81, 0xd1, 0x8c, 0x20, 0x7b, 0x6e, 0x7d, 0x20, 0xd1, 0x81, 0x2e,
  0x20, 0xd0, 0x9f, 0xd0, 0xb5, 0xd1, 0x80, 0xd0, 0xb5, 0xd0, 0xb2, 0xd0,
  0xb5, 0xd0, 0xb4, 0xd0, 0xb8, 0xd1, 0x82, 0xd0, 0xb5, 0x20, 0xd0, 0xb3,
  0xd0, 0xb5, 0xd0, 0xb9, 0xd0, 0xbc, 0xd0, 0xbf, 0xd0, 0xb0, 0xd0, 0xb4,
  0x20, 0xd0, 0xb2, 0x20, 0xd1, 0x80, 0xd0, 0xb5, 0xd0, 0xb6, 0xd0, 0xb8,
  0xd0, 0xbc, 0x20, 0xd1, 0x81, 0xd0, 0xbe, 0xd0, 0xbf, 0xd1, 0x80, 0xd1,
  0x8f, 0xd0, 0xb6, 0xd0, 0xb5, 0xd0, 0xbd, 0xd0, 0xb8, 0xd1, 0x8f, 0x2e,
  0x22, 0x2c, 0x22, 0x70, 0x61, 0x69, 0x72, 0x69, 0x6e, 0x67, 0x53, 0x65,
  0x63, 0x22, 0x3a, 0x22, 0xd0, 0xa1, 0xd0, 0xbe, 0xd0, 0xbf, 0xd1, 0x80,
  0xd1, 0x8f, 0xd0, 0xb6, 0xd0, 0xb5, 0xd0, 0xbd, 0xd0, 0xb8, 0xd0, 0xb5,
  0xe2, 0x80, 0xa6, 0x20, 0x7b, 0x6e, 0x7d, 0x20, 0xd1, 0x81, 0x22, 0x2c,
  0x22, 0x68, 0x6f, 0x74, 0x6b, 0x65, 0x79, 0x22, 0x3a, 0x22, 0xd0, 0xa1,
  0xd0, 0xbe, 0xd1, 0x87, 0xd0, 0xb5, 0xd1, 0x82, 0xd0, 0xb0, 0xd0, 0xbd,
  0xd0, 0xb8, 0xd0, 0xb5, 0x3a, 0x20, 0x7b, 0x63, 0x7d, 0x22, 0x2c, 0x22,
  0x70, 0x61, 0x69, 0x72, 0x53, 0x74, 0x61, 0x72, 0x74, 0x65, 0x64, 0x22,
  0x3a, 0x22, 0xd0, 0xa1, 0xd0, 0xbe, 0xd0, 0xbf, 0xd1, 0x80, 0xd1, 0x8f,
  0xd0, 0xb6, 0xd0, 0xb5, 0xd0, 0xbd, 0xd0, 0xb8, 0xd0, 0xb5, 0x20, 0x36,
  0x30, 0x20, 0xd1, 0x81, 0x20, 0x2d, 0x20, 0xd0, 0xbf, 0xd0, 0xb5, 0xd1,
  0x80, 0xd0, 0xb5, 0xd0, 0xb2, 0xd0, 0xb5, 0xd0, 0xb4, 0xd0, 0xb8, 0xd1,
  0x82, 0xd0, 0xb5, 0x20, 0xd0, 0xb3, 0xd0, 0xb5, 0xd0, 0xb9, 0xd0, 0xbc,
  0xd0, 0xbf, 0xd0, 0xb0, 0xd0, 0xb4, 0x20, 0xd0, 0xb2, 0x20, 0xd1, 0x80,
  0xd0, 0xb5, 0xd0, 0xb6, 0xd0, 0xb8, 0xd0, 0xbc, 0x20, 0xd1, 0x81, 0xd0,
  0xbe, 0xd0, 0xbf, 0xd1, 0x80, 0xd1, 0x8f, 0xd0, 0xb6, 0xd0, 0xb5, 0xd0,
  0xbd, 0xd0, 0xb8, 0xd1, 0x8f, 0x22, 0x2c, 0x22, 0x72, 0x65, 0x74, 0x72,
  0x79, 0x69, 0x6e, 0x67, 0x22, 0x3a, 0x22, 0xd0, 0x9f, 0xd0, 0xbe, 0xd0,
  0xb2, 0xd1, 0x82, 0xd0, 0xbe, 0xd1, 0x80, 0xd0, 0xbd, 0xd0, 0xb0, 0xd1,
  0x8f, 0x20, 0xd0, 0xbf, 0xd0, 0xbe, 0xd0, 0xbf, 0xd1, 0x8b, 0xd1, 0x82,
  0xd0, 0xba, 0xd0, 0xb0, 0x20, 0x42, 0x6c, 0x75, 0x65, 0x74, 0x6f, 0x6f,
  0x74, 0x68, 0xe2, 0x80, 0xa6, 0x22, 0x2c, 0x22, 0x6c, 0x6f, 0x67, 0x45,
  0x72, 0x72, 0x6f, 0x72, 0x22, 0x3a, 0x22, 0xd0, 0x9d, 0xd0, 0xb5, 0x20,
  0xd1, 0x83, 0xd0, 0xb4, 0xd0, 0xb0, 0xd0, 0xbb, 0xd0, 0xbe, 0xd1, 0x81,
  0xd1, 0x8c, 0x20, 0xd0, 0xbf, 0xd1, 0x80, 0xd0, 0xbe, 0xd1, 0x87, 0xd0,
  0xb8, 0xd1, 0x82, 0xd0, 0xb0, 0xd1, 0x82, 0xd1, 0x8c, 0x20, 0xd0, 0xb6,
  0xd1, 0x83, 0xd1, 0x80, 0xd0, 0xbd, 0xd0, 0xb0, 0xd0, 0xbb, 0x2e, 0x22,
  0x2c, 0x22, 0x65, 0x6d, 0x70, 0x74, 0x79, 0x22, 0x3a, 0x22, 0x28, 0xd0,
  0xbf, 0xd1, 0x83, 0xd1, 0x81, 0xd1, 0x82, 0xd0, 0xbe, 0x29, 0x22, 0x2c,
  0x22, 0x74, 0x61, 0x70, 0x53, 0x74, 0x6f, 0x70, 0x22, 0x3a, 0x22, 0xd0,
  0x9d, 0xd0, 0xb0, 0xd0, 0xb6, 0xd0, 0xbc, 0xd0, 0xb8, 0xd1, 0x82, 0xd0,
  0xb5, 0x20, 0xd0, 0xb5, 0xd1, 0x89, 0xd1, 0x91, 0x20, 0xd1, 0x80, 0xd0,
  0xb0, 0xd0, 0xb7, 0x20, 0xd0, 0xb4, 0xd0, 0xbb, 0xd1, 0x8f, 0x20, 0xd0,
  0xbe, 0xd1, 0x81, 0xd1, 0x82, 0xd0, 0xb0, 0xd0, 0xbd, 0xd0, 0xbe, 0xd0,
  0xb2, 0xd0, 0xba, 0xd0, 0xb8, 0x22, 0x2c, 0x22, 0x73, 0x74, 0x6f, 0x70,
  0x70, 0x69, 0x6e, 0x67, 0x22, 0x3a, 0x22, 0x50, 0x61, 0x64, 0x42, 0x72,
  0x69, 0x64, 0x67, 0x65, 0x20, 0xd0, 0xbe, 0xd1, 0x81, 0xd1, 0x82, 0xd0,
  0xb0, 0xd0, 0xbd, 0xd0, 0xb0, 0xd0, 0xb2, 0xd0, 0xbb, 0xd0, 0xb8, 0xd0,
  0xb2, 0xd0, 0xb0, 0xd0, 0xb5, 0xd1, 0x82, 0xd1, 0x81, 0xd1, 0x8f, 0x22,
  0x2c, 0x22, 0x73, 0x74, 0x6f, 0x70, 0x70, 0x69, 0x6e, 0x67, 0x53, 0x68,
  0x6f, 0x72, 0x74, 0x22, 0x3a, 0x22, 0xd0, 0x9e, 0xd1, 0x81, 0xd1, 0x82,
  0xd0, 0xb0, 0xd0, 0xbd, 0xd0, 0xbe, 0xd0, 0xb2, 0xd0, 0xba, 0xd0, 0xb0,
  0xe2, 0x80, 0xa6, 0x22, 0x2c, 0x22, 0x6f, 0x66, 0x66, 0x6c, 0x69, 0x6e,
  0x65, 0x22, 0x3a, 0x22, 0xd0, 0x9d, 0xd0, 0xb5, 0xd1, 0x82, 0x20, 0xd1,
  0x81, 0xd0, 0xb2, 0xd1, 0x8f, 0xd0, 0xb7, 0xd0, 0xb8, 0x22, 0x7d, 0x2c,
  0x0a, 0x6a, 0x61, 0x3a, 0x7b, 0x22, 0x6c, 0x61, 0x6e, 0x67, 0x75, 0x61,
  0x67, 0x65, 0x22, 0x3a, 0x22, 0xe8, 0xa8, 0x80, 0xe8, 0xaa, 0x9e, 0x22,
  0x2c, 0x22, 0x6c, 0x61, 0x6e, 0x67, 0x53, 0x65, 0x74, 0x22, 0x3a, 0x22,
  0xe8, 0xa8, 0x80, 0xe8, 0xaa, 0x9e, 0x3a, 0x20, 0x7b, 0x6e, 0x61, 0x6d,
  0x65, 0x7d, 0x22, 0x2c, 0x22, 0x63, 0x6f, 0x6e, 0x6e, 0x65, 0x63, 0x74,
  0x69, 0x6e, 0x67, 0x22, 0x3a, 0x22, 0xe6, 0x8e, 0xa5, 0xe7, 0xb6, 0x9a,
  0xe3, 0x81, 0x97, 0xe3, 0x81, 0xa6, 0xe3, 0x81, 0x84, 0xe3, 0x81, 0xbe,
  0xe3, 0x81, 0x99, 0xe2, 0x80, 0xa6, 0x22, 0x2c, 0x22, 0x73, 0x74, 0x61,
  0x74, 0x75, 0x73, 0x22, 0x3a, 0x22, 0xe3, 0x82, 0xb9, 0xe3, 0x83, 0x86,
  0xe3, 0x83, 0xbc, 0xe3, 0x82, 0xbf, 0xe3, 0x82, 0xb9, 0x22, 0x2c, 0x22,
  0x62, 0x6c, 0x75, 0x65, 0x74, 0x6f, 0x6f, 0x74, 0x68, 0x22, 0x3a, 0x22,
  0x42, 0x6c, 0x75, 0x65, 0x74, 0x6f, 0x6f, 0x74, 0x68, 0x22, 0x2c, 0x22,
  0x63, 0x6f, 0x6e, 0x6e, 0x65, 0x63, 0x74, 0x65, 0x64, 0x22, 0x3a, 0x22,
  0xe6, 0x8e, 0xa5, 0xe7, 0xb6, 0x9a, 0xe4, 0xb8, 0xad, 0x22, 0x2c, 0x22,
  0x70, 0x61, 0x69, 0x72, 0x65, 0x64, 0x22, 0x3a, 0x22, 0xe3, 0x83, 0x9a,
  0xe3, 0x82, 0xa2, 0xe3, 0x83, 0xaa, 0xe3, 0x83, 0xb3, 0xe3, 0x82, 0xb0,
  0xe6, 0xb8, 0x88, 0xe3, 0x81, 0xbf, 0x22, 0x2c, 0x22, 0x74, 0x69, 0x70,
  0x55, 0x73, 0x65, 0x72, 0x73, 0x22, 0x3a, 0x22, 0xe3, 0x83, 0xa1, 0xe3,
  0x82, 0xa4, 0xe3, 0x83, 0xb3, 0xe3, 0x83, 0xa6, 0xe3, 0x83, 0xbc, 0xe3,
  0x82, 0xb6, 0xe3, 0x83, 0xbc, 0xe3, 0x81, 0xa7, 0xe3, 0x83, 0x97, 0xe3,
  0x83, 0xac, 0xe3, 0x82, 0xa4, 0xe3, 0x81, 0x97, 0xe3, 0x80, 0x81, 0xe3,
  0x82, 0xb3, 0xe3, 0x83, 0xb3, 0xe3, 0x83, 0x88, 0xe3, 0x83, 0xad, 0xe3,
  0x83, 0xbc, 0xe3, 0x83, 0xa9, 0xe3, 0x83, 0xbc, 0xe3, 0x81, 0xae, 0xe3,
  0x82, 0xab, 0xe3, 0x83, 0xbc, 0xe3, 0x83, 0x89, 0xe3, 0x81, 0xa7, 0x20,
  0x7b, 0x70, 0x73, 0x7d, 0x20, 0xe3, 0x82, 0x92, 0xe6, 0x8a, 0xbc, 0xe3,
  0x81, 0x99, 0xe3, 0x81, 0xa8, 0xe6, 0x93, 0x8d, 0xe4, 0xbd, 0x9c, 0xe3,
  0x81, 0x8c, 0xe5, 0x88, 0x87, 0xe3, 0x82, 0x8a, 0xe6, 0x9b, 0xbf, 0xe3,
  0x82, 0x8f, 0xe3, 0x82, 0x8a, 0xe3, 0x81, 0xbe, 0xe3, 0x81, 0x99, 0xe3,
  0x80, 0x82, 0x22, 0x2c, 0x22, 0x72, 0x65, 0x74, 0x72, 0x79, 0x42, 0x74,
  0x22, 0x3a, 0x22, 0x42, 0x6c, 0x75, 0x65, 0x74, 0x6f, 0x6f, 0x74, 0x68,
  0x20, 0xe3, 0x82, 0x92, 0xe5, 0x86, 0x8d, 0xe8, 0xa9, 0xa6, 0xe8, 0xa1,
  0x8c, 0x22, 0x2c, 0x22, 0x70, 0x61, 0x69, 0x72, 0x69, 0x6e, 0x67, 0x22,
  0x3a, 0x22, 0xe3, 0x83, 0x9a, 0xe3, 0x82, 0xa2, 0xe3, 0x83, 0xaa, 0xe3,
  0x83, 0xb3, 0xe3, 0x82, 0xb0, 0x22, 0x2c, 0x22, 0x70, 0x61, 0x69, 0x72,
  0x49, 0x64, 0x6c, 0x65, 0x22, 0x3a, 0x22, 0xe3, 0x83, 0x9c, 0xe3, 0x82,
  0xbf, 0xe3, 0x83, 0xb3, 0xe3, 0x82, 0x92, 0xe6, 0x8a, 0xbc, 0xe3, 0x81,
  0x97, 0xe3, 0x81, 0xa6, 0xe3, 0x81, 0x8b, 0xe3, 0x82, 0x89, 0xe3, 0x80,
  0x81, 0xe3, 0x82, 0xb3, 0xe3, 0x83, 0xb3, 0xe3, 0x83, 0x88, 0xe3, 0x83,
  0xad, 0xe3, 0x83, 0xbc, 0xe3, 0x83, 0xa9, 0xe3, 0x83, 0xbc, 0xe3, 0x82,
  0x92, 0xe3, 0x83, 0x9a, 0xe3, 0x82, 0xa2, 0xe3, 0x83, 0xaa, 0xe3, 0x83,
  0xb3, 0xe3, 0x82, 0xb0, 0xe3, 0x83, 0xa2, 0xe3, 0x83, 0xbc, 0xe3, 0x83,
  0x89, 0xe3, 0x81, 0xab, 0xe3, 0x81, 0x97, 0xe3, 0x81, 0xa6, 0xe3, 0x81,
  0x8f, 0xe3, 0x81, 0xa0, 0xe3, 0x81, 0x95, 0xe3, 0x81, 0x84, 0xe3, 0x80,
  0x82, 0xe3, 0x83, 0x9a, 0xe3, 0x82, 0xa2, 0xe3, 0x83, 0xaa, 0xe3, 0x83,
  0xb3, 0xe3, 0x82, 0xb0, 0xe4, 0xb8, 0xad, 0xe3, 0x81, 0xaf, 0x20, 0x44,
  0x75, 0x61, 0x6c, 0x53, 0x65, 0x6e, 0x73, 0x65, 0x20, 0xe3, 0x81, 0xae,
  0xe9, 0x9b, 0xbb, 0xe6, 0xba, 0x90, 0xe3, 0x82, 0x92, 0xe5, 0x88, 0x87,
  0xe3, 0x81, 0xa3, 0xe3, 0x81, 0xa6, 0xe3, 0x81, 0x8a, 0xe3, 0x81, 0x84,
  0xe3, 0x81, 0xa6, 0xe3, 0x81, 0x8f, 0xe3, 0x81, 0xa0, 0xe3, 0x81, 0x95,
  0xe3, 0x81, 0x84, 0xe3, 0x80, 0x82, 0x22, 0x2c, 0x22, 0x70, 0x61, 0x69,
  0x72, 0x42, 0x74, 0x6e, 0x22, 0x3a, 0x22, 0xe3, 0x83, 0x9a, 0xe3, 0x82,
  0xa2, 0xe3, 0x83, 0xaa, 0xe3, 0x83, 0xb3, 0xe3, 0x82, 0xb0, 0xe9, 0x96,
  0x8b, 0xe5, 0xa7, 0x8b, 0xef, 0xbc, 0x88, 0x36, 0x30, 0x20, 0xe7, 0xa7,
  0x92, 0xef, 0xbc, 0x89, 0x22, 0x2c, 0x22, 0x63, 0x6f, 0x6e, 0x6e, 0x65,
  0x63, 0x74, 0x65, 0x64, 0x54, 0x69, 0x74, 0x6c, 0x65, 0x22, 0x3a, 0x22,
  0xe6, 0x8e, 0xa5, 0xe7, 0xb6, 0x9a, 0xe4, 0xb8, 0xad, 0xe3, 0x81, 0xae,
  0xe3, 0x82, 0xb3, 0xe3, 0x83, 0xb3, 0xe3, 0x83, 0x88, 0xe3, 0x83, 0xad,
  0xe3, 0x83, 0xbc, 0xe3, 0x83, 0xa9, 0xe3, 0x83, 0xbc, 0x22, 0x2c, 0x22,
  0x75, 0x70, 0x54, 0x6f, 0x34, 0x22, 0x3a, 0x22, 0xe6, 0x9c, 0x80, 0xe5,
  0xa4, 0xa7, 0x20, 0x34, 0x20, 0xe5, 0x8f, 0xb0, 0x22, 0x2c, 0x22, 0x70,
  0x61, 0x69, 0x72, 0x65, 0x64, 0x54, 0x69, 0x74, 0x6c, 0x65, 0x22, 0x3a,
  0x22, 0xe3, 0x83, 0x9a, 0xe3, 0x82, 0xa2, 0xe3, 0x83, 0xaa, 0xe3, 0x83,
  0xb3, 0xe3, 0x82, 0xb0, 0xe6, 0xb8, 0x88, 0xe3, 0x81, 0xbf, 0xe3, 0x81,
  0xae, 0xe3, 0x82, 0xb3, 0xe3, 0x83, 0xb3, 0xe3, 0x83, 0x88, 0xe3, 0x83,
  0xad, 0xe3, 0x83, 0xbc, 0xe3, 0x83, 0xa9, 0xe3, 0x83, 0xbc, 0x22, 0x2c,
  0x22, 0x73, 0x77, 0x69, 0x74, 0x63, 0x68, 0x4f, 0x6e, 0x22, 0x3a, 0x22,
  0xe9, 0x9b, 0xbb, 0xe6, 0xba, 0x90, 0xe3, 0x82, 0x92, 0xe5, 0x85, 0xa5,
  0xe3, 0x82, 0x8c, 0xe3, 0x82, 0x8b, 0xe3, 0x81, 0xa8, 0xe6, 0x8e, 0xa5,
  0xe7, 0xb6, 0x9a, 0xe3, 0x81, 0x95, 0xe3, 0x82, 0x8c, 0xe3, 0x81, 0xbe,
  0xe3, 0x81, 0x99, 0x22, 0x2c, 0x22, 0x6c, 0x6f, 0x67, 0x22, 0x3a, 0x22,
  0xe3, 0x83, 0xad, 0xe3, 0x82, 0xb0, 0x22, 0x2c, 0x22, 0x73, 0x68, 0x6f,
  0x77, 0x22, 0x3a, 0x22, 0xe8, 0xa1, 0xa8, 0xe7, 0xa4, 0xba, 0x22, 0x2c,
  0x22, 0x68, 0x69, 0x64, 0x65, 0x22, 0x3a, 0x22, 0xe9, 0x9a, 0xa0, 0xe3,
  0x81, 0x99, 0x22, 0x2c, 0x22, 0x6c, 0x6f, 0x61, 0x64, 0x69, 0x6e, 0x67,
  0x22, 0x3a, 0x22, 0xe8, 0xaa, 0xad, 0xe3, 0x81, 0xbf, 0xe8, 0xbe, 0xbc,
  0xe3, 0x81, 0xbf, 0xe4, 0xb8, 0xad, 0xe2, 0x80, 0xa6, 0x22, 0x2c, 0x22,
  0x72, 0x65, 0x66, 0x72, 0x65, 0x73, 0x68, 0x22, 0x3a, 0x22, 0xe6, 0x9b,
  0xb4, 0xe6, 0x96, 0xb0, 0x22, 0x2c, 0x22, 0x66, 0x6f, 0x6f, 0x74, 0x65,
  0x72, 0x22, 0x3a, 0x22, 0xe3, 0x81, 0x93, 0xe3, 0x81, 0xae, 0xe3, 0x83,
  0x9a, 0xe3, 0x83, 0xbc, 0xe3, 0x82, 0xb8, 0xe3, 0x82, 0x92, 0xe9, 0x96,
  0x89, 0xe3, 0x81, 0x98, 0xe3, 0x81, 0xa6, 0xe3, 0x82, 0x82, 0x20, 0x50,
  0x61, 0x64, 0x42, 0x72, 0x69, 0x64, 0x67, 0x65, 0x20, 0xe3, 0x81, 0xaf,
  0xe5, 0x8b, 0x95, 0xe4, 0xbd, 0x9c, 0xe3, 0x81, 0x97, 0xe7, 0xb6, 0x9a,
  0xe3, 0x81, 0x91, 0xe3, 0x81, 0xbe, 0xe3, 0x81, 0x99, 0xe3, 0x80, 0x82,
  0x45, 0x4c, 0x46, 0x20, 0xe3, 0x82, 0x92, 0xe5, 0x86, 0x8d, 0xe5, 0xba,
  0xa6, 0xe8, 0xaa, 0xad, 0xe3, 0x81, 0xbf, 0xe8, 0xbe, 0xbc, 0xe3, 0x82,
  0x80, 0xe5, 0x89, 0x8d, 0xe3, 0x81, 0xab, 0xe5, 0x81, 0x9c, 0xe6, 0xad,
  0xa2, 0xe3, 0x81, 0x97, 0xe3, 0x81, 0xa6, 0xe3, 0x81, 0x8f, 0xe3, 0x81,
  0xa0, 0xe3, 0x81, 0x95, 0xe3, 0x81, 0x84, 0xe3, 0x80, 0x82, 0xe3, 0x82,
  0xb3, 0xe3, 0x83, 0xb3, 0xe3, 0x83, 0x88, 0xe3, 0x83, 0xad, 0xe3, 0x83,
  0xbc, 0xe3, 0x83, 0xa9, 0xe3, 0x83, 0xbc, 0xe3, 0x81, 0xaf, 0xe5, 0x88,
  0x87, 0xe6, 0x96, 0xad, 0xe3, 0x81, 0x95, 0xe3, 0x82, 0x8c, 0xe3, 0x80,
  0x81, 0x42, 0x6c, 0x75, 0x65, 0x74, 0x6f, 0x6f, 0x74, 0x68, 0x20, 0xe3,
  0x81, 0xaf, 0xe5, 0x85, 0x83, 0xe3, 0x81, 0xae, 0xe7, 0x8a, 0xb6, 0xe6,
  0x85, 0x8b, 0xe3, 0x81, 0xae, 0xe3, 0x81, 0xbe, 0xe3, 0x81, 0xbe, 0xe3,
  0x81, 0xab, 0xe3, 0x81, 0xaa, 0xe3, 0x82, 0x8a, 0xe3, 0x81, 0xbe, 0xe3,
  0x81, 0x99, 0xe3, 0x80, 0x82, 0x22, 0x2c, 0x22, 0x73, 0x74, 0x6f, 0x70,
  0x42, 0x74, 0x6e, 0x22, 0x3a, 0x22, 0x50, 0x61, 0x64, 0x42, 0x72, 0x69,
  0x64, 0x67, 0x65, 0x20, 0xe3, 0x82, 0x92, 0xe5, 0x81, 0x9c, 0xe6, 0xad,
  0xa2, 0xef, 0xbc, 0x88, 0xe4, 0xb8, 0x8a, 0xe7, 0xb4, 0x9a, 0xe8, 0x80,
  0x85, 0xe5, 0x90, 0x91, 0xe3, 0x81, 0x91, 0xef, 0xbc, 0x89, 0x22, 0x2c,
  0x22, 0x70, 0x72, 0x65, 0x73, 0x73, 0x50, 0x73, 0x22, 0x3a, 0x22, 0x50,
  0x53, 0x20, 0xe3, 0x82, 0x92, 0xe6, 0x8a, 0xbc, 0xe3, 0x81, 0x99, 0x22,
  0x2c, 0x22, 0x72, 0x75, 0x6d, 0x62, 0x6c, 0x65, 0x22, 0x3a, 0x22, 0xe6,
  0x8c, 0xaf, 0xe5, 0x8b, 0x95, 0x22, 0x2c, 0x22, 0x66, 0x6f, 0x72, 0x67,
  0x65, 0x74, 0x22, 0x3a, 0x22, 0xe7, 0x99, 0xbb, 0xe9, 0x8c, 0xb2, 0xe8,
  0xa7, 0xa3, 0xe9, 0x99, 0xa4, 0x22, 0x2c, 0x22, 0x70, 0x73, 0x54, 0x69,
  0x74, 0x6c, 0x65, 0x22, 0x3a, 0x22, 0x50, 0x53, 0x20, 0xe3, 0x83, 0x9c,
  0xe3, 0x82, 0xbf, 0xe3, 0x83, 0xb3, 0xe3, 0x81, 0xae, 0xe9, 0x95, 0xb7,
  0xe6, 0x8a, 0xbc, 0xe3, 0x81, 0x97, 0xe3, 0x81, 0xa8, 0xe5, 0x90, 0x8c,
  0xe3, 0x81, 0x98, 0x3a, 0x20, 0xe3, 0x81, 0x93, 0xe3, 0x81, 0xae, 0xe3,
  0x82, 0xb3, 0xe3, 0x83, 0xb3, 0xe3, 0x83, 0x88, 0xe3, 0x83, 0xad, 0xe3,
  0x83, 0xbc, 0xe3, 0x83, 0xa9, 0xe3, 0x83, 0xbc, 0xe3, 0x81, 0xab, 0xe6,
  0x93, 0x8d, 0xe4, 0xbd, 0x9c, 0xe3, 0x82, 0x92, 0xe5, 0x88, 0x87, 0xe3,
  0x82, 0x8a, 0xe6, 0x9b, 0xbf, 0xe3, 0x81, 0x88, 0xe3, 0x81, 0xbe, 0xe3,
  0x81, 0x99, 0x22, 0x2c, 0x22, 0x72, 0x75, 0x6d, 0x62, 0x6c, 0x65, 0x54,
  0x69, 0x74, 0x6c, 0x65, 0x22, 0x3a, 0x22, 0xe3, 0x81, 0x93, 0xe3, 0x81,
  0xae, 0xe3, 0x82, 0xb3, 0xe3, 0x83, 0xb3, 0xe3, 0x83, 0x88, 0xe3, 0x83,
  0xad, 0xe3, 0x83, 0xbc, 0xe3, 0x83, 0xa9, 0xe3, 0x83, 0xbc, 0xe3, 0x82,
  0x92, 0x20, 0x30, 0x2e, 0x35, 0x20, 0xe7, 0xa7, 0x92, 0xe6, 0x8c, 0xaf,
  0xe5, 0x8b, 0x95, 0xe3, 0x81, 0x95, 0xe3, 0x81, 0x9b, 0xe3, 0x81, 0xbe,
  0xe3, 0x81, 0x99, 0x22, 0x2c, 0x22, 0x70, 0x73, 0x44, 0x6f, 0x6e, 0x65,
  0x22, 0x3a, 0x22, 0x50, 0x7b, 0x6e, 0x7d, 0x20, 0xe3, 0x81, 0xa7, 0x20,
  0x50, 0x53, 0x20, 0xe3, 0x82, 0x92, 0xe6, 0x8a, 0xbc, 0xe3, 0x81, 0x97,
  0xe3, 0x81, 0xbe, 0xe3, 0x81, 0x97, 0xe3, 0x81, 0x9f, 0x22, 0x2c, 0x22,
  0x72, 0x75, 0x6d, 0x62, 0x6c, 0x65, 0x44, 0x6f, 0x6e, 0x65, 0x22, 0x3a,
  0x22, 0x50, 0x7b, 0x6e, 0x7d, 0x20, 0xe3, 0x81, 0xab, 0xe6, 0x8c, 0xaf,
  0xe5, 0x8b, 0x95, 0xe3, 0x82, 0x92, 0xe9, 0x80, 0x81, 0xe4, 0xbf, 0xa1,
  0xe3, 0x81, 0x97, 0xe3, 0x81, 0xbe, 0xe3, 0x81, 0x97, 0xe3, 0x81, 0x9f,
  0x22, 0x2c, 0x22, 0x6e, 0x6f, 0x52, 0x75, 0x6d, 0x62, 0x6c, 0x65, 0x22,
  0x3a, 0x22, 0xe3, 0x81, 0x93, 0xe3, 0x81, 0xae, 0xe3, 0x82, 0xb3, 0xe3,
  0x83, 0xb3, 0xe3, 0x83, 0x88, 0xe3, 0x83, 0xad, 0xe3, 0x83, 0xbc, 0xe3,
  0x83, 0xa9, 0xe3, 0x83, 0xbc, 0xe3, 0x81, 0xaf, 0xe6, 0x8c, 0xaf, 0xe5,
  0x8b, 0x95, 0xe3, 0x81, 0xa7, 0xe3, 0x81, 0x8d, 0xe3, 0x81, 0xbe, 0xe3,
  0x81, 0x9b, 0xe3, 0x82, 0x93, 0x22, 0x2c, 0x22, 0x73, 0x75, 0x72, 0x65,
  0x22, 0x3a, 0x22, 0xe6, 0x9c, 0xac, 0xe5, 0xbd, 0x93, 0xe3, 0x81, 0xab,
  0xef, 0xbc, 0x9f, 0x22, 0x2c, 0x22, 0x66, 0x6f, 0x72, 0x67, 0x6f, 0x74,
  0x74, 0x65, 0x6e, 0x22, 0x3a, 0x22, 0xe7, 0x99, 0xbb, 0xe9, 0x8c, 0xb2,
  0xe3, 0x82, 0x92, 0xe8, 0xa7, 0xa3, 0xe9, 0x99, 0xa4, 0xe3, 0x81, 0x97,
  0xe3, 0x81, 0xbe, 0xe3, 0x81, 0x97, 0xe3, 0x81, 0x9f, 0x20, 0x2d, 0x20,
  0xe4, 0xbd, 0xbf, 0xe3, 0x81, 0x86, 0xe3, 0x81, 0xab, 0xe3, 0x81, 0xaf,
  0xe5, 0x86, 0x8d, 0xe5, 0xba, 0xa6, 0xe3, 0x83, 0x9a, 0xe3, 0x82, 0xa2,
  0xe3, 0x83, 0xaa, 0xe3, 0x83, 0xb3, 0xe3, 0x82, 0xb0, 0xe3, 0x81, 0x97,
  0xe3, 0x81, 0xa6, 0xe3, 0x81, 0x8f, 0xe3, 0x81, 0xa0, 0xe3, 0x81, 0x95,
  0xe3, 0x81, 0x84, 0x22, 0x2c, 0x22, 0x66, 0x61, 0x69, 0x6c, 0x65, 0x64,
  0x22, 0x3a, 0x22, 0xe3, 0x81, 0x86, 0xe3, 0x81, 0xbe, 0xe3, 0x81, 0x8f,
  0xe3, 0x81, 0x84, 0xe3, 0x81, 0x8d, 0xe3, 0x81, 0xbe, 0xe3, 0x81, 0x9b,
  0xe3, 0x82, 0x93, 0xe3, 0x81, 0xa7, 0xe3, 0x81, 0x97, 0xe3, 0x81, 0x9f,
  0x22, 0x2c, 0x22, 0x62, 0x61, 0x74, 0x74, 0x65, 0x72, 0x79, 0x22, 0x3a,
  0x22, 0xe3, 0x83, 0x90, 0xe3, 0x83, 0x83, 0xe3, 0x83, 0x86, 0xe3, 0x83,
  0xaa, 0xe3, 0x83, 0xbc, 0x20, 0x7b, 0x6e, 0x7d, 0x25, 0x22, 0x2c, 0x22,
  0x63, 0x68, 0x61, 0x72, 0x67, 0x69, 0x6e, 0x67, 0x22, 0x3a, 0x22, 0xe5,
  0x85, 0x85, 0xe9, 0x9b, 0xbb, 0xe4, 0xb8, 0xad, 0x22, 0x2c, 0x22, 0x6e,
  0x6f, 0x42, 0x61, 0x74, 0x74, 0x65, 0x72, 0x79, 0x22, 0x3a, 0x22, 0xe3,
  0x83, 0x90, 0xe3, 0x83, 0x83, 0xe3, 0x83, 0x86, 0xe3, 0x83, 0xaa, 0xe3,
  0x83, 0xbc, 0xe6, 0x83, 0x85, 0xe5, 0xa0, 0xb1, 0xe3, 0x81, 0xaa, 0xe3,
  0x81, 0x97, 0x22, 0x2c, 0x22, 0x6e, 0x6f, 0x50, 0x61, 0x64, 0x73, 0x22,
  0x3a, 0x22, 0xe6, 0x8e, 0xa5, 0xe7, 0xb6, 0x9a, 0xe4, 0xb8, 0xad, 0xe3,
  0x81, 0xae, 0xe3, 0x82, 0xb3, 0xe3, 0x83, 0xb3, 0xe3, 0x83, 0x88, 0xe3,
  0x83, 0xad, 0xe3, 0x83, 0xbc, 0xe3, 0x83, 0xa9, 0xe3, 0x83, 0xbc, 0xe3,
  0x81, 0xaf, 0xe3, 0x81, 0x82, 0xe3, 0x82, 0x8a, 0xe3, 0x81, 0xbe, 0xe3,
  0x81, 0x9b, 0xe3, 0x82, 0x93, 0xe3, 0x80, 0x82, 0xe3, 0x83, 0x9a, 0xe3,
  0x82, 0xa2, 0xe3, 0x83, 0xaa, 0xe3, 0x83, 0xb3, 0xe3, 0x82, 0xb0, 0xe6,
  0xb8, 0x88, 0xe3, 0x81, 0xbf, 0xe3, 0x81, 0xae, 0xe3, 0x82, 0x82, 0xe3,
  0x81, 0xae, 0xe3, 0x81, 0xae, 0xe9, 0x9b, 0xbb, 0xe6, 0xba, 0x90, 0xe3,
  0x82, 0x92, 0xe5, 0x85, 0xa5, 0xe3, 0x82, 0x8c, 0xe3, 0x82, 0x8b, 0xe3,
  0x81, 0x8b, 0xe3, 0x80, 0x81, 0xe6, 0x96, 0xb0, 0xe3, 0x81, 0x97, 0xe3,
  0x81, 0x8f, 0xe3, 0x83, 0x9a, 0xe3, 0x82, 0xa2, 0xe3, 0x83, 0xaa, 0xe3,
  0x83, 0xb3, 0xe3, 0x82, 0xb0, 0xe3, 0x81, 0x97, 0xe3, 0x81, 0xa6, 0xe3,
  0x81, 0x8f, 0xe3, 0x81, 0xa0, 0xe3, 0x81, 0x95, 0xe3, 0x81, 0x84, 0xe3,
  0x80, 0x82, 0x22, 0x2c, 0x22, 0x6e, 0x6f, 0x74, 0x68, 0x69, 0x6e, 0x67,
  0x50, 0x61, 0x69, 0x72, 0x65, 0x64, 0x22, 0x3a, 0x22, 0xe3, 0x81, 0xbe,
  0xe3, 0x81, 0xa0, 0xe3, 0x83, 0x9a, 0xe3, 0x82, 0xa2, 0xe3, 0x83, 0xaa,
  0xe3, 0x83, 0xb3, 0xe3, 0x82, 0xb0, 0xe3, 0x81, 0x95, 0xe3, 0x82, 0x8c,
  0xe3, 0x81, 0xa6, 0xe3, 0x81, 0x84, 0xe3, 0x81, 0xbe, 0xe3, 0x81, 0x9b,
  0xe3, 0x82, 0x93, 0xe3, 0x80, 0x82, 0x22, 0x2c, 0x22, 0x6f, 0x66, 0x66,
  0x6c, 0x69, 0x6e, 0x65, 0x50, 0x61, 0x64, 0x22, 0x3a, 0x22, 0xe3, 0x83,
  0x9a, 0xe3, 0x82, 0xa2, 0xe3, 0x83, 0xaa, 0xe3, 0x83, 0xb3, 0xe3, 0x82,
  0xb0, 0xe6, 0xb8, 0x88, 0xe3, 0x81, 0xbf, 0x20, 0xc2, 0xb7, 0x20, 0xe3,
  0x82, 0xaa, 0xe3, 0x83, 0x95, 0xe3, 0x83, 0xa9, 0xe3, 0x82, 0xa4, 0xe3,
  0x83, 0xb3, 0x22, 0x2c, 0x22, 0x75, 0x6e, 0x6b, 0x6e, 0x6f, 0x77, 0x6e,
  0x49, 0x64, 0x22, 0x3a, 0x22, 0xe4, 0xb8, 0x8d, 0xe6, 0x98, 0x8e, 0xe3,
  0x81, 0xaa, 0x20, 0x49, 0x44, 0x22, 0x2c, 0x22, 0x70, 0x61, 0x69, 0x72,
  0x69, 0x6e, 0x67, 0x4e, 0x6f, 0x77, 0x22, 0x3a, 0x22, 0xe3, 0x83, 0x9a,
  0xe3, 0x82, 0xa2, 0xe3, 0x83, 0xaa, 0xe3, 0x83, 0xb3, 0xe3, 0x82, 0xb0,
  0xe4, 0xb8, 0xad, 0xe2, 0x80, 0xa6, 0x22, 0x2c, 0x22, 0x72, 0x75, 0x6e,
  0x6e, 0x69, 0x6e, 0x67, 0x22, 0x3a, 0x22, 0xe5, 0xae, 0x9f, 0xe8, 0xa1,
  0x8c, 0xe4, 0xb8, 0xad, 0x22, 0x2c, 0x22, 0x6e, 0x6f, 0x42, 0x74, 0x22,
  0x3a, 0x22, 0x42, 0x6c, 0x75, 0x65, 0x74, 0x6f, 0x6f, 0x74, 0x68, 0x20,
  0xe3, 0x81, 0xaa, 0xe3, 0x81, 0x97, 0x22, 0x2c, 0x22, 0x73, 0x74, 0x61,
  0x72, 0x74, 0x69, 0x6e, 0x67, 0x42, 0x74, 0x22, 0x3a, 0x22, 0x42, 0x6c,
  0x75, 0x65, 0x74, 0x6f, 0x6f, 0x74, 0x68, 0x20, 0xe3, 0x82, 0x92, 0xe8,
  0xb5, 0xb7, 0xe5, 0x8b, 0x95, 0xe4, 0xb8, 0xad, 0xe2, 0x80, 0xa6, 0x22,
  0x2c, 0x22, 0x72, 0x65, 0x61, 0x64, 0x79, 0x22, 0x3a, 0x22, 0xe6, 0xba,
  0x96, 0xe5, 0x82, 0x99, 0xe5, 0xae, 0x8c, 0xe4, 0xba, 0x86, 0x22, 0x2c,
  0x22, 0x66, 0x61, 0x69, 0x6c, 0x65, 0x64, 0x42, 0x74, 0x22, 0x3a, 0x22,
  0xe5, 0xa4, 0xb1, 0xe6, 0x95, 0x97, 0x22, 0x2c, 0x22, 0x73, 0x74, 0x61,
  0x72, 0x74, 0x69, 0x6e, 0x67, 0x22, 0x3a, 0x22, 0xe8, 0xb5, 0xb7, 0xe5,
  0x8b, 0x95, 0xe4, 0xb8, 0xad, 0x22, 0x2c, 0x22, 0x72, 0x4e, 0x6f, 0x63,
  0x68, 0x69, 0x70, 0x22, 0x3a, 0x22, 0x42, 0x6c, 0x75, 0x65, 0x74, 0x6f,
  0x6f, 0x74, 0x68, 0x20, 0xe3, 0x83, 0x81, 0xe3, 0x83, 0x83, 0xe3, 0x83,
  0x97, 0xe3, 0x81, 0x8c, 0xe5, 0xbf, 0x9c, 0xe7, 0xad, 0x94, 0xe3, 0x81,
  0x97, 0xe3, 0x81, 0xbe, 0xe3, 0x81, 0x9b, 0xe3, 0x82, 0x93, 0xe3, 0x80,
  0x82, 0xe8, 0xa9, 0xb3, 0xe7, 0xb4, 0xb0, 0xe3, 0x81, 0xaf, 0xe3, 0x83,
  0xad, 0xe3, 0x82, 0xb0, 0xef, 0xbc, 0x88, 0xe3, 0x80, 0x8c, 0x64, 0x69,
  0x61, 0x67, 0xe3, 0x80, 0x8d, 0xe3, 0x81, 0xae, 0xe8, 0xa1, 0x8c, 0xef,
  0xbc, 0x89, 0xe3, 0x82, 0x92, 0xe7, 0xa2, 0xba, 0xe8, 0xaa, 0x8d, 0xe3,
  0x81, 0x97, 0xe3, 0x81, 0xa6, 0xe3, 0x81, 0x8f, 0xe3, 0x81, 0xa0, 0xe3,
  0x81, 0x95, 0xe3, 0x81, 0x84, 0xe3, 0x80, 0x82, 0x22, 0x2c, 0x22, 0x72,
  0x4c, 0x6f, 0x73, 0x74, 0x22, 0x3a, 0x22, 0x42, 0x6c, 0x75, 0x65, 0x74,
  0x6f, 0x6f, 0x74, 0x68, 0x20, 0xe3, 0x81, 0xae, 0xe6, 0x8e, 0xa5, 0xe7,
  0xb6, 0x9a, 0xe3, 0x81, 0x8c, 0xe5, 0x88, 0x87, 0xe3, 0x82, 0x8c, 0xe3,
  0x81, 0xbe, 0xe3, 0x81, 0x97, 0xe3, 0x81, 0x9f, 0xe3, 0x80, 0x82, 0xe3,
  0x80, 0x8c, 0x42, 0x6c, 0x75, 0x65, 0x74, 0x6f, 0x6f, 0x74, 0x68, 0x20,
  0xe3, 0x82, 0x92, 0xe5, 0x86, 0x8d, 0xe8, 0xa9, 0xa6, 0xe8, 0xa1, 0x8c,
  0xe3, 0x80, 0x8d, 0xe3, 0x82, 0x92, 0xe6, 0x8a, 0xbc, 0xe3, 0x81, 0x97,
  0xe3, 0x81, 0xa6, 0xe3, 0x81, 0x8f, 0xe3, 0x81, 0xa0, 0xe3, 0x81, 0x95,
  0xe3, 0x81, 0x84, 0xe3, 0x80, 0x82, 0x22, 0x2c, 0x22, 0x72, 0x4e, 0x6f,
  0x76, 0x70, 0x61, 0x64, 0x22, 0x3a, 0x22, 0xe3, 0x81, 0x93, 0xe3, 0x81,
  0xae, 0xe3, 0x82, 0xb7, 0xe3, 0x82, 0xb9, 0xe3, 0x83, 0x86, 0xe3, 0x83,
  0xa0, 0xe3, 0x81, 0xa7, 0xe3, 0x81, 0xaf, 0xe4, 0xbb, 0xae, 0xe6, 0x83,
  0xb3, 0xe3, 0x82, 0xb3, 0xe3, 0x83, 0xb3, 0xe3, 0x83, 0x88, 0xe3, 0x83,
  0xad, 0xe3, 0x83, 0xbc, 0xe3, 0x83, 0xa9, 0xe3, 0x83, 0xbc, 0xe3, 0x82,
  0x92, 0xe4, 0xbd, 0x9c, 0xe6, 0x88, 0x90, 0xe3, 0x81, 0xa7, 0xe3, 0x81,
  0x8d, 0xe3, 0x81, 0xbe, 0xe3, 0x81, 0x9b, 0xe3, 0x82, 0x93, 0xef, 0xbc,
  0x88, 0xe3, 0x83, 0xad, 0xe3, 0x82, 0xb0, 0xe3, 0x82, 0x92, 0xe7, 0xa2,
  0xba, 0xe8, 0xaa, 0x8d, 0xe3, 0x81, 0x97, 0xe3, 0x81, 0xa6, 0xe3, 0x81,
  0x8f, 0xe3, 0x81, 0xa0, 0xe3, 0x81, 0x95, 0xe3, 0x81, 0x84, 0xef, 0xbc,
  0x89, 0xe3, 0x80, 0x82, 0x42, 0x6c, 0x75, 0x65, 0x74, 0x6f, 0x6f, 0x74,
  0x68, 0x20, 0xe3, 0x81, 0xaf, 0xe5, 0xa4, 0x89, 0xe6, 0x9b, 0xb4, 0xe3,
  0x81, 0x97, 0xe3, 0x81, 0xa6, 0xe3, 0x81, 0x84, 0xe3, 0x81, 0xbe, 0xe3,
  0x81, 0x9b, 0xe3, 0x82, 0x93, 0xe3, 0x80, 0x82, 0x22, 0x2c, 0x22, 0x73,
  0x65, 0x61, 0x72, 0x63, 0x68, 0x69, 0x6e, 0x67, 0x22, 0x3a, 0x22, 0xe6,
  0xa4, 0x9c, 0xe7, 0xb4, 0xa2, 0xe4, 0xb8, 0xad, 0xe2, 0x80, 0xa6, 0x20,
  0xe6, 0xae, 0x8b, 0xe3, 0x82, 0x8a, 0x20, 0x7b, 0x6e, 0x7d, 0x20, 0xe7,
  0xa7, 0x92, 0xe3, 0x80, 0x82, 0xe4, 0xbb, 0x8a, 0xe3, 0x81, 0x99, 0xe3,
  0x81, 0x90, 0xe3, 0x82, 0xb3, 0xe3, 0x83, 0xb3, 0xe3, 0x83, 0x88, 0xe3,
  0x83, 0xad, 0xe3, 0x83, 0xbc, 0xe3, 0x83, 0xa9, 0xe3, 0x83, 0xbc, 0xe3,
  0x82, 0x92, 0xe3, 0x83, 0x9a, 0xe3, 0x82, 0xa2, 0xe3, 0x83, 0xaa, 0xe3,
  0x83, 0xb3, 0xe3, 0x82, 0xb0, 0xe3, 0x83, 0xa2, 0xe3, 0x83, 0xbc, 0xe3,
  0x83, 0x89, 0xe3, 0x81, 0xab, 0xe3, 0x81, 0x97, 0xe3, 0x81, 0xa6, 0xe3,
  0x81, 0x8f, 0xe3, 0x81, 0xa0, 0xe3, 0x81, 0x95, 0xe3, 0x81, 0x84, 0xe3,
  0x80, 0x82, 0x22, 0x2c, 0x22, 0x70, 0x61, 0x69, 0x72, 0x69, 0x6e, 0x67,
  0x53, 0x65, 0x63, 0x22, 0x3a, 0x22, 0xe3, 0x83, 0x9a, 0xe3, 0x82, 0xa2,
  0xe3, 0x83, 0xaa, 0xe3, 0x83, 0xb3, 0xe3, 0x82, 0xb0, 0xe4, 0xb8, 0xad,
  0xe2, 0x80, 0xa6, 0x20, 0x7b, 0x6e, 0x7d, 0x20, 0xe7, 0xa7, 0x92, 0x22,
  0x2c, 0x22, 0x68, 0x6f, 0x74, 0x6b, 0x65, 0x79, 0x22, 0x3a, 0x22, 0xe3,
  0x82, 0xb7, 0xe3, 0x83, 0xa7, 0xe3, 0x83, 0xbc, 0xe3, 0x83, 0x88, 0xe3,
  0x82, 0xab, 0xe3, 0x83, 0x83, 0xe3, 0x83, 0x88, 0x3a, 0x20, 0x7b, 0x63,
  0x7d, 0x22, 0x2c, 0x22, 0x70, 0x61, 0x69, 0x72, 0x53, 0x74, 0x61, 0x72,
  0x74, 0x65, 0x64, 0x22, 0x3a, 0x22, 0x36, 0x30, 0x20, 0xe7, 0xa7, 0x92,
  0xe9, 0x96, 0x93, 0xe3, 0x83, 0x9a, 0xe3, 0x82, 0xa2, 0xe3, 0x83, 0xaa,
  0xe3, 0x83, 0xb3, 0xe3, 0x82, 0xb0, 0xe4, 0xb8, 0xad, 0x20, 0x2d, 0x20,
  0xe3, 0x82, 0xb3, 0xe3, 0x83, 0xb3, 0xe3, 0x83, 0x88, 0xe3, 0x83, 0xad,
  0xe3, 0x83, 0xbc, 0xe3, 0x83, 0xa9, 0xe3, 0x83, 0xbc, 0xe3, 0x82, 0x92,
  0xe3, 0x83, 0x9a, 0xe3, 0x82, 0xa2, 0xe3, 0x83, 0xaa, 0xe3, 0x83, 0xb3,
  0xe3, 0x82, 0xb0, 0xe3, 0x83, 0xa2, 0xe3, 0x83, 0xbc, 0xe3, 0x83, 0x89,
  0xe3, 0x81, 0xab, 0xe3, 0x81, 0x97, 0xe3, 0x81, 0xa6, 0xe3, 0x81, 0x8f,
  0xe3, 0x81, 0xa0, 0xe3, 0x81, 0x95, 0xe3, 0x81, 0x84, 0x22, 0x2c, 0x22,
  0x72, 0x65, 0x74, 0x72, 0x79, 0x69, 0x6e, 0x67, 0x22, 0x3a, 0x22, 0x42,
  0x6c, 0x75, 0x65, 0x74, 0x6f, 0x6f, 0x74, 0x68, 0x20, 0xe3, 0x82, 0x92,
  0xe5, 0x86, 0x8d, 0xe8, 0xa9, 0xa6, 0xe8, 0xa1, 0x8c, 0xe3, 0x81, 0x97,
  0xe3, 0x81, 0xa6, 0xe3, 0x81, 0x84, 0xe3, 0x81, 0xbe, 0xe3, 0x81, 0x99,
  0xe2, 0x80, 0xa6, 0x22, 0x2c, 0x22, 0x6c, 0x6f, 0x67, 0x45, 0x72, 0x72,
  0x6f, 0x72, 0x22, 0x3a, 0x22, 0xe3, 0x83, 0xad, 0xe3, 0x82, 0xb0, 0xe3,
  0x82, 0x92, 0xe8, 0xaa, 0xad, 0xe3, 0x81, 0xbf, 0xe8, 0xbe, 0xbc, 0xe3,
  0x82, 0x81, 0xe3, 0x81, 0xbe, 0xe3, 0x81, 0x9b, 0xe3, 0x82, 0x93, 0xe3,
  0x81, 0xa7, 0xe3, 0x81, 0x97, 0xe3, 0x81, 0x9f, 0xe3, 0x80, 0x82, 0x22,
  0x2c, 0x22, 0x65, 0x6d, 0x70, 0x74, 0x79, 0x22, 0x3a, 0x22, 0xef, 0xbc,
  0x88, 0xe7, 0xa9, 0xba, 0xef, 0xbc, 0x89, 0x22, 0x2c, 0x22, 0x74, 0x61,
  0x70, 0x53, 0x74, 0x6f, 0x70, 0x22, 0x3a, 0x22, 0xe3, 0x82, 0x82, 0xe3,
  0x81, 0x86, 0xe4, 0xb8, 0x80, 0xe5, 0xba, 0xa6, 0xe6, 0x8a, 0xbc, 0xe3,
  0x81, 0x99, 0xe3, 0x81, 0xa8, 0xe5, 0x81, 0x9c, 0xe6, 0xad, 0xa2, 0xe3,
  0x81, 0x97, 0xe3, 0x81, 0xbe, 0xe3, 0x81, 0x99, 0x22, 0x2c, 0x22, 0x73,
  0x74, 0x6f, 0x70, 0x70, 0x69, 0x6e, 0x67, 0x22, 0x3a, 0x22, 0x50, 0x61,
  0x64, 0x42, 0x72, 0x69, 0x64, 0x67, 0x65, 0x20, 0xe3, 0x82, 0x92, 0xe5,
  0x81, 0x9c, 0xe6, 0xad, 0xa2, 0xe3, 0x81, 0x97, 0xe3, 0x81, 0xa6, 0xe3,
  0x81, 0x84, 0xe3, 0x81, 0xbe, 0xe3, 0x81, 0x99, 0x22, 0x2c, 0x22, 0x73,
  0x74, 0x6f, 0x70, 0x70, 0x69, 0x6e, 0x67, 0x53, 0x68, 0x6f, 0x72, 0x74,
  0x22, 0x3a, 0x22, 0xe5, 0x81, 0x9c, 0xe6, 0xad, 0xa2, 0xe4, 0xb8, 0xad,
  0xe2, 0x80, 0xa6, 0x22, 0x2c, 0x22, 0x6f, 0x66, 0x66, 0x6c, 0x69, 0x6e,
  0x65, 0x22, 0x3a, 0x22, 0xe3, 0x82, 0xaa, 0xe3, 0x83, 0x95, 0xe3, 0x83,
  0xa9, 0xe3, 0x82, 0xa4, 0xe3, 0x83, 0xb3, 0x22, 0x7d, 0x2c, 0x0a, 0x7a,
  0x68, 0x3a, 0x7b, 0x22, 0x6c, 0x61, 0x6e, 0x67, 0x75, 0x61, 0x67, 0x65,
  0x22, 0x3a, 0x22, 0xe8, 0xaf, 0xad, 0xe8, 0xa8, 0x80, 0x22, 0x2c, 0x22,
  0x6c, 0x61, 0x6e, 0x67, 0x53, 0x65, 0x74, 0x22, 0x3a, 0x22, 0xe8, 0xaf,
  0xad, 0xe8, 0xa8, 0x80, 0xef, 0xbc, 0x9a, 0x7b, 0x6e, 0x61, 0x6d, 0x65,
  0x7d, 0x22, 0x2c, 0x22, 0x63, 0x6f, 0x6e, 0x6e, 0x65, 0x63, 0x74, 0x69,
  0x6e, 0x67, 0x22, 0x3a, 0x22, 0xe6, 0xad, 0xa3, 0xe5, 0x9c, 0xa8, 0xe8,
  0xbf, 0x9e, 0xe6, 0x8e, 0xa5, 0xe2, 0x80, 0xa6, 0x22, 0x2c, 0x22, 0x73,
  0x74, 0x61, 0x74, 0x75, 0x73, 0x22, 0x3a, 0x22, 0xe7, 0x8a, 0xb6, 0xe6,
  0x80, 0x81, 0x22, 0x2c, 0x22, 0x62, 0x6c, 0x75, 0x65, 0x74, 0x6f, 0x6f,
  0x74, 0x68, 0x22, 0x3a, 0x22, 0xe8, 0x93, 0x9d, 0xe7, 0x89, 0x99, 0x22,
  0x2c, 0x22, 0x63, 0x6f, 0x6e, 0x6e, 0x65, 0x63, 0x74, 0x65, 0x64, 0x22,
  0x3a, 0x22, 0xe5, 0xb7, 0xb2, 0xe8, 0xbf, 0x9e, 0xe6, 0x8e, 0xa5, 0x22,
  0x2c, 0x22, 0x70, 0x61, 0x69, 0x72, 0x65, 0x64, 0x22, 0x3a, 0x22, 0xe5,
  0xb7, 0xb2, 0xe9, 0x85, 0x8d, 0xe5, 0xaf, 0xb9, 0x22, 0x2c, 0x22, 0x74,
  0x69, 0x70, 0x55, 0x73, 0x65, 0x72, 0x73, 0x22, 0x3a, 0x22, 0xe7, 0x94,
  0xa8, 0xe4, 0xb8, 0xbb, 0xe7, 0x94, 0xa8, 0xe6, 0x88, 0xb7, 0xe6, 0xb8,
  0xb8, 0xe7, 0x8e, 0xa9, 0xef, 0xbc, 0x8c, 0xe5, 0xb9, 0xb6, 0xe5, 0x9c,
  0xa8, 0xe6, 0x89, 0x8b, 0xe6, 0x9f, 0x84, 0xe5, 0x8d, 0xa1, 0xe7, 0x89,
  0x87, 0xe4, 0xb8, 0x8a, 0xe6, 0x8c, 0x89, 0x20, 0x7b, 0x70, 0x73, 0x7d,
  0x20, 0xe5, 0x8d, 0xb3, 0xe5, 0x8f, 0xaf, 0xe8, 0xae, 0xa9, 0xe8, 0xaf,
  0xa5, 0xe6, 0x89, 0x8b, 0xe6, 0x9f, 0x84, 0xe8, 0x8e, 0xb7, 0xe5, 0xbe,
  0x97, 0xe4, 0xb8, 0xbb, 0xe6, 0x9c, 0xba, 0xe7, 0x84, 0xa6, 0xe7, 0x82,
  0xb9, 0xe3, 0x80, 0x82, 0x22, 0x2c, 0x22, 0x72, 0x65, 0x74, 0x72, 0x79,
  0x42, 0x74, 0x22, 0x3a, 0x22, 0xe9, 0x87, 0x8d, 0xe8, 0xaf, 0x95, 0xe8,
  0x93, 0x9d, 0xe7, 0x89, 0x99, 0x22, 0x2c, 0x22, 0x70, 0x61, 0x69, 0x72,
  0x69, 0x6e, 0x67, 0x22, 0x3a, 0x22, 0xe9, 0x85, 0x8d, 0xe5, 0xaf, 0xb9,
  0x22, 0x2c, 0x22, 0x70, 0x61, 0x69, 0x72, 0x49, 0x64, 0x6c, 0x65, 0x22,
  0x3a, 0x22, 0xe6, 0x8c, 0x89, 0xe4, 0xb8, 0x8b, 0xe6, 0x8c, 0x89, 0xe9,
  0x92, 0xae, 0xef, 0xbc, 0x8c, 0xe7, 0x84, 0xb6, 0xe5, 0x90, 0x8e, 0xe8,
  0xae, 0xa9, 0xe6, 0x89, 0x8b, 0xe6, 0x9f, 0x84, 0xe8, 0xbf, 0x9b, 0xe5,
  0x85, 0xa5, 0xe9, 0x85, 0x8d, 0xe5, 0xaf, 0xb9, 0xe6, 0xa8, 0xa1, 0xe5,
  0xbc, 0x8f, 0xe3, 0x80, 0x82, 0xe9, 0x85, 0x8d, 0xe5, 0xaf, 0xb9, 0xe6,
  0x9c, 0x9f, 0xe9, 0x97, 0xb4, 0xe8, 0xaf, 0xb7, 0xe4, 0xbf, 0x9d, 0xe6,
  0x8c, 0x81, 0x20, 0x44, 0x75, 0x61, 0x6c, 0x53, 0x65, 0x6e, 0x73, 0x65,
  0x20, 0xe5, 0x85, 0xb3, 0xe9, 0x97, 0xad, 0xe3, 0x80, 0x82, 0x22, 0x2c,
  0x22, 0x70, 0x61, 0x69, 0x72, 0x42, 0x74, 0x6e, 0x22, 0x3a, 0x22, 0xe9,
  0x85, 0x8d, 0xe5, 0xaf, 0xb9, 0xe6, 0x89, 0x8b, 0xe6, 0x9f, 0x84, 0xef,
  0xbc, 0x88, 0x36, 0x30, 0x20, 0xe7, 0xa7, 0x92, 0xef, 0xbc, 0x89, 0x22,
  0x2c, 0x22, 0x63, 0x6f, 0x6e, 0x6e, 0x65, 0x63, 0x74, 0x65, 0x64, 0x54,
  0x69, 0x74, 0x6c, 0x65, 0x22, 0x3a, 0x22, 0xe5, 0xb7, 0xb2, 0xe8, 0xbf,
  0x9e, 0xe6, 0x8e, 0xa5, 0xe7, 0x9a, 0x84, 0xe6, 0x89, 0x8b, 0xe6, 0x9f,
  0x84, 0x22, 0x2c, 0x22, 0x75, 0x70, 0x54, 0x6f, 0x34, 0x22, 0x3a, 0x22,
  0xe6, 0x9c, 0x80, 0xe5, 0xa4, 0x9a, 0x20, 0x34, 0x20, 0xe4, 0xb8, 0xaa,
  0x22, 0x2c, 0x22, 0x70, 0x61, 0x69, 0x72, 0x65, 0x64, 0x54, 0x69, 0x74,
  0x6c, 0x65, 0x22, 0x3a, 0x22, 0xe5, 0xb7, 0xb2, 0xe9, 0x85, 0x8d, 0xe5,
  0xaf, 0xb9, 0xe7, 0x9a, 0x84, 0xe6, 0x89, 0x8b, 0xe6, 0x9f, 0x84, 0x22,
  0x2c, 0x22, 0x73, 0x77, 0x69, 0x74, 0x63, 0x68, 0x4f, 0x6e, 0x22, 0x3a,
  0x22, 0xe6, 0x89, 0x93, 0xe5, 0xbc, 0x80, 0xe6, 0x89, 0x8b, 0xe6, 0x9f,
  0x84, 0xe5, 0x8d, 0xb3, 0xe5, 0x8f, 0xaf, 0xe8, 0xbf, 0x9e, 0xe6, 0x8e,
  0xa5, 0x22, 0x2c, 0x22, 0x6c, 0x6f, 0x67, 0x22, 0x3a, 0x22, 0xe6, 0x97,
  0xa5, 0xe5, 0xbf, 0x97, 0x22, 0x2c, 0x22, 0x73, 0x68, 0x6f, 0x77, 0x22,
  0x3a, 0x22, 0xe6, 0x98, 0xbe, 0xe7, 0xa4, 0xba, 0x22, 0x2c, 0x22, 0x68,
  0x69, 0x64, 0x65, 0x22, 0x3a, 0x22, 0xe9, 0x9a, 0x90, 0xe8, 0x97, 0x8f,
  0x22, 0x2c, 0x22, 0x6c, 0x6f, 0x61, 0x64, 0x69, 0x6e, 0x67, 0x22, 0x3a,
  0x22, 0xe6, 0xad, 0xa3, 0xe5, 0x9c, 0xa8, 0xe5, 0x8a, 0xa0, 0xe8, 0xbd,
  0xbd, 0xe2, 0x80, 0xa6, 0x22, 0x2c, 0x22, 0x72, 0x65, 0x66, 0x72, 0x65,
  0x73, 0x68, 0x22, 0x3a, 0x22, 0xe5, 0x88, 0xb7, 0xe6, 0x96, 0xb0, 0x22,
  0x2c, 0x22, 0x66, 0x6f, 0x6f, 0x74, 0x65, 0x72, 0x22, 0x3a, 0x22, 0xe5,
  0x85, 0xb3, 0xe9, 0x97, 0xad, 0xe6, 0xad, 0xa4, 0xe9, 0xa1, 0xb5, 0xe9,
  0x9d, 0xa2, 0xe5, 0x90, 0x8e, 0x20, 0x50, 0x61, 0x64, 0x42, 0x72, 0x69,
  0x64, 0x67, 0x65, 0x20, 0xe4, 0xbc, 0x9a, 0xe7, 0xbb, 0xa7, 0xe7, 0xbb,
  0xad, 0xe8, 0xbf, 0x90, 0xe8, 0xa1, 0x8c, 0xe3, 0x80, 0x82, 0xe5, 0x86,
  0x8d, 0xe6, 0xac, 0xa1, 0xe5, 0x8a, 0xa0, 0xe8, 0xbd, 0xbd, 0x20, 0x45,
  0x4c, 0x46, 0x20, 0xe5, 0x89, 0x8d, 0xe8, 0xaf, 0xb7, 0xe5, 0x85, 0x88,
  0xe5, 0x81, 0x9c, 0xe6, 0xad, 0xa2, 0xe5, 0xae, 0x83, 0xef, 0xbc, 0x9a,
  0xe6, 0x89, 0x8b, 0xe6, 0x9f, 0x84, 0xe4, 0xbc, 0x9a, 0xe6, 0x96, 0xad,
  0xe5, 0xbc, 0x80, 0xef, 0xbc, 0x8c, 0xe8, 0x93, 0x9d, 0xe7, 0x89, 0x99,
  0xe4, 0xbc, 0x9a, 0xe4, 0xbf, 0x9d, 0xe6, 0x8c, 0x81, 0xe5, 0x8e, 0x9f,
  0xe6, 0xa0, 0xb7, 0xe3, 0x80, 0x82, 0x22, 0x2c, 0x22, 0x73, 0x74, 0x6f,
  0x70, 0x42, 0x74, 0x6e, 0x22, 0x3a, 0x22, 0xe5, 0x81, 0x9c, 0xe6, 0xad,
  0xa2, 0x20, 0x50, 0x61, 0x64, 0x42, 0x72, 0x69, 0x64, 0x67, 0x65, 0xef,
  0xbc, 0x88, 0xe9, 0xab, 0x98, 0xe7, 0xba, 0xa7, 0xef, 0xbc, 0x89, 0x22,
  0x2c, 0x22, 0x70, 0x72, 0x65, 0x73, 0x73, 0x50, 0x73, 0x22, 0x3a, 0x22,
  0xe6, 0x8c, 0x89, 0x20, 0x50, 0x53, 0x22, 0x2c, 0x22, 0x72, 0x75, 0x6d,
  0x62, 0x6c, 0x65, 0x22, 0x3a, 0x22, 0xe6, 0x8c, 0xaf, 0xe5, 0x8a, 0xa8,
  0x22, 0x2c, 0x22, 0x66, 0x6f, 0x72, 0x67, 0x65, 0x74, 0x22, 0x3a, 0x22,
  0xe5, 0x8f, 0x96, 0xe6, 0xb6, 0x88, 0xe9, 0x85, 0x8d, 0xe5, 0xaf, 0xb9,
  0x22, 0x2c, 0x22, 0x70, 0x73, 0x54, 0x69, 0x74, 0x6c, 0x65, 0x22, 0x3a,
  0x22, 0xe7, 0xad, 0x89, 0xe5, 0x90, 0x8c, 0xe4, 0xba, 0x8e, 0xe6, 0x8c,
  0x89, 0xe4, 0xbd, 0x8f, 0x20, 0x50, 0x53, 0xef, 0xbc, 0x9a, 0xe8, 0xae,
  0xa9, 0xe6, 0xad, 0xa4, 0xe6, 0x89, 0x8b, 0xe6, 0x9f, 0x84, 0xe8, 0x8e,
  0xb7, 0xe5, 0xbe, 0x97, 0xe4, 0xb8, 0xbb, 0xe6, 0x9c, 0xba, 0xe7, 0x9a,
  0x84, 0xe6, 0x8e, 0xa7, 0xe5, 0x88, 0xb6, 0xe6, 0x9d, 0x83, 0x22, 0x2c,
  0x22, 0x72, 0x75, 0x6d, 0x62, 0x6c, 0x65, 0x54, 0x69, 0x74, 0x6c, 0x65,
  0x22, 0x3a, 0x22, 0xe8, 0xae, 0xa9, 0xe6, 0xad, 0xa4, 0xe6, 0x89, 0x8b,
  0xe6, 0x9f, 0x84, 0xe6, 0x8c, 0xaf, 0xe5, 0x8a, 0xa8, 0xe5, 0x8d, 0x8a,
  0xe7, 0xa7, 0x92, 0x22, 0x2c, 0x22, 0x70, 0x73, 0x44, 0x6f, 0x6e, 0x65,
  0x22, 0x3a, 0x22, 0xe5, 0xb7, 0xb2, 0xe5, 0x9c, 0xa8, 0x20, 0x50, 0x7b,
  0x6e, 0x7d, 0x20, 0xe4, 0xb8, 0x8a, 0xe6, 0x8c, 0x89, 0xe4, 0xb8, 0x8b,
  0x20, 0x50, 0x53, 0x22, 0x2c, 0x22, 0x72, 0x75, 0x6d, 0x62, 0x6c, 0x65,
  0x44, 0x6f, 0x6e, 0x65, 0x22, 0x3a, 0x22, 0xe5, 0xb7, 0xb2, 0xe5, 0x90,
  0x91, 0x20, 0x50, 0x7b, 0x6e, 0x7d, 0x20, 0xe5, 0x8f, 0x91, 0xe9, 0x80,
  0x81, 0xe6, 0x8c, 0xaf, 0xe5, 0x8a, 0xa8, 0x22, 0x2c, 0x22, 0x6e, 0x6f,
  0x52, 0x75, 0x6d, 0x62, 0x6c, 0x65, 0x22, 0x3a, 0x22, 0xe6, 0xad, 0xa4,
  0xe6, 0x89, 0x8b, 0xe6, 0x9f, 0x84, 0xe4, 0xb8, 0x8d, 0xe6, 0x94, 0xaf,
  0xe6, 0x8c, 0x81, 0xe6, 0x8c, 0xaf, 0xe5, 0x8a, 0xa8, 0x22, 0x2c, 0x22,
  0x73, 0x75, 0x72, 0x65, 0x22, 0x3a, 0x22, 0xe7, 0xa1, 0xae, 0xe5, 0xae,
  0x9a, 0xe5, 0x90, 0x97, 0xef, 0xbc, 0x9f, 0x22, 0x2c, 0x22, 0x66, 0x6f,
  0x72, 0x67, 0x6f, 0x74, 0x74, 0x65, 0x6e, 0x22, 0x3a, 0x22, 0xe5, 0xb7,
  0xb2, 0xe5, 0x8f, 0x96, 0xe6, 0xb6, 0x88, 0xe9, 0x85, 0x8d, 0xe5, 0xaf,
  0xb9, 0x20, 0x2d, 0x20, 0xe9, 0x9c, 0x80, 0xe9, 0x87, 0x8d, 0xe6, 0x96,
  0xb0, 0xe9, 0x85, 0x8d, 0xe5, 0xaf, 0xb9, 0xe6, 0x89, 0x8d, 0xe8, 0x83,
  0xbd, 0xe4, 0xbd, 0xbf, 0xe7, 0x94, 0xa8, 0x22, 0x2c, 0x22, 0x66, 0x61,
  0x69, 0x6c, 0x65, 0x64, 0x22, 0x3a, 0x22, 0xe6, 0x93, 0x8d, 0xe4, 0xbd,
  0x9c, 0xe5, 0xa4, 0xb1, 0xe8, 0xb4, 0xa5, 0x22, 0x2c, 0x22, 0x62, 0x61,
  0x74, 0x74, 0x65, 0x72, 0x79, 0x22, 0x3a, 0x22, 0xe7, 0x94, 0xb5, 0xe9,
  0x87, 0x8f, 0x20, 0x7b, 0x6e, 0x7d, 0x25, 0x22, 0x2c, 0x22, 0x63, 0x68,
  0x61, 0x72, 0x67, 0x69, 0x6e, 0x67, 0x22, 0x3a, 0x22, 0xe5, 0x85, 0x85,
  0xe7, 0x94, 0xb5, 0xe4, 0xb8, 0xad, 0x22, 0x2c, 0x22, 0x6e, 0x6f, 0x42,
  0x61, 0x74, 0x74, 0x65, 0x72, 0x79, 0x22, 0x3a, 0x22, 0xe6, 0x9c, 0xaa,
  0xe6, 0x8a, 0xa5, 0xe5, 0x91, 0x8a, 0xe7, 0x94, 0xb5, 0xe9, 0x87, 0x8f,
  0x22, 0x2c, 0x22, 0x6e, 0x6f, 0x50, 0x61, 0x64, 0x73, 0x22, 0x3a, 0x22,
  0xe6, 0xb2, 0xa1, 0xe6, 0x9c, 0x89, 0xe5, 0xb7, 0xb2, 0xe8, 0xbf, 0x9e,
  0xe6, 0x8e, 0xa5, 0xe7, 0x9a, 0x84, 0xe6, 0x89, 0x8b, 0xe6, 0x9f, 0x84,
  0xe3, 0x80, 0x82, 0xe8, 0xaf, 0xb7, 0xe6, 0x89, 0x93, 0xe5, 0xbc, 0x80,
  0xe5, 0xb7, 0xb2, 0xe9, 0x85, 0x8d, 0xe5, 0xaf, 0xb9, 0xe7, 0x9a, 0x84,
  0xe6, 0x89, 0x8b, 0xe6, 0x9f, 0x84, 0xef, 0xbc, 0x8c, 0xe6, 0x88, 0x96,
  0xe9, 0x85, 0x8d, 0xe5, 0xaf, 0xb9, 0xe6, 0x96, 0xb0, 0xe6, 0x89, 0x8b,
  0xe6, 0x9f, 0x84, 0xe3, 0x80, 0x82, 0x22, 0x2c, 0x22, 0x6e, 0x6f, 0x74,
  0x68, 0x69, 0x6e, 0x67, 0x50, 0x61, 0x69, 0x72, 0x65, 0x64, 0x22, 0x3a,
  0x22, 0xe5, 0xb0, 0x9a, 0xe6, 0x9c, 0xaa, 0xe9, 0x85, 0x8d, 0xe5, 0xaf,
  0xb9, 0xe4, 0xbb, 0xbb, 0xe4, 0xbd, 0x95, 0xe6, 0x89, 0x8b, 0xe6, 0x9f,
  0x84, 0xe3, 0x80, 0x82, 0x22, 0x2c, 0x22, 0x6f, 0x66, 0x66, 0x6c, 0x69,
  0x6e, 0x65, 0x50, 0x61, 0x64, 0x22, 0x3a, 0x22, 0xe5, 0xb7, 0xb2, 0xe9,
  0x85, 0x8d, 0xe5, 0xaf, 0xb9, 0xe7, 0x9a, 0x84, 0xe6, 0x89, 0x8b, 0xe6,
  0x9f, 0x84, 0x20, 0xc2, 0xb7, 0x20, 0xe7, 0xa6, 0xbb, 0xe7, 0xba, 0xbf,
  0x22, 0x2c, 0x22, 0x75, 0x6e, 0x6b, 0x6e, 0x6f, 0x77, 0x6e, 0x49, 0x64,
  0x22, 0x3a, 0x22, 0xe6, 0x9c, 0xaa, 0xe7, 0x9f, 0xa5, 0x20, 0x49, 0x44,
  0x22, 0x2c, 0x22, 0x70, 0x61, 0x69, 0x72, 0x69, 0x6e, 0x67, 0x4e, 0x6f,
  0x77, 0x22, 0x3a, 0x22, 0xe6, 0xad, 0xa3, 0xe5, 0x9c, 0xa8, 0xe9, 0x85,
  0x8d, 0xe5, 0xaf, 0xb9, 0xe2, 0x80, 0xa6, 0x22, 0x2c, 0x22, 0x72, 0x75,
  0x6e, 0x6e, 0x69, 0x6e, 0x67, 0x22, 0x3a, 0x22, 0xe8, 0xbf, 0x90, 0xe8,
  0xa1, 0x8c, 0xe4, 0xb8, 0xad, 0x22, 0x2c, 0x22, 0x6e, 0x6f, 0x42, 0x74,
  0x22, 0x3a, 0x22, 0xe6, 0x97, 0xa0, 0xe8, 0x93, 0x9d, 0xe7, 0x89, 0x99,
  0x22, 0x2c, 0x22, 0x73, 0x74, 0x61, 0x72, 0x74, 0x69, 0x6e, 0x67, 0x42,
  0x74, 0x22, 0x3a, 0x22, 0xe6, 0xad, 0xa3, 0xe5, 0x9c, 0xa8, 0xe5, 0x90,
  0xaf, 0xe5, 0x8a, 0xa8, 0xe8, 0x93, 0x9d, 0xe7, 0x89, 0x99, 0xe2, 0x80,
  0xa6, 0x22, 0x2c, 0x22, 0x72, 0x65, 0x61, 0x64, 0x79, 0x22, 0x3a, 0x22,
  0xe5, 0xb0, 0xb1, 0xe7, 0xbb, 0xaa, 0x22, 0x2c, 0x22, 0x66, 0x61, 0x69,
  0x6c, 0x65, 0x64, 0x42, 0x74, 0x22, 0x3a, 0x22, 0xe5, 0xa4, 0xb1, 0xe8,
  0xb4, 0xa5, 0x22, 0x2c, 0x22, 0x73, 0x74, 0x61, 0x72, 0x74, 0x69, 0x6e,
  0x67, 0x22, 0x3a, 0x22, 0xe6, 0xad, 0xa3, 0xe5, 0x9c, 0xa8, 0xe5, 0x90,
  0xaf, 0xe5, 0x8a, 0xa8, 0x22, 0x2c, 0x22, 0x72, 0x4e, 0x6f, 0x63, 0x68,
  0x69, 0x70, 0x22, 0x3a, 0x22, 0xe8, 0x93, 0x9d, 0xe7, 0x89, 0x99, 0xe8,
  0x8a, 0xaf, 0xe7, 0x89, 0x87, 0xe6, 0x97, 0xa0, 0xe5, 0x93, 0x8d, 0xe5,
  0xba, 0x94, 0xe3, 0x80, 0x82, 0xe8, 0xaf, 0xa6, 0xe6, 0x83, 0x85, 0xe8,
  0xa7, 0x81, 0xe6, 0x97, 0xa5, 0xe5, 0xbf, 0x97, 0xef, 0xbc, 0x88, 0xe2,
  0x80, 0x9c, 0x64, 0x69, 0x61, 0x67, 0xe2, 0x80, 0x9d, 0xe8, 0xa1, 0x8c,
  0xef, 0xbc, 0x89, 0xe3, 0x80, 0x82, 0x22, 0x2c, 0x22, 0x72, 0x4c, 0x6f,
  0x73, 0x74, 0x22, 0x3a, 0x22, 0xe8, 0x93, 0x9d, 0xe7, 0x89, 0x99, 0xe8,
  0xbf, 0x9e, 0xe6, 0x8e, 0xa5, 0xe5, 0xb7, 0xb2, 0xe4, 0xb8, 0xa2, 0xe5,
  0xa4, 0xb1, 0xe3, 0x80, 0x82, 0xe8, 0xaf, 0xb7, 0xe6, 0x8c, 0x89, 0xe2,
  0x80, 0x9c, 0xe9, 0x87, 0x8d, 0xe8, 0xaf, 0x95, 0xe8, 0x93, 0x9d, 0xe7,
  0x89, 0x99, 0xe2, 0x80, 0x9d, 0xe3, 0x80, 0x82, 0x22, 0x2c, 0x22, 0x72,
  0x4e, 0x6f, 0x76, 0x70, 0x61, 0x64, 0x22, 0x3a, 0x22, 0xe6, 0xad, 0xa4,
  0xe7, 0xb3, 0xbb, 0xe7, 0xbb, 0x9f, 0xe6, 0x97, 0xa0, 0xe6, 0xb3, 0x95,
  0xe5, 0x88, 0x9b, 0xe5, 0xbb, 0xba, 0xe8, 0x99, 0x9a, 0xe6, 0x8b, 0x9f,
  0xe6, 0x89, 0x8b, 0xe6, 0x9f, 0x84, 0xef, 0xbc, 0x88, 0xe8, 0xaf, 0xb7,
  0xe6, 0x9f, 0xa5, 0xe7, 0x9c, 0x8b, 0xe6, 0x97, 0xa5, 0xe5, 0xbf, 0x97,
  0xef, 0xbc, 0x89, 0xe3, 0x80, 0x82, 0xe6, 0x9c, 0xaa, 0xe6, 0x94, 0xb9,
  0xe5, 0x8a, 0xa8, 0xe8, 0x93, 0x9d, 0xe7, 0x89, 0x99, 0xe3, 0x80, 0x82,
  0x22, 0x2c, 0x22, 0x73, 0x65, 0x61, 0x72, 0x63, 0x68, 0x69, 0x6e, 0x67,
  0x22, 0x3a, 0x22, 0xe6, 0xad, 0xa3, 0xe5, 0x9c, 0xa8, 0xe6, 0x90, 0x9c,
  0xe7, 0xb4, 0xa2, 0xe2, 0x80, 0xa6, 0x20, 0xe5, 0x89, 0xa9, 0xe4, 0xbd,
  0x99, 0x20, 0x7b, 0x6e, 0x7d, 0x20, 0xe7, 0xa7, 0x92, 0xe3, 0x80, 0x82,
  0xe8, 0xaf, 0xb7, 0xe7, 0xab, 0x8b, 0xe5, 0x8d, 0xb3, 0xe8, 0xae, 0xa9,
  0xe6, 0x89, 0x8b, 0xe6, 0x9f, 0x84, 0xe8, 0xbf, 0x9b, 0xe5, 0x85, 0xa5,
  0xe9, 0x85, 0x8d, 0xe5, 0xaf, 0xb9, 0xe6, 0xa8, 0xa1, 0xe5, 0xbc, 0x8f,
  0xe3, 0x80, 0x82, 0x22, 0x2c, 0x22, 0x70, 0x61, 0x69, 0x72, 0x69, 0x6e,
  0x67, 0x53, 0x65, 0x63, 0x22, 0x3a, 0x22, 0xe6, 0xad, 0xa3, 0xe5, 0x9c,
  0xa8, 0xe9, 0x85, 0x8d, 0xe5, 0xaf, 0xb9, 0xe2, 0x80, 0xa6, 0x20, 0x7b,
  0x6e, 0x7d, 0x20, 0xe7, 0xa7, 0x92, 0x22, 0x2c, 0x22, 0x68, 0x6f, 0x74,
  0x6b, 0x65, 0x79, 0x22, 0x3a, 0x22, 0xe5, 0xbf, 0xab, 0xe6, 0x8d, 0xb7,
  0xe9, 0x94, 0xae, 0xef, 0xbc, 0x9a, 0x7b, 0x63, 0x7d, 0x22, 0x2c, 0x22,
  0x70, 0x61, 0x69, 0x72, 0x53, 0x74, 0x61, 0x72, 0x74, 0x65, 0x64, 0x22,
  0x3a, 0x22, 0xe9, 0x85, 0x8d, 0xe5, 0xaf, 0xb9, 0x20, 0x36, 0x30, 0x20,
  0xe7, 0xa7, 0x92, 0x20, 0x2d, 0x20, 0xe8, 0xaf, 0xb7, 0xe8, 0xae, 0xa9,
  0xe6, 0x89, 0x8b, 0xe6, 0x9f, 0x84, 0xe8, 0xbf, 0x9b, 0xe5, 0x85, 0xa5,
  0xe9, 0x85, 0x8d, 0xe5, 0xaf, 0xb9, 0xe6, 0xa8, 0xa1, 0xe5, 0xbc, 0x8f,
  0x22, 0x2c, 0x22, 0x72, 0x65, 0x74, 0x72, 0x79, 0x69, 0x6e, 0x67, 0x22,
  0x3a, 0x22, 0xe6, 0xad, 0xa3, 0xe5, 0x9c, 0xa8, 0xe9, 0x87, 0x8d, 0xe8,
  0xaf, 0x95, 0xe8, 0x93, 0x9d, 0xe7, 0x89, 0x99, 0xe2, 0x80, 0xa6, 0x22,
  0x2c, 0x22, 0x6c, 0x6f, 0x67, 0x45, 0x72, 0x72, 0x6f, 0x72, 0x22, 0x3a,
  0x22, 0xe6, 0x97, 0xa0, 0xe6, 0xb3, 0x95, 0xe8, 0xaf, 0xbb, 0xe5, 0x8f,
  0x96, 0xe6, 0x97, 0xa5, 0xe5, 0xbf, 0x97, 0xe3, 0x80, 0x82, 0x22, 0x2c,
  0x22, 0x65, 0x6d, 0x70, 0x74, 0x79, 0x22, 0x3a, 0x22, 0xef, 0xbc, 0x88,
  0xe7, 0xa9, 0xba, 0xef, 0xbc, 0x89, 0x22, 0x2c, 0x22, 0x74, 0x61, 0x70,
  0x53, 0x74, 0x6f, 0x70, 0x22, 0x3a, 0x22, 0xe5, 0x86, 0x8d, 0xe6, 0x8c,
  0x89, 0xe4, 0xb8, 0x80, 0xe6, 0xac, 0xa1, 0xe4, 0xbb, 0xa5, 0xe5, 0x81,
  0x9c, 0xe6, 0xad, 0xa2, 0x22, 0x2c, 0x22, 0x73, 0x74, 0x6f, 0x70, 0x70,
  0x69, 0x6e, 0x67, 0x22, 0x3a, 0x22, 0x50, 0x61, 0x64, 0x42, 0x72, 0x69,
  0x64, 0x67, 0x65, 0x20, 0xe6, 0xad, 0xa3, 0xe5, 0x9c, 0xa8, 0xe5, 0x81,
  0x9c, 0xe6, 0xad, 0xa2, 0x22, 0x2c, 0x22, 0x73, 0x74, 0x6f, 0x70, 0x70,
  0x69, 0x6e, 0x67, 0x53, 0x68, 0x6f, 0x72, 0x74, 0x22, 0x3a, 0x22, 0xe6,
  0xad, 0xa3, 0xe5, 0x9c, 0xa8, 0xe5, 0x81, 0x9c, 0xe6, 0xad, 0xa2, 0xe2,
  0x80, 0xa6, 0x22, 0x2c, 0x22, 0x6f, 0x66, 0x66, 0x6c, 0x69, 0x6e, 0x65,
  0x22, 0x3a, 0x22, 0xe7, 0xa6, 0xbb, 0xe7, 0xba, 0xbf, 0x22, 0x7d, 0x2c,
  0x0a, 0x69, 0x74, 0x3a, 0x7b, 0x22, 0x6c, 0x61, 0x6e, 0x67, 0x75, 0x61,
  0x67, 0x65, 0x22, 0x3a, 0x22, 0x4c, 0x69, 0x6e, 0x67, 0x75, 0x61, 0x22,
  0x2c, 0x22, 0x6c, 0x61, 0x6e, 0x67, 0x53, 0x65, 0x74, 0x22, 0x3a, 0x22,
  0x4c, 0x69, 0x6e, 0x67, 0x75, 0x61, 0x3a, 0x20, 0x7b, 0x6e, 0x61, 0x6d,
  0x65, 0x7d, 0x22, 0x2c, 0x22, 0x63, 0x6f, 0x6e, 0x6e, 0x65, 0x63, 0x74,
  0x69, 0x6e, 0x67, 0x22, 0x3a, 0x22, 0x43, 0x6f, 0x6e, 0x6e, 0x65, 0x73,
  0x73, 0x69, 0x6f, 0x6e, 0x65, 0xe2, 0x80, 0xa6, 0x22, 0x2c, 0x22, 0x73,
  0x74, 0x61, 0x74, 0x75, 0x73, 0x22, 0x3a, 0x22, 0x53, 0x74, 0x61, 0x74,
  0x6f, 0x22, 0x2c, 0x22, 0x62, 0x6c, 0x75, 0x65, 0x74, 0x6f, 0x6f, 0x74,
  0x68, 0x22, 0x3a, 0x22, 0x42, 0x6c, 0x75, 0x65, 0x74, 0x6f, 0x6f, 0x74,
  0x68, 0x22, 0x2c, 0x22, 0x63, 0x6f, 0x6e, 0x6e, 0x65, 0x63, 0x74, 0x65,
  0x64, 0x22, 0x3a, 0x22, 0x43, 0x6f, 0x6e, 0x6e, 0x65, 0x73, 0x73, 0x69,
  0x22, 0x2c, 0x22, 0x70, 0x61, 0x69, 0x72, 0x65, 0x64, 0x22, 0x3a, 0x22,
  0x41, 0x73, 0x73, 0x6f, 0x63, 0x69, 0x61, 0x74, 0x69, 0x22, 0x2c, 0x22,
  0x74, 0x69, 0x70, 0x55, 0x73, 0x65, 0x72, 0x73, 0x22, 0x3a, 0x22, 0x47,
  0x69, 0x6f, 0x63, 0x61, 0x20, 0x63, 0x6f, 0x6e, 0x20, 0x69, 0x6c, 0x20,
  0x74, 0x75, 0x6f, 0x20, 0x75, 0x74, 0x65, 0x6e, 0x74, 0x65, 0x20, 0x70,
  0x72, 0x69, 0x6e, 0x63, 0x69, 0x70, 0x61, 0x6c, 0x65, 0x20, 0x65, 0x20,
  0x70, 0x72, 0x65, 0x6d, 0x69, 0x20, 0x7b, 0x70, 0x73, 0x7d, 0x20, 0x73,
  0x75, 0x6c, 0x6c, 0x61, 0x20, 0x73, 0x63, 0x68, 0x65, 0x64, 0x61, 0x20,
  0x64, 0x65, 0x6c, 0x20, 0x63, 0x6f, 0x6e, 0x74, 0x72, 0x6f, 0x6c, 0x6c,
  0x65, 0x72, 0x20, 0x70, 0x65, 0x72, 0x20, 0x64, 0x61, 0x72, 0x67, 0x6c,
  0x69, 0x20, 0x69, 0x6c, 0x20, 0x66, 0x6f, 0x63, 0x75, 0x73, 0x20, 0x64,
  0x65, 0x6c, 0x6c, 0x61, 0x20, 0x63, 0x6f, 0x6e, 0x73, 0x6f, 0x6c, 0x65,
  0x2e, 0x22, 0x2c, 0x22, 0x72, 0x65, 0x74, 0x72, 0x79, 0x42, 0x74, 0x22,
  0x3a, 0x22, 0x52, 0x69, 0x70, 0x72, 0x6f, 0x76, 0x61, 0x20, 0x42, 0x6c,
  0x75, 0x65, 0x74, 0x6f, 0x6f, 0x74, 0x68, 0x22, 0x2c, 0x22, 0x70, 0x61,
  0x69, 0x72, 0x69, 0x6e, 0x67, 0x22, 0x3a, 0x22, 0x41, 0x73, 0x73, 0x6f,
  0x63, 0x69, 0x61, 0x7a, 0x69, 0x6f, 0x6e, 0x65, 0x22, 0x2c, 0x22, 0x70,
  0x61, 0x69, 0x72, 0x49, 0x64, 0x6c, 0x65, 0x22, 0x3a, 0x22, 0x50, 0x72,
  0x65, 0x6d, 0x69, 0x20, 0x69, 0x6c, 0x20, 0x70, 0x75, 0x6c, 0x73, 0x61,
  0x6e, 0x74, 0x65, 0x2c, 0x20, 0x70, 0x6f, 0x69, 0x20, 0x6d, 0x65, 0x74,
  0x74, 0x69, 0x20, 0x69, 0x6c, 0x20, 0x63, 0x6f, 0x6e, 0x74, 0x72, 0x6f,
  0x6c, 0x6c, 0x65, 0x72, 0x20, 0x69, 0x6e, 0x20, 0x6d, 0x6f, 0x64, 0x61,
  0x6c, 0x69, 0x74, 0xc3, 0xa0, 0x20, 0x64, 0x69, 0x20, 0x61, 0x73, 0x73,
  0x6f, 0x63, 0x69, 0x61, 0x7a, 0x69, 0x6f, 0x6e, 0x65, 0x2e, 0x20, 0x54,
  0x69, 0x65, 0x6e, 0x69, 0x20, 0x73, 0x70, 0x65, 0x6e, 0x74, 0x6f, 0x20,
  0x69, 0x6c, 0x20, 0x44, 0x75, 0x61, 0x6c, 0x53, 0x65, 0x6e, 0x73, 0x65,
  0x20, 0x64, 0x75, 0x72, 0x61, 0x6e, 0x74, 0x65, 0x20, 0x6c, 0x27, 0x61,
  0x73, 0x73, 0x6f, 0x63, 0x69, 0x61, 0x7a, 0x69, 0x6f, 0x6e, 0x65, 0x2e,
  0x22, 0x2c, 0x22, 0x70, 0x61, 0x69, 0x72, 0x42, 0x74, 0x6e, 0x22, 0x3a,
  0x22, 0x41, 0x73, 0x73, 0x6f, 0x63, 0x69, 0x61, 0x20, 0x75, 0x6e, 0x20,
  0x63, 0x6f, 0x6e, 0x74, 0x72, 0x6f, 0x6c, 0x6c, 0x65, 0x72, 0x20, 0x28,
  0x36, 0x30, 0x20, 0x73, 0x29, 0x22, 0x2c, 0x22, 0x63, 0x6f, 0x6e, 0x6e,
  0x65, 0x63, 0x74, 0x65, 0x64, 0x54, 0x69, 0x74, 0x6c, 0x65, 0x22, 0x3a,
  0x22, 0x43, 0x6f, 0x6e, 0x74, 0x72, 0x6f, 0x6c, 0x6c, 0x65, 0x72, 0x20,
  0x63, 0x6f, 0x6e, 0x6e, 0x65, 0x73, 0x73, 0x69, 0x22, 0x2c, 0x22, 0x75,
  0x70, 0x54, 0x6f, 0x34, 0x22, 0x3a, 0x22, 0x46, 0x69, 0x6e, 0x6f, 0x20,
  0x61, 0x20, 0x34, 0x22, 0x2c, 0x22, 0x70, 0x61, 0x69, 0x72, 0x65, 0x64,
  0x54, 0x69, 0x74, 0x6c, 0x65, 0x22, 0x3a, 0x22, 0x43, 0x6f, 0x6e, 0x74,
  0x72, 0x6f, 0x6c, 0x6c, 0x65, 0x72, 0x20, 0x61, 0x73, 0x73, 0x6f, 0x63,
  0x69, 0x61, 0x74, 0x69, 0x22, 0x2c, 0x22, 0x73, 0x77, 0x69, 0x74, 0x63,
  0x68, 0x4f, 0x6e, 0x22, 0x3a, 0x22, 0x41, 0x63, 0x63, 0x65, 0x6e, 0x64,
  0x69, 0x6e, 0x65, 0x20, 0x75, 0x6e, 0x6f, 0x20, 0x70, 0x65, 0x72, 0x20,
  0x63, 0x6f, 0x6e, 0x6e, 0x65, 0x74, 0x74, 0x65, 0x72, 0x6c, 0x6f, 0x22,
  0x2c, 0x22, 0x6c, 0x6f, 0x67, 0x22, 0x3a, 0x22, 0x52, 0x65, 0x67, 0x69,
  0x73, 0x74, 0x72, 0x6f, 0x22, 0x2c, 0x22, 0x73, 0x68, 0x6f, 0x77, 0x22,
  0x3a, 0x22, 0x4d, 0x6f, 0x73, 0x74, 0x72, 0x61, 0x22, 0x2c, 0x22, 0x68,
  0x69, 0x64, 0x65, 0x22, 0x3a, 0x22, 0x4e, 0x61, 0x73, 0x63, 0x6f, 0x6e,
  0x64, 0x69, 0x22, 0x2c, 0x22, 0x6c, 0x6f, 0x61, 0x64, 0x69, 0x6e, 0x67,
  0x22, 0x3a, 0x22, 0x43, 0x61, 0x72, 0x69, 0x63, 0x61, 0x6d, 0x65, 0x6e,
  0x74, 0x6f, 0xe2, 0x80, 0xa6, 0x22, 0x2c, 0x22, 0x72, 0x65, 0x66, 0x72,
  0x65, 0x73, 0x68, 0x22, 0x3a, 0x22, 0x41, 0x67, 0x67, 0x69, 0x6f, 0x72,
  0x6e, 0x61, 0x22, 0x2c, 0x22, 0x66, 0x6f, 0x6f, 0x74, 0x65, 0x72, 0x22,
  0x3a, 0x22, 0x43, 0x68, 0x69, 0x75, 0x64, 0x65, 0x6e, 0x64, 0x6f, 0x20,
  0x71, 0x75, 0x65, 0x73, 0x74, 0x61, 0x20, 0x70, 0x61, 0x67, 0x69, 0x6e,
  0x61, 0x20, 0x50, 0x61, 0x64, 0x42, 0x72, 0x69, 0x64, 0x67, 0x65, 0x20,
  0x72, 0x65, 0x73, 0x74, 0x61, 0x20, 0x61, 0x74, 0x74, 0x69, 0x76, 0x6f,
  0x2e, 0x20, 0x41, 0x72, 0x72, 0x65, 0x73, 0x74, 0x61, 0x6c, 0x6f, 0x20,
  0x70, 0x72, 0x69, 0x6d, 0x61, 0x20, 0x64, 0x69, 0x20, 0x63, 0x61, 0x72,
  0x69, 0x63, 0x61, 0x72, 0x65, 0x20, 0x64, 0x69, 0x20, 0x6e, 0x75, 0x6f,
  0x76, 0x6f, 0x20, 0x6c, 0x27, 0x45, 0x4c, 0x46, 0x3a, 0x20, 0x69, 0x20,
  0x63, 0x6f, 0x6e, 0x74, 0x72, 0x6f, 0x6c, 0x6c, 0x65, 0x72, 0x20, 0x73,
  0x69, 0x20, 0x64, 0x69, 0x73, 0x63, 0x6f, 0x6e, 0x6e, 0x65, 0x74, 0x74,
  0x6f, 0x6e, 0x6f, 0x20, 0x65, 0x20, 0x69, 0x6c, 0x20, 0x42, 0x6c, 0x75,
  0x65, 0x74, 0x6f, 0x6f, 0x74, 0x68, 0x20, 0x72, 0x65, 0x73, 0x74, 0x61,
  0x20, 0x63, 0x6f, 0x6d, 0x27, 0x65, 0x72, 0x61, 0x2e, 0x22, 0x2c, 0x22,
  0x73, 0x74, 0x6f, 0x70, 0x42, 0x74, 0x6e, 0x22, 0x3a, 0x22, 0x41, 0x72,
  0x72, 0x65, 0x73, 0x74, 0x61, 0x20, 0x50, 0x61, 0x64, 0x42, 0x72, 0x69,
  0x64, 0x67, 0x65, 0x20, 0x28, 0x61, 0x76, 0x61, 0x6e, 0x7a, 0x61, 0x74,
  0x6f, 0x29, 0x22, 0x2c, 0x22, 0x70, 0x72, 0x65, 0x73, 0x73, 0x50, 0x73,
  0x22, 0x3a, 0x22, 0x50, 0x72, 0x65, 0x6d, 0x69, 0x20, 0x50, 0x53, 0x22,
  0x2c, 0x22, 0x72, 0x75, 0x6d, 0x62, 0x6c, 0x65, 0x22, 0x3a, 0x22, 0x56,
  0x69, 0x62, 0x72, 0x61, 0x7a, 0x69, 0x6f, 0x6e, 0x65, 0x22, 0x2c, 0x22,
  0x66, 0x6f, 0x72, 0x67, 0x65, 0x74, 0x22, 0x3a, 0x22, 0x44, 0x69, 0x6d,
  0x65, 0x6e, 0x74, 0x69, 0x63, 0x61, 0x22, 0x2c, 0x22, 0x70, 0x73, 0x54,
  0x69, 0x74, 0x6c, 0x65, 0x22, 0x3a, 0x22, 0x43, 0x6f, 0x6d, 0x65, 0x20,
  0x74, 0x65, 0x6e, 0x65, 0x72, 0x65, 0x20, 0x70, 0x72, 0x65, 0x6d, 0x75,
  0x74, 0x6f, 0x20, 0x50, 0x53, 0x3a, 0x20, 0x64, 0xc3, 0xa0, 0x20, 0x61,
  0x20, 0x71, 0x75, 0x65, 0x73, 0x74, 0x6f, 0x20, 0x63, 0x6f, 0x6e, 0x74,
  0x72, 0x6f, 0x6c, 0x6c, 0x65, 0x72, 0x20, 0x69, 0x6c, 0x20, 0x63, 0x6f,
  0x6e, 0x74, 0x72, 0x6f, 0x6c, 0x6c, 0x6f, 0x20, 0x64, 0x65, 0x6c, 0x6c,
  0x61, 0x20, 0x63, 0x6f, 0x6e, 0x73, 0x6f, 0x6c, 0x65, 0x22, 0x2c, 0x22,
  0x72, 0x75, 0x6d, 0x62, 0x6c, 0x65, 0x54, 0x69, 0x74, 0x6c, 0x65, 0x22,
  0x3a, 0x22, 0x46, 0x61, 0x20, 0x76, 0x69, 0x62, 0x72, 0x61, 0x72, 0x65,
  0x20, 0x71, 0x75, 0x65, 0x73, 0x74, 0x6f, 0x20, 0x63, 0x6f, 0x6e, 0x74,
  0x72, 0x6f, 0x6c, 0x6c, 0x65, 0x72, 0x20, 0x70, 0x65, 0x72, 0x20, 0x6d,
  0x65, 0x7a, 0x7a, 0x6f, 0x20, 0x73, 0x65, 0x63, 0x6f, 0x6e, 0x64, 0x6f,
  0x22, 0x2c, 0x22, 0x70, 0x73, 0x44, 0x6f, 0x6e, 0x65, 0x22, 0x3a, 0x22,
  0x50, 0x53, 0x20, 0x70, 0x72, 0x65, 0x6d, 0x75, 0x74, 0x6f, 0x20, 0x73,
  0x75, 0x20, 0x50, 0x7b, 0x6e, 0x7d, 0x22, 0x2c, 0x22, 0x72, 0x75, 0x6d,
  0x62, 0x6c, 0x65, 0x44, 0x6f, 0x6e, 0x65, 0x22, 0x3a, 0x22, 0x56, 0x69,
  0x62, 0x72, 0x61, 0x7a, 0x69, 0x6f, 0x6e, 0x65, 0x20, 0x69, 0x6e, 0x76,
  0x69, 0x61, 0x74, 0x61, 0x20, 0x61, 0x20, 0x50, 0x7b, 0x6e, 0x7d, 0x22,
  0x2c, 0x22, 0x6e, 0x6f, 0x52, 0x75, 0x6d, 0x62, 0x6c, 0x65, 0x22, 0x3a,
  0x22, 0x51, 0x75, 0x65, 0x73, 0x74, 0x6f, 0x20, 0x63, 0x6f, 0x6e, 0x74,
  0x72, 0x6f, 0x6c, 0x6c, 0x65, 0x72, 0x20, 0x6e, 0x6f, 0x6e, 0x20, 0x70,
  0x75, 0xc3, 0xb2, 0x20, 0x76, 0x69, 0x62, 0x72, 0x61, 0x72, 0x65, 0x22,
  0x2c, 0x22, 0x73, 0x75, 0x72, 0x65, 0x22, 0x3a, 0x22, 0x53, 0x69, 0x63,
  0x75, 0x72, 0x6f, 0x3f, 0x22, 0x2c, 0x22, 0x66, 0x6f, 0x72, 0x67, 0x6f,
  0x74, 0x74, 0x65, 0x6e, 0x22, 0x3a, 0x22, 0x44, 0x69, 0x6d, 0x65, 0x6e,
  0x74, 0x69, 0x63, 0x61, 0x74, 0x6f, 0x20, 0x2d, 0x20, 0x61, 0x73, 0x73,
  0x6f, 0x63, 0x69, 0x61, 0x6c, 0x6f, 0x20, 0x64, 0x69, 0x20, 0x6e, 0x75,
  0x6f, 0x76, 0x6f, 0x20, 0x70, 0x65, 0x72, 0x20, 0x75, 0x73, 0x61, 0x72,
  0x6c, 0x6f, 0x22, 0x2c, 0x22, 0x66, 0x61, 0x69, 0x6c, 0x65, 0x64, 0x22,
  0x3a, 0x22, 0x4e, 0x6f, 0x6e, 0x20, 0x68, 0x61, 0x20, 0x66, 0x75, 0x6e,
  0x7a, 0x69, 0x6f, 0x6e, 0x61, 0x74, 0x6f, 0x22, 0x2c, 0x22, 0x62, 0x61,
  0x74, 0x74, 0x65, 0x72, 0x79, 0x22, 0x3a, 0x22, 0x42, 0x61, 0x74, 0x74,
  0x65, 0x72, 0x69, 0x61, 0x20, 0x7b, 0x6e, 0x7d, 0x25, 0x22, 0x2c, 0x22,
  0x63, 0x68, 0x61, 0x72, 0x67, 0x69, 0x6e, 0x67, 0x22, 0x3a, 0x22, 0x69,
  0x6e, 0x20, 0x63, 0x61, 0x72, 0x69, 0x63, 0x61, 0x22, 0x2c, 0x22, 0x6e,
  0x6f, 0x42, 0x61, 0x74, 0x74, 0x65, 0x72, 0x79, 0x22, 0x3a, 0x22, 0x42,
  0x61, 0x74, 0x74, 0x65, 0x72, 0x69, 0x61, 0x20, 0x6e, 0x6f, 0x6e, 0x20,
  0x69, 0x6e, 0x64, 0x69, 0x63, 0x61, 0x74, 0x61, 0x22, 0x2c, 0x22, 0x6e,
  0x6f, 0x50, 0x61, 0x64, 0x73, 0x22, 0x3a, 0x22, 0x4e, 0x65, 0x73, 0x73,
  0x75, 0x6e, 0x20, 0x63, 0x6f, 0x6e, 0x74, 0x72, 0x6f, 0x6c, 0x6c, 0x65,
  0x72, 0x20, 0x63, 0x6f, 0x6e, 0x6e, 0x65, 0x73, 0x73, 0x6f, 0x2e, 0x20,
  0x41, 0x63, 0x63, 0x65, 0x6e, 0x64, 0x69, 0x6e, 0x65, 0x20, 0x75, 0x6e,
  0x6f, 0x20, 0x61, 0x73, 0x73, 0x6f, 0x63, 0x69, 0x61, 0x74, 0x6f, 0x20,
  0x6f, 0x20, 0x61, 0x73, 0x73, 0x6f, 0x63, 0x69, 0x61, 0x6e, 0x65, 0x20,
  0x75, 0x6e, 0x6f, 0x20, 0x6e, 0x75, 0x6f, 0x76, 0x6f, 0x2e, 0x22, 0x2c,
  0x22, 0x6e, 0x6f, 0x74, 0x68, 0x69, 0x6e, 0x67, 0x50, 0x61, 0x69, 0x72,
  0x65, 0x64, 0x22, 0x3a, 0x22, 0x41, 0x6e, 0x63, 0x6f, 0x72, 0x61, 0x20,
  0x6e, 0x65, 0x73, 0x73, 0x75, 0x6e, 0x20, 0x63, 0x6f, 0x6e, 0x74, 0x72,
  0x6f, 0x6c, 0x6c, 0x65, 0x72, 0x20, 0x61, 0x73, 0x73, 0x6f, 0x63, 0x69,
  0x61, 0x74, 0x6f, 0x2e, 0x22, 0x2c, 0x22, 0x6f, 0x66, 0x66, 0x6c, 0x69,
  0x6e, 0x65, 0x50, 0x61, 0x64, 0x22, 0x3a, 0x22, 0x43, 0x6f, 0x6e, 0x74,
  0x72, 0x6f, 0x6c, 0x6c, 0x65, 0x72, 0x20, 0x61, 0x73, 0x73, 0x6f, 0x63,
  0x69, 0x61, 0x74, 0x6f, 0x20, 0xc2, 0xb7, 0x20, 0x6f, 0x66, 0x66, 0x6c,
  0x69, 0x6e, 0x65, 0x22, 0x2c, 0x22, 0x75, 0x6e, 0x6b, 0x6e, 0x6f, 0x77,
  0x6e, 0x49, 0x64, 0x22, 0x3a, 0x22, 0x69, 0x64, 0x20, 0x73, 0x63, 0x6f,
  0x6e, 0x6f, 0x73, 0x63, 0x69, 0x75, 0x74, 0x6f, 0x22, 0x2c, 0x22, 0x70,
  0x61, 0x69, 0x72, 0x69, 0x6e, 0x67, 0x4e, 0x6f, 0x77, 0x22, 0x3a, 0x22,
  0x41, 0x73, 0x73, 0x6f, 0x63, 0x69, 0x61, 0x7a, 0x69, 0x6f, 0x6e, 0x65,
  0xe2, 0x80, 0xa6, 0x22, 0x2c, 0x22, 0x72, 0x75, 0x6e, 0x6e, 0x69, 0x6e,
  0x67, 0x22, 0x3a, 0x22, 0x49, 0x6e, 0x20, 0x65, 0x73, 0x65, 0x63, 0x75,
  0x7a, 0x69, 0x6f, 0x6e, 0x65, 0x22, 0x2c, 0x22, 0x6e, 0x6f, 0x42, 0x74,
  0x22, 0x3a, 0x22, 0x4e, 0x65, 0x73, 0x73, 0x75, 0x6e, 0x20, 0x42, 0x6c,
  0x75, 0x65, 0x74, 0x6f, 0x6f, 0x74, 0x68, 0x22, 0x2c, 0x22, 0x73, 0x74,
  0x61, 0x72, 0x74, 0x69, 0x6e, 0x67, 0x42, 0x74, 0x22, 0x3a, 0x22, 0x41,
  0x76, 0x76, 0x69, 0x6f, 0x20, 0x64, 0x65, 0x6c, 0x20, 0x42, 0x6c, 0x75,
  0x65, 0x74, 0x6f, 0x6f, 0x74, 0x68, 0xe2, 0x80, 0xa6, 0x22, 0x2c, 0x22,
  0x72, 0x65, 0x61, 0x64, 0x79, 0x22, 0x3a, 0x22, 0x50, 0x72, 0x6f, 0x6e,
  0x74, 0x6f, 0x22, 0x2c, 0x22, 0x66, 0x61, 0x69, 0x6c, 0x65, 0x64, 0x42,
  0x74, 0x22, 0x3a, 0x22, 0x45, 0x72, 0x72, 0x6f, 0x72, 0x65, 0x22, 0x2c,
  0x22, 0x73, 0x74, 0x61, 0x72, 0x74, 0x69, 0x6e, 0x67, 0x22, 0x3a, 0x22,
  0x41, 0x76, 0x76, 0x69, 0x6f, 0x22, 0x2c, 0x22, 0x72, 0x4e, 0x6f, 0x63,
  0x68, 0x69, 0x70, 0x22, 0x3a, 0x22, 0x49, 0x6c, 0x20, 0x63, 0x68, 0x69,
  0x70, 0x20, 0x42, 0x6c, 0x75, 0x65, 0x74, 0x6f, 0x6f, 0x74, 0x68, 0x20,
  0x6e, 0x6f, 0x6e, 0x20, 0x72, 0x69, 0x73, 0x70, 0x6f, 0x6e, 0x64, 0x65,
  0x2e, 0x20, 0x49, 0x20, 0x64, 0x65, 0x74, 0x74, 0x61, 0x67, 0x6c, 0x69,
  0x20, 0x73, 0x6f, 0x6e, 0x6f, 0x20, 0x6e, 0x65, 0x6c, 0x20, 0x72, 0x65,
  0x67, 0x69, 0x73, 0x74, 0x72, 0x6f, 0x20, 0x28, 0x72, 0x69, 0x67, 0x68,
  0x65, 0x20, 0x27, 0x64, 0x69, 0x61, 0x67, 0x27, 0x29, 0x2e, 0x22, 0x2c,
  0x22, 0x72, 0x4c, 0x6f, 0x73, 0x74, 0x22, 0x3a, 0x22, 0x4c, 0x61, 0x20,
  0x63, 0x6f, 0x6e, 0x6e, 0x65, 0x73, 0x73, 0x69, 0x6f, 0x6e, 0x65, 0x20,
  0x42, 0x6c, 0x75, 0x65, 0x74, 0x6f, 0x6f, 0x74, 0x68, 0x20, 0xc3, 0xa8,
  0x20, 0x73, 0x74, 0x61, 0x74, 0x61, 0x20, 0x70, 0x65, 0x72, 0x73, 0x61,
  0x2e, 0x20, 0x50, 0x72, 0x65, 0x6d, 0x69, 0x20, 0x52, 0x69, 0x70, 0x72,
  0x6f, 0x76, 0x61, 0x20, 0x42, 0x6c, 0x75, 0x65, 0x74, 0x6f, 0x6f, 0x74,
  0x68, 0x2e, 0x22, 0x2c, 0x22, 0x72, 0x4e, 0x6f, 0x76, 0x70, 0x61, 0x64,
  0x22, 0x3a, 0x22, 0x53, 0x75, 0x20, 0x71, 0x75, 0x65, 0x73, 0x74, 0x6f,
  0x20, 0x73, 0x69, 0x73, 0x74, 0x65, 0x6d, 0x61, 0x20, 0x6e, 0x6f, 0x6e,
  0x20, 0xc3, 0xa8, 0x20, 0x70, 0x6f, 0x73, 0x73, 0x69, 0x62, 0x69, 0x6c,
  0x65, 0x20, 0x63, 0x72, 0x65, 0x61, 0x72, 0x65, 0x20, 0x63, 0x6f, 0x6e,
  0x74, 0x72, 0x6f, 0x6c, 0x6c, 0x65, 0x72, 0x20, 0x76, 0x69, 0x72, 0x74,
  0x75, 0x61, 0x6c, 0x69, 0x20, 0x28, 0x76, 0x65, 0x64, 0x69, 0x20, 0x69,
  0x6c, 0x20, 0x72, 0x65, 0x67, 0x69, 0x73, 0x74, 0x72, 0x6f, 0x29, 0x2e,
  0x20, 0x49, 0x6c, 0x20, 0x42, 0x6c, 0x75, 0x65, 0x74, 0x6f, 0x6f, 0x74,
  0x68, 0x20, 0x6e, 0x6f, 0x6e, 0x20, 0xc3, 0xa8, 0x20, 0x73, 0x74, 0x61,
  0x74, 0x6f, 0x20, 0x74, 0x6f, 0x63, 0x63, 0x61, 0x74, 0x6f, 0x2e, 0x22,
  0x2c, 0x22, 0x73, 0x65, 0x61, 0x72, 0x63, 0x68, 0x69, 0x6e, 0x67, 0x22,
  0x3a, 0x22, 0x52, 0x69, 0x63, 0x65, 0x72, 0x63, 0x61, 0xe2, 0x80, 0xa6,
  0x20, 0x6d, 0x61, 0x6e, 0x63, 0x61, 0x6e, 0x6f, 0x20, 0x7b, 0x6e, 0x7d,
  0x20, 0x73, 0x2e, 0x20, 0x4d, 0x65, 0x74, 0x74, 0x69, 0x20, 0x6f, 0x72,
  0x61, 0x20, 0x69, 0x6c, 0x20, 0x63, 0x6f, 0x6e, 0x74, 0x72, 0x6f, 0x6c,
  0x6c, 0x65, 0x72, 0x20, 0x69, 0x6e, 0x20, 0x6d, 0x6f, 0x64, 0x61, 0x6c,
  0x69, 0x74, 0xc3, 0xa0, 0x20, 0x64, 0x69, 0x20, 0x61, 0x73, 0x73, 0x6f,
  0x63, 0x69, 0x61, 0x7a, 0x69, 0x6f, 0x6e, 0x65, 0x2e, 0x22, 0x2c, 0x22,
  0x70, 0x61, 0x69, 0x72, 0x69, 0x6e, 0x67, 0x53, 0x65, 0x63, 0x22, 0x3a,
  0x22, 0x41, 0x73, 0x73, 0x6f, 0x63, 0x69, 0x61, 0x7a, 0x69, 0x6f, 0x6e,
  0x65, 0xe2, 0x80, 0xa6, 0x20, 0x7b, 0x6e, 0x7d, 0x20, 0x73, 0x22, 0x2c,
  0x22, 0x68, 0x6f, 0x74, 0x6b, 0x65, 0x79, 0x22, 0x3a, 0x22, 0x53, 0x63,
  0x6f, 0x72, 0x63, 0x69, 0x61, 0x74, 0x6f, 0x69, 0x61, 0x3a, 0x20, 0x7b,
  0x63, 0x7d, 0x22, 0x2c, 0x22, 0x70, 0x61, 0x69, 0x72, 0x53, 0x74, 0x61,
  0x72, 0x74, 0x65, 0x64, 0x22, 0x3a, 0x22, 0x41, 0x73, 0x73, 0x6f, 0x63,
  0x69, 0x61, 0x7a, 0x69, 0x6f, 0x6e, 0x65, 0x20, 0x70, 0x65, 0x72, 0x20,
  0x36, 0x30, 0x20, 0x73, 0x20, 0x2d, 0x20, 0x6d, 0x65, 0x74, 0x74, 0x69,
  0x20, 0x69, 0x6c, 0x20, 0x63, 0x6f, 0x6e, 0x74, 0x72, 0x6f, 0x6c, 0x6c,
  0x65, 0x72, 0x20, 0x69, 0x6e, 0x20, 0x6d, 0x6f, 0x64, 0x61, 0x6c, 0x69,
  0x74, 0xc3, 0xa0, 0x20, 0x64, 0x69, 0x20, 0x61, 0x73, 0x73, 0x6f, 0x63,
  0x69, 0x61, 0x7a, 0x69, 0x6f, 0x6e, 0x65, 0x22, 0x2c, 0x22, 0x72, 0x65,
  0x74, 0x72, 0x79, 0x69, 0x6e, 0x67, 0x22, 0x3a, 0x22, 0x4e, 0x75, 0x6f,
  0x76, 0x6f, 0x20, 0x74, 0x65, 0x6e, 0x74, 0x61, 0x74, 0x69, 0x76, 0x6f,
  0x20, 0x42, 0x6c, 0x75, 0x65, 0x74, 0x6f, 0x6f, 0x74, 0x68, 0xe2, 0x80,
  0xa6, 0x22, 0x2c, 0x22, 0x6c, 0x6f, 0x67, 0x45, 0x72, 0x72, 0x6f, 0x72,
  0x22, 0x3a, 0x22, 0x49, 0x6d, 0x70, 0x6f, 0x73, 0x73, 0x69, 0x62, 0x69,
  0x6c, 0x65, 0x20, 0x6c, 0x65, 0x67, 0x67, 0x65, 0x72, 0x65, 0x20, 0x69,
  0x6c, 0x20, 0x72, 0x65, 0x67, 0x69, 0x73, 0x74, 0x72, 0x6f, 0x2e, 0x22,
  0x2c, 0x22, 0x65, 0x6d, 0x70, 0x74, 0x79, 0x22, 0x3a, 0x22, 0x28, 0x76,
  0x75, 0x6f, 0x74, 0x6f, 0x29, 0x22, 0x2c, 0x22, 0x74, 0x61, 0x70, 0x53,
  0x74, 0x6f, 0x70, 0x22, 0x3a, 0x22, 0x54, 0x6f, 0x63, 0x63, 0x61, 0x20,
  0x64, 0x69, 0x20, 0x6e, 0x75, 0x6f, 0x76, 0x6f, 0x20, 0x70, 0x65, 0x72,
  0x20, 0x61, 0x72, 0x72, 0x65, 0x73, 0x74, 0x61, 0x72, 0x65, 0x22, 0x2c,
  0x22, 0x73, 0x74, 0x6f, 0x70, 0x70, 0x69, 0x6e, 0x67, 0x22, 0x3a, 0x22,
  0x50, 0x61, 0x64, 0x42, 0x72, 0x69, 0x64, 0x67, 0x65, 0x20, 0x73, 0x69,
  0x20, 0x73, 0x74, 0x61, 0x20, 0x61, 0x72, 0x72, 0x65, 0x73, 0x74, 0x61,
  0x6e, 0x64, 0x6f, 0x22, 0x2c, 0x22, 0x73, 0x74, 0x6f, 0x70, 0x70, 0x69,
  0x6e, 0x67, 0x53, 0x68, 0x6f, 0x72, 0x74, 0x22, 0x3a, 0x22, 0x41, 0x72,
  0x72, 0x65, 0x73, 0x74, 0x6f, 0xe2, 0x80, 0xa6, 0x22, 0x2c, 0x22, 0x6f,
  0x66, 0x66, 0x6c, 0x69, 0x6e, 0x65, 0x22, 0x3a, 0x22, 0x4f, 0x66, 0x66,
  0x6c, 0x69, 0x6e, 0x65, 0x22, 0x7d, 0x2c, 0x0a, 0x68, 0x65, 0x3a, 0x7b,
  0x22, 0x6c, 0x61, 0x6e, 0x67, 0x75, 0x61, 0x67, 0x65, 0x22, 0x3a, 0x22,
  0xd7, 0xa9, 0xd7, 0xa4, 0xd7, 0x94, 0x22, 0x2c, 0x22, 0x6c, 0x61, 0x6e,
  0x67, 0x53, 0x65, 0x74, 0x22, 0x3a, 0x22, 0xd7, 0xa9, 0xd7, 0xa4, 0xd7,
  0x94, 0x3a, 0x20, 0x7b, 0x6e, 0x61, 0x6d, 0x65, 0x7d, 0x22, 0x2c, 0x22,
  0x63, 0x6f, 0x6e, 0x6e, 0x65, 0x63, 0x74, 0x69, 0x6e, 0x67, 0x22, 0x3a,
  0x22, 0xd7, 0x9e, 0xd7, 0xaa, 0xd7, 0x97, 0xd7, 0x91, 0xd7, 0xa8, 0xe2,
  0x80, 0xa6, 0x22, 0x2c, 0x22, 0x73, 0x74, 0x61, 0x74, 0x75, 0x73, 0x22,
  0x3a, 0x22, 0xd7, 0xa1, 0xd7, 0x98, 0xd7, 0x98, 0xd7, 0x95, 0xd7, 0xa1,
  0x22, 0x2c, 0x22, 0x62, 0x6c, 0x75, 0x65, 0x74, 0x6f, 0x6f, 0x74, 0x68,
  0x22, 0x3a, 0x22, 0xd7, 0x91, 0xd7, 0x9c, 0xd7, 0x95, 0xd7, 0x98, 0xd7,
  0x95, 0xd7, 0xaa, 0xd7, 0xb3, 0x22, 0x2c, 0x22, 0x63, 0x6f, 0x6e, 0x6e,
  0x65, 0x63, 0x74, 0x65, 0x64, 0x22, 0x3a, 0x22, 0xd7, 0x9e, 0xd7, 0x97,
  0xd7, 0x95, 0xd7, 0x91, 0xd7, 0xa8, 0xd7, 0x99, 0xd7, 0x9d, 0x22, 0x2c,
  0x22, 0x70, 0x61, 0x69, 0x72, 0x65, 0x64, 0x22, 0x3a, 0x22, 0xd7, 0x9e,
  0xd7, 0xa6, 0xd7, 0x95, 0xd7, 0x9e, 0xd7, 0x93, 0xd7, 0x99, 0xd7, 0x9d,
  0x22, 0x2c, 0x22, 0x74, 0x69, 0x70, 0x55, 0x73, 0x65, 0x72, 0x73, 0x22,
  0x3a, 0x22, 0xd7, 0xa9, 0xd7, 0x97, 0xd7, 0xa7, 0x20, 0xd7, 0xa2, 0xd7,
  0x9d, 0x20, 0xd7, 0x94, 0xd7, 0x9e, 0xd7, 0xa9, 0xd7, 0xaa, 0xd7, 0x9e,
  0xd7, 0xa9, 0x20, 0xd7, 0x94, 0xd7, 0xa8, 0xd7, 0x90, 0xd7, 0xa9, 0xd7,
  0x99, 0x20, 0xd7, 0x95, 0xd7, 0x9c, 0xd7, 0x97, 0xd7, 0xa5, 0x20, 0x7b,
  0x70, 0x73, 0x7d, 0x20, 0xd7, 0x91, 0xd7, 0x9b, 0xd7, 0xa8, 0xd7, 0x98,
  0xd7, 0x99, 0xd7, 0xa1, 0x20, 0xd7, 0x94, 0xd7, 0x91, 0xd7, 0xa7, 0xd7,
  0xa8, 0x20, 0xd7, 0x9b, 0xd7, 0x93, 0xd7, 0x99, 0x20, 0xd7, 0x9c, 0xd7,
  0x94, 0xd7, 0xa2, 0xd7, 0x91, 0xd7, 0x99, 0xd7, 0xa8, 0x20, 0xd7, 0x90,
  0xd7, 0x9c, 0xd7, 0x99, 0xd7, 0x95, 0x20, 0xd7, 0x90, 0xd7, 0xaa, 0x20,
  0xd7, 0x94, 0xd7, 0x9e, 0xd7, 0x99, 0xd7, 0xa7, 0xd7, 0x95, 0xd7, 0x93,
  0x20, 0xd7, 0x91, 0xd7, 0xa7, 0xd7, 0x95, 0xd7, 0xa0, 0xd7, 0xa1, 0xd7,
  0x95, 0xd7, 0x9c, 0xd7, 0x94, 0x2e, 0x22, 0x2c, 0x22, 0x72, 0x65, 0x74,
  0x72, 0x79, 0x42, 0x74, 0x22, 0x3a, 0x22, 0xd7, 0xa0, 0xd7, 0xa1, 0xd7,
  0x94, 0x20, 0xd7, 0xa9, 0xd7, 0x95, 0xd7, 0x91, 0x20, 0xd7, 0x91, 0xd7,
  0x9c, 0xd7, 0x95, 0xd7, 0x98, 0xd7, 0x95, 0xd7, 0xaa, 0xd7, 0xb3, 0x22,
  0x2c, 0x22, 0x70, 0x61, 0x69, 0x72, 0x69, 0x6e, 0x67, 0x22, 0x3a, 0x22,
  0xd7, 0xa6, 0xd7, 0x99, 0xd7, 0x9e, 0xd7, 0x95, 0xd7, 0x93, 0x22, 0x2c,
  0x22, 0x70, 0x61, 0x69, 0x72, 0x49, 0x64, 0x6c, 0x65, 0x22, 0x3a, 0x22,
  0xd7, 0x9c, 0xd7, 0x97, 0xd7, 0xa5, 0x20, 0xd7, 0xa2, 0xd7, 0x9c, 0x20,
  0xd7, 0x94, 0xd7, 0x9b, 0xd7, 0xa4, 0xd7, 0xaa, 0xd7, 0x95, 0xd7, 0xa8,
  0x2c, 0x20, 0xd7, 0x95, 0xd7, 0x90, 0xd7, 0x96, 0x20, 0xd7, 0x94, 0xd7,
  0xa2, 0xd7, 0x91, 0xd7, 0xa8, 0x20, 0xd7, 0x90, 0xd7, 0xaa, 0x20, 0xd7,
  0x94, 0xd7, 0x91, 0xd7, 0xa7, 0xd7, 0xa8, 0x20, 0xd7, 0x9c, 0xd7, 0x9e,
  0xd7, 0xa6, 0xd7, 0x91, 0x20, 0xd7, 0xa6, 0xd7, 0x99, 0xd7, 0x9e, 0xd7,
  0x95, 0xd7, 0x93, 0x2e, 0x20, 0xd7, 0x94, 0xd7, 0xa9, 0xd7, 0x90, 0xd7,
  0xa8, 0x20, 0xd7, 0x90, 0xd7, 0xaa, 0x20, 0xd7, 0x94, 0xd7, 0x93, 0xd7,
  0x95, 0xd7, 0x90, 0xd7, 0x9c, 0xd7, 0xa1, 0xd7, 0xa0, 0xd7, 0xa1, 0x20,
  0xd7, 0x9b, 0xd7, 0x91, 0xd7, 0x95, 0xd7, 0x99, 0x20, 0xd7, 0x91, 0xd7,
  0x96, 0xd7, 0x9e, 0xd7, 0x9f, 0x20, 0xd7, 0x94, 0xd7, 0xa6, 0xd7, 0x99,
  0xd7, 0x9e, 0xd7, 0x95, 0xd7, 0x93, 0x2e, 0x22, 0x2c, 0x22, 0x70, 0x61,
  0x69, 0x72, 0x42, 0x74, 0x6e, 0x22, 0x3a, 0x22, 0xd7, 0xa6, 0xd7, 0x99,
  0xd7, 0x9e, 0xd7, 0x95, 0xd7, 0x93, 0x20, 0xd7, 0x91, 0xd7, 0xa7, 0xd7,
  0xa8, 0x20, 0x28, 0x36, 0x30, 0x20, 0xd7, 0xa9, 0xd7, 0xa0, 0xd7, 0xb3,
  0x29, 0x22, 0x2c, 0x22, 0x63, 0x6f, 0x6e, 0x6e, 0x65, 0x63, 0x74, 0x65,
  0x64, 0x54, 0x69, 0x74, 0x6c, 0x65, 0x22, 0x3a, 0x22, 0xd7, 0x91, 0xd7,
  0xa7, 0xd7, 0xa8, 0xd7, 0x99, 0xd7, 0x9d, 0x20, 0xd7, 0x9e, 0xd7, 0x97,
  0xd7, 0x95, 0xd7, 0x91, 0xd7, 0xa8, 0xd7, 0x99, 0xd7, 0x9d, 0x22, 0x2c,
  0x22, 0x75, 0x70, 0x54, 0x6f, 0x34, 0x22, 0x3a, 0x22, 0xd7, 0xa2, 0xd7,
  0x93, 0x20, 0x34, 0x22, 0x2c, 0x22, 0x70, 0x61, 0x69, 0x72, 0x65, 0x64,
  0x54, 0x69, 0x74, 0x6c, 0x65, 0x22, 0x3a, 0x22, 0xd7, 0x91, 0xd7, 0xa7,
  0xd7, 0xa8, 0xd7, 0x99, 0xd7, 0x9d, 0x20, 0xd7, 0x9e, 0xd7, 0xa6, 0xd7,
  0x95, 0xd7, 0x9e, 0xd7, 0x93, 0xd7, 0x99, 0xd7, 0x9d, 0x22, 0x2c, 0x22,
  0x73, 0x77, 0x69, 0x74, 0x63, 0x68, 0x4f, 0x6e, 0x22, 0x3a, 0x22, 0xd7,
  0x94, 0xd7, 0x93, 0xd7, 0x9c, 0xd7, 0xa7, 0x20, 0xd7, 0x90, 0xd7, 0x97,
  0xd7, 0x93, 0x20, 0xd7, 0x9b, 0xd7, 0x93, 0xd7, 0x99, 0x20, 0xd7, 0x9c,
  0xd7, 0x97, 0xd7, 0x91, 0xd7, 0xa8, 0x20, 0xd7, 0x90, 0xd7, 0x95, 0xd7,
  0xaa, 0xd7, 0x95, 0x22, 0x2c, 0x22, 0x6c, 0x6f, 0x67, 0x22, 0x3a, 0x22,
  0xd7, 0x99, 0xd7, 0x95, 0xd7, 0x9e, 0xd7, 0x9f, 0x22, 0x2c, 0x22, 0x73,
  0x68, 0x6f, 0x77, 0x22, 0x3a, 0x22, 0xd7, 0x94, 0xd7, 0xa6, 0xd7, 0x92,
  0x22, 0x2c, 0x22, 0x68, 0x69, 0x64, 0x65, 0x22, 0x3a, 0x22, 0xd7, 0x94,
  0xd7, 0xa1, 0xd7, 0xaa, 0xd7, 0xa8, 0x22, 0x2c, 0x22, 0x6c, 0x6f, 0x61,
  0x64, 0x69, 0x6e, 0x67, 0x22, 0x3a, 0x22, 0xd7, 0x98, 0xd7, 0x95, 0xd7,
  0xa2, 0xd7, 0x9f, 0xe2, 0x80, 0xa6, 0x22, 0x2c, 0x22, 0x72, 0x65, 0x66,
  0x72, 0x65, 0x73, 0x68, 0x22, 0x3a, 0x22, 0xd7, 0xa8, 0xd7, 0xa2, 0xd7,
  0xa0, 0xd7, 0x95, 0xd7, 0x9f, 0x22, 0x2c, 0x22, 0x66, 0x6f, 0x6f, 0x74,
  0x65, 0x72, 0x22, 0x3a, 0x22, 0xd7, 0xa1, 0xd7, 0x92, 0xd7, 0x99, 0xd7,
  0xa8, 0xd7, 0xaa, 0x20, 0xd7, 0x94, 0xd7, 0xa2, 0xd7, 0x9e, 0xd7, 0x95,
  0xd7, 0x93, 0x20, 0xd7, 0x9e, 0xd7, 0xa9, 0xd7, 0x90, 0xd7, 0x99, 0xd7,
  0xa8, 0xd7, 0x94, 0x20, 0xd7, 0x90, 0xd7, 0xaa, 0x20, 0x50, 0x61, 0x64,
  0x42, 0x72, 0x69, 0x64, 0x67, 0x65, 0x20, 0xd7, 0xa8, 0xd7, 0xa5, 0x2e,
  0x20, 0xd7, 0xa2, 0xd7, 0xa6, 0xd7, 0x95, 0xd7, 0xa8, 0x20, 0xd7, 0x90,
  0xd7, 0x95, 0xd7, 0xaa, 0xd7, 0x95, 0x20, 0xd7, 0x9c, 0xd7, 0xa4, 0xd7,
  0xa0, 0xd7, 0x99, 0x20, 0xd7, 0x98, 0xd7, 0xa2, 0xd7, 0x99, 0xd7, 0xa0,
  0xd7, 0xaa, 0x20, 0xd7, 0x94, 0x2d, 0x45, 0x4c, 0x46, 0x20, 0xd7, 0xa9,
  0xd7, 0x95, 0xd7, 0x91, 0x3a, 0x20, 0xd7, 0x94, 0xd7, 0x91, 0xd7, 0xa7,
  0xd7, 0xa8, 0xd7, 0x99, 0xd7, 0x9d, 0x20, 0xd7, 0x9e, 0xd7, 0xaa, 0xd7,
  0xa0, 0xd7, 0xaa, 0xd7, 0xa7, 0xd7, 0x99, 0xd7, 0x9d, 0x20, 0xd7, 0x95,
  0xd7, 0x94, 0xd7, 0x91, 0xd7, 0x9c, 0xd7, 0x95, 0xd7, 0x98, 0xd7, 0x95,
  0xd7, 0xaa, 0xd7, 0xb3, 0x20, 0xd7, 0xa0, 0xd7, 0xa9, 0xd7, 0x90, 0xd7,
  0xa8, 0x20, 0xd7, 0x9b, 0xd7, 0x9e, 0xd7, 0x95, 0x20, 0xd7, 0xa9, 0xd7,
  0x94, 0xd7, 0x99, 0xd7, 0x94, 0x2e, 0x22, 0x2c, 0x22, 0x73, 0x74, 0x6f,
  0x70, 0x42, 0x74, 0x6e, 0x22, 0x3a, 0x22, 0xd7, 0xa2, 0xd7, 0xa6, 0xd7,
  0x95, 0xd7, 0xa8, 0x20, 0xd7, 0x90, 0xd7, 0xaa, 0x20, 0x50, 0x61, 0x64,
  0x42, 0x72, 0x69, 0x64, 0x67, 0x65, 0x20, 0x28, 0xd7, 0x9e, 0xd7, 0xaa,
  0xd7, 0xa7, 0xd7, 0x93, 0xd7, 0x9d, 0x29, 0x22, 0x2c, 0x22, 0x70, 0x72,
  0x65, 0x73, 0x73, 0x50, 0x73, 0x22, 0x3a, 0x22, 0xd7, 0x9c, 0xd7, 0x97,
  0xd7, 0xa5, 0x20, 0x50, 0x53, 0x22, 0x2c, 0x22, 0x72, 0x75, 0x6d, 0x62,
  0x6c, 0x65, 0x22, 0x3a, 0x22, 0xd7, 0xa8, 0xd7, 0x98, 0xd7, 0x98, 0x22,
  0x2c, 0x22, 0x66, 0x6f, 0x72, 0x67, 0x65, 0x74, 0x22, 0x3a, 0x22, 0xd7,
  0xa9, 0xd7, 0x9b, 0xd7, 0x97, 0x22, 0x2c, 0x22, 0x70, 0x73, 0x54, 0x69,
  0x74, 0x6c, 0x65, 0x22, 0x3a, 0x22, 0xd7, 0x9b, 0xd7, 0x9e, 0xd7, 0x95,
  0x20, 0xd7, 0x9c, 0xd7, 0x97, 0xd7, 0x99, 0xd7, 0xa6, 0xd7, 0x94, 0x20,
  0xd7, 0x90, 0xd7, 0xa8, 0xd7, 0x95, 0xd7, 0x9b, 0xd7, 0x94, 0x20, 0xd7,
  0xa2, 0xd7, 0x9c, 0x20, 0x50, 0x53, 0x3a, 0x20, 0xd7, 0x9e, 0xd7, 0xa2,
  0xd7, 0x91, 0xd7, 0x99, 0xd7, 0xa8, 0x20, 0xd7, 0x9c, 0xd7, 0x91, 0xd7,
  0xa7, 0xd7, 0xa8, 0x20, 0xd7, 0x94, 0xd7, 0x96, 0xd7, 0x94, 0x20, 0xd7,
  0x90, 0xd7, 0xaa, 0x20, 0xd7, 0x94, 0xd7, 0xa9, 0xd7, 0x9c, 0xd7, 0x99,
  0xd7, 0x98, 0xd7, 0x94, 0x20, 0xd7, 0x91, 0xd7, 0xa7, 0xd7, 0x95, 0xd7,
  0xa0, 0xd7, 0xa1, 0xd7, 0x95, 0xd7, 0x9c, 0xd7, 0x94, 0x22, 0x2c, 0x22,
  0x72, 0x75, 0x6d, 0x62, 0x6c, 0x65, 0x54, 0x69, 0x74, 0x6c, 0x65, 0x22,
  0x3a, 0x22, 0xd7, 0x9e, 0xd7, 0xa8, 0xd7, 0x98, 0xd7, 0x99, 0xd7, 0x98,
  0x20, 0xd7, 0x90, 0xd7, 0xaa, 0x20, 0xd7, 0x94, 0xd7, 0x91, 0xd7, 0xa7,
  0xd7, 0xa8, 0x20, 0xd7, 0x94, 0xd7, 0x96, 0xd7, 0x94, 0x20, 0xd7, 0x9c,
  0xd7, 0x97, 0xd7, 0xa6, 0xd7, 0x99, 0x20, 0xd7, 0xa9, 0xd7, 0xa0, 0xd7,
  0x99, 0xd7, 0x99, 0xd7, 0x94, 0x22, 0x2c, 0x22, 0x70, 0x73, 0x44, 0x6f,
  0x6e, 0x65, 0x22, 0x3a, 0x22, 0x50, 0x53, 0x20, 0xd7, 0xa0, 0xd7, 0x9c,
  0xd7, 0x97, 0xd7, 0xa5, 0x20, 0xd7, 0x91, 0x2d, 0x50, 0x7b, 0x6e, 0x7d,
  0x22, 0x2c, 0x22, 0x72, 0x75, 0x6d, 0x62, 0x6c, 0x65, 0x44, 0x6f, 0x6e,
  0x65, 0x22, 0x3a, 0x22, 0xd7, 0xa8, 0xd7, 0x98, 0xd7, 0x98, 0x20, 0xd7,
  0xa0, 0xd7, 0xa9, 0xd7, 0x9c, 0xd7, 0x97, 0x20, 0xd7, 0x9c, 0x2d, 0x50,
  0x7b, 0x6e, 0x7d, 0x22, 0x2c, 0x22, 0x6e, 0x6f, 0x52, 0x75, 0x6d, 0x62,
  0x6c, 0x65, 0x22, 0x3a, 0x22, 0xd7, 0x9c, 0xd7, 0x91, 0xd7, 0xa7, 0xd7,
  0xa8, 0x20, 0xd7, 0x94, 0xd7, 0x96, 0xd7, 0x94, 0x20, 0xd7, 0x90, 0xd7,
  0x99, 0xd7, 0x9f, 0x20, 0xd7, 0xa8, 0xd7, 0x98, 0xd7, 0x98, 0x22, 0x2c,
  0x22, 0x73, 0x75, 0x72, 0x65, 0x22, 0x3a, 0x22, 0xd7, 0x91, 0xd7, 0x98,
  0xd7, 0x95, 0xd7, 0x97, 0x3f, 0x22, 0x2c, 0x22, 0x66, 0x6f, 0x72, 0x67,
  0x6f, 0x74, 0x74, 0x65, 0x6e, 0x22, 0x3a, 0x22, 0xd7, 0xa0, 0xd7, 0xa9,
  0xd7, 0x9b, 0xd7, 0x97, 0x20, 0x2d, 0x20, 0xd7, 0xa6, 0xd7, 0x9e, 0xd7,
  0x93, 0x20, 0xd7, 0xa9, 0xd7, 0x95, 0xd7, 0x91, 0x20, 0xd7, 0x9b, 0xd7,
  0x93, 0xd7, 0x99, 0x20, 0xd7, 0x9c, 0xd7, 0x94, 0xd7, 0xa9, 0xd7, 0xaa,
  0xd7, 0x9e, 0xd7, 0xa9, 0x22, 0x2c, 0x22, 0x66, 0x61, 0x69, 0x6c, 0x65,
  0x64, 0x22, 0x3a, 0x22, 0xd7, 0x96, 0xd7, 0x94, 0x20, 0xd7, 0x9c, 0xd7,
  0x90, 0x20, 0xd7, 0x94, 0xd7, 0xa6, 0xd7, 0x9c, 0xd7, 0x99, 0xd7, 0x97,
  0x22, 0x2c, 0x22, 0x62, 0x61, 0x74, 0x74, 0x65, 0x72, 0x79, 0x22, 0x3a,
  0x22, 0xd7, 0xa1, 0xd7, 0x95, 0xd7, 0x9c, 0xd7, 0x9c, 0xd7, 0x94, 0x20,
  0x7b, 0x6e, 0x7d, 0x25, 0x22, 0x2c, 0x22, 0x63, 0x68, 0x61, 0x72, 0x67,
  0x69, 0x6e, 0x67, 0x22, 0x3a, 0x22, 0xd7, 0x91, 0xd7, 0x98, 0xd7, 0xa2,
  0xd7, 0x99, 0xd7, 0xa0, 0xd7, 0x94, 0x22, 0x2c, 0x22, 0x6e, 0x6f, 0x42,
  0x61, 0x74, 0x74, 0x65, 0x72, 0x79, 0x22, 0x3a, 0x22, 0xd7, 0x90, 0xd7,
  0x99, 0xd7, 0x9f, 0x20, 0xd7, 0x93, 0xd7, 0x99, 0xd7, 0x95, 0xd7, 0x95,
  0xd7, 0x97, 0x20, 0xd7, 0xa2, 0xd7, 0x9c, 0x20, 0xd7, 0xa1, 0xd7, 0x95,
  0xd7, 0x9c, 0xd7, 0x9c, 0xd7, 0x94, 0x22, 0x2c, 0x22, 0x6e, 0x6f, 0x50,
  0x61, 0x64, 0x73, 0x22, 0x3a, 0x22, 0xd7, 0x90, 0xd7, 0x99, 0xd7, 0x9f,
  0x20, 0xd7, 0x91, 0xd7, 0xa7, 0xd7, 0xa8, 0x20, 0xd7, 0x9e, 0xd7, 0x97,
  0xd7, 0x95, 0xd7, 0x91, 0xd7, 0xa8, 0x2e, 0x20, 0xd7, 0x94, 0xd7, 0x93,
  0xd7, 0x9c, 0xd7, 0xa7, 0x20, 0xd7, 0x91, 0xd7, 0xa7, 0xd7, 0xa8, 0x20,
  0xd7, 0x9e, 0xd7, 0xa6, 0xd7, 0x95, 0xd7, 0x9e, 0xd7, 0x93, 0x2c, 0x20,
  0xd7, 0x90, 0xd7, 0x95, 0x20, 0xd7, 0xa6, 0xd7, 0x9e, 0xd7, 0x93, 0x20,
  0xd7, 0x91, 0xd7, 0xa7, 0xd7, 0xa8, 0x20, 0xd7, 0x97, 0xd7, 0x93, 0xd7,
  0xa9, 0x2e, 0x22, 0x2c, 0x22, 0x6e, 0x6f, 0x74, 0x68, 0x69, 0x6e, 0x67,
  0x50, 0x61, 0x69, 0x72, 0x65, 0x64, 0x22, 0x3a, 0x22, 0xd7, 0xa2, 0xd7,
  0x93, 0xd7, 0x99, 0xd7, 0x99, 0xd7, 0x9f, 0x20, 0xd7, 0x90, 0xd7, 0x99,
  0xd7, 0x9f, 0x20, 0xd7, 0x9b, 0xd7, 0x9c, 0xd7, 0x95, 0xd7, 0x9d, 0x20,
  0xd7, 0x9e, 0xd7, 0xa6, 0xd7, 0x95, 0xd7, 0x9e, 0xd7, 0x93, 0x2e, 0x22,
  0x2c, 0x22, 0x6f, 0x66, 0x66, 0x6c, 0x69, 0x6e, 0x65, 0x50, 0x61, 0x64,
  0x22, 0x3a, 0x22, 0xd7, 0x91, 0xd7, 0xa7, 0xd7, 0xa8, 0x20, 0xd7, 0x9e,
  0xd7, 0xa6, 0xd7, 0x95, 0xd7, 0x9e, 0xd7, 0x93, 0x20, 0xc2, 0xb7, 0x20,
  0xd7, 0x9c, 0xd7, 0x90, 0x20, 0xd7, 0x9e, 0xd7, 0x97, 0xd7, 0x95, 0xd7,
  0x91, 0xd7, 0xa8, 0x22, 0x2c, 0x22, 0x75, 0x6e, 0x6b, 0x6e, 0x6f, 0x77,
  0x6e, 0x49, 0x64, 0x22, 0x3a, 0x22, 0xd7, 0x9e, 0xd7, 0x96, 0xd7, 0x94,
  0xd7, 0x94, 0x20, 0xd7, 0x9c, 0xd7, 0x90, 0x20, 0xd7, 0x99, 0xd7, 0x93,
  0xd7, 0x95, 0xd7, 0xa2, 0x22, 0x2c, 0x22, 0x70, 0x61, 0x69, 0x72, 0x69,
  0x6e, 0x67, 0x4e, 0x6f, 0x77, 0x22, 0x3a, 0x22, 0xd7, 0x9e, 0xd7, 0xa6,
  0xd7, 0x9e, 0xd7, 0x93, 0xe2, 0x80, 0xa6, 0x22, 0x2c, 0x22, 0x72, 0x75,
  0x6e, 0x6e, 0x69, 0x6e, 0x67, 0x22, 0x3a, 0x22, 0xd7, 0xa8, 0xd7, 0xa5,
  0x22, 0x2c, 0x22, 0x6e, 0x6f, 0x42, 0x74, 0x22, 0x3a, 0x22, 0xd7, 0x90,
  0xd7, 0x99, 0xd7, 0x9f, 0x20, 0xd7, 0x91, 0xd7, 0x9c, 0xd7, 0x95, 0xd7,
  0x98, 0xd7, 0x95, 0xd7, 0xaa, 0xd7, 0xb3, 0x22, 0x2c, 0x22, 0x73, 0x74,
  0x61, 0x72, 0x74, 0x69, 0x6e, 0x67, 0x42, 0x74, 0x22, 0x3a, 0x22, 0xd7,
  0x9e, 0xd7, 0xa4, 0xd7, 0xa2, 0xd7, 0x99, 0xd7, 0x9c, 0x20, 0xd7, 0x91,
  0xd7, 0x9c, 0xd7, 0x95, 0xd7, 0x98, 0xd7, 0x95, 0xd7, 0xaa, 0xd7, 0xb3,
  0xe2, 0x80, 0xa6, 0x22, 0x2c, 0x22, 0x72, 0x65, 0x61, 0x64, 0x79, 0x22,
  0x3a, 0x22, 0xd7, 0x9e, 0xd7, 0x95, 0xd7, 0x9b, 0xd7, 0x9f, 0x22, 0x2c,
  0x22, 0x66, 0x61, 0x69, 0x6c, 0x65, 0x64, 0x42, 0x74, 0x22, 0x3a, 0x22,
  0xd7, 0xa0, 0xd7, 0x9b, 0xd7, 0xa9, 0xd7, 0x9c, 0x22, 0x2c, 0x22, 0x73,
  0x74, 0x61, 0x72, 0x74, 0x69, 0x6e, 0x67, 0x22, 0x3a, 0x22, 0xd7, 0x9e,
  0xd7, 0xaa, 0xd7, 0x97, 0xd7, 0x99, 0xd7, 0x9c, 0x22, 0x2c, 0x22, 0x72,
  0x4e, 0x6f, 0x63, 0x68, 0x69, 0x70, 0x22, 0x3a, 0x22, 0xd7, 0xa9, 0xd7,
  0x91, 0xd7, 0x91, 0x20, 0xd7, 0x94, 0xd7, 0x91, 0xd7, 0x9c, 0xd7, 0x95,
  0xd7, 0x98, 0xd7, 0x95, 0xd7, 0xaa, 0xd7, 0xb3, 0x20, 0xd7, 0x9c, 0xd7,
  0x90, 0x20, 0xd7, 0xa2, 0xd7, 0x95, 0xd7, 0xa0, 0xd7, 0x94, 0x2e, 0x20,
  0xd7, 0x94, 0xd7, 0xa4, 0xd7, 0xa8, 0xd7, 0x98, 0xd7, 0x99, 0xd7, 0x9d,
  0x20, 0xd7, 0x91, 0xd7, 0x99, 0xd7, 0x95, 0xd7, 0x9e, 0xd7, 0x9f, 0x20,
  0x28, 0xd7, 0xa9, 0xd7, 0x95, 0xd7, 0xa8, 0xd7, 0x95, 0xd7, 0xaa, 0x20,
  0x27, 0x64, 0x69, 0x61, 0x67, 0x27, 0x29, 0x2e, 0x22, 0x2c, 0x22, 0x72,
  0x4c, 0x6f, 0x73, 0x74, 0x22, 0x3a, 0x22, 0xd7, 0x97, 0xd7, 0x99, 0xd7,
  0x91, 0xd7, 0x95, 0xd7, 0xa8, 0x20, 0xd7, 0x94, 0xd7, 0x91, 0xd7, 0x9c,
  0xd7, 0x95, 0xd7, 0x98, 0xd7, 0x95, 0xd7, 0xaa, 0xd7, 0xb3, 0x20, 0xd7,
  0xa0, 0xd7, 0xa7, 0xd7, 0x98, 0xd7, 0xa2, 0x2e, 0x20, 0xd7, 0x9c, 0xd7,
  0x97, 0xd7, 0xa5, 0x20, 0xc2, 0xab, 0xd7, 0xa0, 0xd7, 0xa1, 0xd7, 0x94,
  0x20, 0xd7, 0xa9, 0xd7, 0x95, 0xd7, 0x91, 0x20, 0xd7, 0x91, 0xd7, 0x9c,
  0xd7, 0x95, 0xd7, 0x98, 0xd7, 0x95, 0xd7, 0xaa, 0xd7, 0xb3, 0xc2, 0xbb,
  0x2e, 0x22, 0x2c, 0x22, 0x72, 0x4e, 0x6f, 0x76, 0x70, 0x61, 0x64, 0x22,
  0x3a, 0x22, 0xd7, 0x9c, 0xd7, 0x90, 0x20, 0xd7, 0xa0, 0xd7, 0x99, 0xd7,
  0xaa, 0xd7, 0x9f, 0x20, 0xd7, 0x9c, 0xd7, 0x99, 0xd7, 0xa6, 0xd7, 0x95,
  0xd7, 0xa8, 0x20, 0xd7, 0x91, 0xd7, 0xa7, 0xd7, 0xa8, 0xd7, 0x99, 0x20,
  0xd7, 0x9e, 0xd7, 0xa9, 0xd7, 0x97, 0xd7, 0xa7, 0x20, 0xd7, 0x95, 0xd7,
  0x99, 0xd7, 0xa8, 0xd7, 0x98, 0xd7, 0x95, 0xd7, 0x90, 0xd7, 0x9c, 0xd7,
  0x99, 0xd7, 0x99, 0xd7, 0x9d, 0x20, 0xd7, 0x91, 0xd7, 0x9e, 0xd7, 0xa2,
  0xd7, 0xa8, 0xd7, 0x9b, 0xd7, 0xaa, 0x20, 0xd7, 0x94, 0xd7, 0x96, 0xd7,
  0x95, 0x20, 0x28, 0xd7, 0xa8, 0xd7, 0x90, 0xd7, 0x94, 0x20, 0xd7, 0x99,
  0xd7, 0x95, 0xd7, 0x9e, 0xd7, 0x9f, 0x29, 0x2e, 0x20, 0xd7, 0x94, 0xd7,
  0x91, 0xd7, 0x9c, 0xd7, 0x95, 0xd7, 0x98, 0xd7, 0x95, 0xd7, 0xaa, 0xd7,
  0xb3, 0x20, 0xd7, 0x9c, 0xd7, 0x90, 0x20, 0xd7, 0xa0, 0xd7, 0x92, 0xd7,
  0xa2, 0x2e, 0x22, 0x2c, 0x22, 0x73, 0x65, 0x61, 0x72, 0x63, 0x68, 0x69,
  0x6e, 0x67, 0x22, 0x3a, 0x22, 0xd7, 0x9e, 0xd7, 0x97, 0xd7, 0xa4, 0xd7,
  0xa9, 0xe2, 0x80, 0xa6, 0x20, 0xd7, 0xa0, 0xd7, 0xa9, 0xd7, 0x90, 0xd7,
  0xa8, 0xd7, 0x95, 0x20, 0x7b, 0x6e, 0x7d, 0x20, 0xd7, 0xa9, 0xd7, 0xa0,
  0xd7, 0xb3, 0x2e, 0x20, 0xd7, 0x94, 0xd7, 0xa2, 0xd7, 0x91, 0xd7, 0xa8,
  0x20, 0xd7, 0x90, 0xd7, 0xaa, 0x20, 0xd7, 0x94, 0xd7, 0x91, 0xd7, 0xa7,
  0xd7, 0xa8, 0x20, 0xd7, 0x9c, 0xd7, 0x9e, 0xd7, 0xa6, 0xd7, 0x91, 0x20,
  0xd7, 0xa6, 0xd7, 0x99, 0xd7, 0x9e, 0xd7, 0x95, 0xd7, 0x93, 0x20, 0xd7,
  0xa2, 0xd7, 0x9b, 0xd7, 0xa9, 0xd7, 0x99, 0xd7, 0x95, 0x2e, 0x22, 0x2c,
  0x22, 0x70, 0x61, 0x69, 0x72, 0x69, 0x6e, 0x67, 0x53, 0x65, 0x63, 0x22,
  0x3a, 0x22, 0xd7, 0x9e, 0xd7, 0xa6, 0xd7, 0x9e, 0xd7, 0x93, 0xe2, 0x80,
  0xa6, 0x20, 0x7b, 0x6e, 0x7d, 0x20, 0xd7, 0xa9, 0xd7, 0xa0, 0xd7, 0xb3,
  0x22, 0x2c, 0x22, 0x68, 0x6f, 0x74, 0x6b, 0x65, 0x79, 0x22, 0x3a, 0x22,
  0xd7, 0xa7, 0xd7, 0x99, 0xd7, 0xa6, 0xd7, 0x95, 0xd7, 0xa8, 0x3a, 0x20,
  0x7b, 0x63, 0x7d, 0x22, 0x2c, 0x22, 0x70, 0x61, 0x69, 0x72, 0x53, 0x74,
  0x61, 0x72, 0x74, 0x65, 0x64, 0x22, 0x3a, 0x22, 0xd7, 0xa6, 0xd7, 0x99,
  0xd7, 0x9e, 0xd7, 0x95, 0xd7, 0x93, 0x20, 0xd7, 0x9c, 0x2d, 0x36, 0x30,
  0x20, 0xd7, 0xa9, 0xd7, 0xa0, 0xd7, 0xb3, 0x20, 0x2d, 0x20, 0xd7, 0x94,
  0xd7, 0xa2, 0xd7, 0x91, 0xd7, 0xa8, 0x20, 0xd7, 0x90, 0xd7, 0xaa, 0x20,
  0xd7, 0x94, 0xd7, 0x91, 0xd7, 0xa7, 0xd7, 0xa8, 0x20, 0xd7, 0x9c, 0xd7,
  0x9e, 0xd7, 0xa6, 0xd7, 0x91, 0x20, 0xd7, 0xa6, 0xd7, 0x99, 0xd7, 0x9e,
  0xd7, 0x95, 0xd7, 0x93, 0x22, 0x2c, 0x22, 0x72, 0x65, 0x74, 0x72, 0x79,
  0x69, 0x6e, 0x67, 0x22, 0x3a, 0x22, 0xd7, 0x9e, 0xd7, 0xa0, 0xd7, 0xa1,
  0xd7, 0x94, 0x20, 0xd7, 0xa9, 0xd7, 0x95, 0xd7, 0x91, 0x20, 0xd7, 0x91,
  0xd7, 0x9c, 0xd7, 0x95, 0xd7, 0x98, 0xd7, 0x95, 0xd7, 0xaa, 0xd7, 0xb3,
  0xe2, 0x80, 0xa6, 0x22, 0x2c, 0x22, 0x6c, 0x6f, 0x67, 0x45, 0x72, 0x72,
  0x6f, 0x72, 0x22, 0x3a, 0x22, 0xd7, 0x9c, 0xd7, 0x90, 0x20, 0xd7, 0xa0,
  0xd7, 0x99, 0xd7, 0xaa, 0xd7, 0x9f, 0x20, 0xd7, 0x9c, 0xd7, 0xa7, 0xd7,
  0xa8, 0xd7, 0x95, 0xd7, 0x90, 0x20, 0xd7, 0x90, 0xd7, 0xaa, 0x20, 0xd7,
  0x94, 0xd7, 0x99, 0xd7, 0x95, 0xd7, 0x9e, 0xd7, 0x9f, 0x2e, 0x22, 0x2c,
  0x22, 0x65, 0x6d, 0x70, 0x74, 0x79, 0x22, 0x3a, 0x22, 0x28, 0xd7, 0xa8,
  0xd7, 0x99, 0xd7, 0xa7, 0x29, 0x22, 0x2c, 0x22, 0x74, 0x61, 0x70, 0x53,
  0x74, 0x6f, 0x70, 0x22, 0x3a, 0x22, 0xd7, 0x9c, 0xd7, 0x97, 0xd7, 0xa5,
  0x20, 0xd7, 0xa9, 0xd7, 0x95, 0xd7, 0x91, 0x20, 0xd7, 0x9b, 0xd7, 0x93,
  0xd7, 0x99, 0x20, 0xd7, 0x9c, 0xd7, 0xa2, 0xd7, 0xa6, 0xd7, 0x95, 0xd7,
  0xa8, 0x22, 0x2c, 0x22, 0x73, 0x74, 0x6f, 0x70, 0x70, 0x69, 0x6e, 0x67,
  0x22, 0x3a, 0x22, 0x50, 0x61, 0x64, 0x42, 0x72, 0x69, 0x64, 0x67, 0x65,
  0x20, 0xd7, 0xa0, 0xd7, 0xa2, 0xd7, 0xa6, 0xd7, 0xa8, 0x22, 0x2c, 0x22,
  0x73, 0x74, 0x6f, 0x70, 0x70, 0x69, 0x6e, 0x67, 0x53, 0x68, 0x6f, 0x72,
  0x74, 0x22, 0x3a, 0x22, 0xd7, 0xa2, 0xd7, 0x95, 0xd7, 0xa6, 0xd7, 0xa8,
  0xe2, 0x80, 0xa6, 0x22, 0x2c, 0x22, 0x6f, 0x66, 0x66, 0x6c, 0x69, 0x6e,
  0x65, 0x22, 0x3a, 0x22, 0xd7, 0x9c, 0xd7, 0x90, 0x20, 0xd7, 0x9e, 0xd7,
  0x97, 0xd7, 0x95, 0xd7, 0x91, 0xd7, 0xa8, 0x22, 0x7d, 0x0a, 0x7d, 0x3b,
  0x0a, 0x76, 0x61, 0x72, 0x20, 0x4c, 0x53, 0x5f, 0x4c, 0x41, 0x4e, 0x47,
  0x20, 0x3d, 0x20, 0x22, 0x70, 0x61, 0x64, 0x62, 0x72, 0x69, 0x64, 0x67,
  0x65, 0x2d, 0x6c, 0x61, 0x6e, 0x67, 0x22, 0x2c, 0x20, 0x4c, 0x41, 0x4e,
  0x47, 0x20, 0x3d, 0x20, 0x22, 0x65, 0x6e, 0x22, 0x2c, 0x20, 0x6c, 0x61,
  0x6e, 0x67, 0x46, 0x72, 0x6f, 0x6d, 0x43, 0x6f, 0x6e, 0x73, 0x6f, 0x6c,
  0x65, 0x20, 0x3d, 0x20, 0x66, 0x61, 0x6c, 0x73, 0x65, 0x2c, 0x20, 0x6c,
  0x61, 0x73, 0x74, 0x53, 0x74, 0x61, 0x74, 0x65, 0x20, 0x3d, 0x20, 0x6e,
  0x75, 0x6c, 0x6c, 0x3b, 0x0a, 0x74, 0x72, 0x79, 0x20, 0x7b, 0x20, 0x76,
  0x61, 0x72, 0x20, 0x73, 0x61, 0x76, 0x65, 0x64, 0x20, 0x3d, 0x20, 0x6c,
  0x6f, 0x63, 0x61, 0x6c, 0x53, 0x74, 0x6f, 0x72, 0x61, 0x67, 0x65, 0x2e,
  0x67, 0x65, 0x74, 0x49, 0x74, 0x65, 0x6d, 0x28, 0x4c, 0x53, 0x5f, 0x4c,
  0x41, 0x4e, 0x47, 0x29, 0x3b, 0x20, 0x69, 0x66, 0x20, 0x28, 0x49, 0x31,
  0x38, 0x4e, 0x5b, 0x73, 0x61, 0x76, 0x65, 0x64, 0x5d, 0x29, 0x20, 0x4c,
  0x41, 0x4e, 0x47, 0x20, 0x3d, 0x20, 0x73, 0x61, 0x76, 0x65, 0x64, 0x3b,
  0x20, 0x7d, 0x20, 0x63, 0x61, 0x74, 0x63, 0x68, 0x20, 0x28, 0x65, 0x29,
  0x20, 0x7b, 0x7d, 0x0a, 0x66, 0x75, 0x6e, 0x63, 0x74, 0x69, 0x6f, 0x6e,
  0x20, 0x74, 0x28, 0x6b, 0x2c, 0x20, 0x76, 0x29, 0x20, 0x7b, 0x0a, 0x20,
  0x20, 0x76, 0x61, 0x72, 0x20, 0x73, 0x20, 0x3d, 0x20, 0x28, 0x49, 0x31,
  0x38, 0x4e, 0x5b, 0x4c, 0x41, 0x4e, 0x47, 0x5d, 0x20, 0x7c, 0x7c, 0x20,
  0x49, 0x31, 0x38, 0x4e, 0x2e, 0x65, 0x6e, 0x29, 0x5b, 0x6b, 0x5d, 0x3b,
  0x0a, 0x20, 0x20, 0x69, 0x66, 0x20, 0x28, 0x73, 0x20, 0x3d, 0x3d, 0x20,
  0x6e, 0x75, 0x6c, 0x6c, 0x29, 0x20, 0x73, 0x20, 0x3d, 0x20, 0x49, 0x31,
  0x38, 0x4e, 0x2e, 0x65, 0x6e, 0x5b, 0x6b, 0x5d, 0x3b, 0x0a, 0x20, 0x20,
  0x69, 0x66, 0x20, 0x28, 0x73, 0x20, 0x3d, 0x3d, 0x20, 0x6e, 0x75, 0x6c,
  0x6c, 0x29, 0x20, 0x73, 0x20, 0x3d, 0x20, 0x6b, 0x3b, 0x0a, 0x20, 0x20,
  0x72, 0x65, 0x74, 0x75, 0x72, 0x6e, 0x20, 0x76, 0x20, 0x3f, 0x20, 0x73,
  0x2e, 0x72, 0x65, 0x70, 0x6c, 0x61, 0x63, 0x65, 0x28, 0x2f, 0x5c, 0x7b,
  0x28, 0x5c, 0x77, 0x2b, 0x29, 0x5c, 0x7d, 0x2f, 0x67, 0x2c, 0x20, 0x66,
  0x75, 0x6e, 0x63, 0x74, 0x69, 0x6f, 0x6e, 0x20, 0x28, 0x6d, 0x2c, 0x20,
  0x78, 0x29, 0x20, 0x7b, 0x20, 0x72, 0x65, 0x74, 0x75, 0x72, 0x6e, 0x20,
  0x76, 0x5b, 0x78, 0x5d, 0x20, 0x21, 0x3d, 0x20, 0x6e, 0x75, 0x6c, 0x6c,
  0x20, 0x3f, 0x20, 0x53, 0x74, 0x72, 0x69, 0x6e, 0x67, 0x28, 0x76, 0x5b,
  0x78, 0x5d, 0x29, 0x20, 0x3a, 0x20, 0x6d, 0x3b, 0x20, 0x7d, 0x29, 0x20,
  0x3a, 0x20, 0x73, 0x3b, 0x0a, 0x7d, 0x0a, 0x66, 0x75, 0x6e, 0x63, 0x74,
  0x69, 0x6f, 0x6e, 0x20, 0x6c, 0x61, 0x6e, 0x67, 0x49, 0x6e, 0x66, 0x6f,
  0x28, 0x63, 0x29, 0x20, 0x7b, 0x20, 0x66, 0x6f, 0x72, 0x20, 0x28, 0x76,
  0x61, 0x72, 0x20, 0x69, 0x20, 0x3d, 0x20, 0x30, 0x3b, 0x20, 0x69, 0x20,
  0x3c, 0x20, 0x4c, 0x41, 0x4e, 0x47, 0x53, 0x2e, 0x6c, 0x65, 0x6e, 0x67,
  0x74, 0x68, 0x3b, 0x20, 0x69, 0x2b, 0x2b, 0x29, 0x20, 0x69, 0x66, 0x20,
  0x28, 0x4c, 0x41, 0x4e, 0x47, 0x53, 0x5b, 0x69, 0x5d, 0x2e, 0x63, 0x6f,
  0x64, 0x65, 0x20, 0x3d, 0x3d, 0x3d, 0x20, 0x63, 0x29, 0x20, 0x72, 0x65,
  0x74, 0x75, 0x72, 0x6e, 0x20, 0x4c, 0x41, 0x4e, 0x47, 0x53, 0x5b, 0x69,
  0x5d, 0x3b, 0x20, 0x72, 0x65, 0x74, 0x75, 0x72, 0x6e, 0x20, 0x4c, 0x41,
  0x4e, 0x47, 0x53, 0x5b, 0x30, 0x5d, 0x3b, 0x20, 0x7d, 0x0a, 0x66, 0x75,
  0x6e, 0x63, 0x74, 0x69, 0x6f, 0x6e, 0x20, 0x65, 0x73, 0x63, 0x28, 0x73,
  0x29, 0x20, 0x7b, 0x20, 0x72, 0x65, 0x74, 0x75, 0x72, 0x6e, 0x20, 0x53,
  0x74, 0x72, 0x69, 0x6e, 0x67, 0x28, 0x73, 0x29, 0x2e, 0x72, 0x65, 0x70,
  0x6c, 0x61, 0x63, 0x65, 0x28, 0x2f, 0x26, 0x2f, 0x67, 0x2c, 0x20, 0x22,
  0x26, 0x61, 0x6d, 0x70, 0x3b, 0x22, 0x29, 0x2e, 0x72, 0x65, 0x70, 0x6c,
  0x61, 0x63, 0x65, 0x28, 0x2f, 0x3c, 0x2f, 0x67, 0x2c, 0x20, 0x22, 0x26,
  0x6c, 0x74, 0x3b, 0x22, 0x29, 0x2e, 0x72, 0x65, 0x70, 0x6c, 0x61, 0x63,
  0x65, 0x28, 0x2f, 0x3e, 0x2f, 0x67, 0x2c, 0x20, 0x22, 0x26, 0x67, 0x74,
  0x3b, 0x22, 0x29, 0x2e, 0x72, 0x65, 0x70, 0x6c, 0x61, 0x63, 0x65, 0x28,
  0x2f, 0x22, 0x2f, 0x67, 0x2c, 0x20, 0x22, 0x26, 0x71, 0x75, 0x6f, 0x74,
  0x3b, 0x22, 0x29, 0x3b, 0x20, 0x7d, 0x0a, 0x66, 0x75, 0x6e, 0x63, 0x74,
  0x69, 0x6f, 0x6e, 0x20, 0x72, 0x65, 0x6e, 0x64, 0x65, 0x72, 0x4c, 0x61,
  0x6e, 0x67, 0x4c, 0x69, 0x73, 0x74, 0x28, 0x29, 0x20, 0x7b, 0x0a, 0x20,
  0x20, 0x76, 0x61, 0x72, 0x20, 0x62, 0x6f, 0x78, 0x20, 0x3d, 0x20, 0x24,
  0x28, 0x22, 0x6c, 0x61, 0x6e, 0x67, 0x6c, 0x69, 0x73, 0x74, 0x22, 0x29,
  0x2c, 0x20, 0x68, 0x74, 0x6d, 0x6c, 0x20, 0x3d, 0x20, 0x22, 0x22, 0x3b,
  0x0a, 0x20, 0x20, 0x4c, 0x41, 0x4e, 0x47, 0x53, 0x2e, 0x66, 0x6f, 0x72,
  0x45, 0x61, 0x63, 0x68, 0x28, 0x66, 0x75, 0x6e, 0x63, 0x74, 0x69, 0x6f,
  0x6e, 0x20, 0x28, 0x4c, 0x29, 0x20, 0x7b, 0x0a, 0x20, 0x20, 0x20, 0x20,
  0x68, 0x74, 0x6d, 0x6c, 0x20, 0x2b, 0x3d, 0x20, 0x27, 0x3c, 0x62, 0x75,
  0x74, 0x74, 0x6f, 0x6e, 0x20, 0x74, 0x79, 0x70, 0x65, 0x3d, 0x22, 0x62,
  0x75, 0x74, 0x74, 0x6f, 0x6e, 0x22, 0x20, 0x63, 0x6c, 0x61, 0x73, 0x73,
  0x3d, 0x22, 0x6c, 0x61, 0x6e, 0x67, 0x6f, 0x70, 0x74, 0x22, 0x20, 0x72,
  0x6f, 0x6c, 0x65, 0x3d, 0x22, 0x6d, 0x65, 0x6e, 0x75, 0x69, 0x74, 0x65,
  0x6d, 0x22, 0x20, 0x64, 0x61, 0x74, 0x61, 0x2d, 0x6c, 0x61, 0x6e, 0x67,
  0x3d, 0x22, 0x27, 0x20, 0x2b, 0x20, 0x4c, 0x2e, 0x63, 0x6f, 0x64, 0x65,
  0x20, 0x2b, 0x20, 0x27, 0x22, 0x20, 0x64, 0x61, 0x74, 0x61, 0x2d, 0x73,
  0x74, 0x61, 0x74, 0x65, 0x3d, 0x22, 0x27, 0x20, 0x2b, 0x20, 0x28, 0x4c,
  0x2e, 0x63, 0x6f, 0x64, 0x65, 0x20, 0x3d, 0x3d, 0x3d, 0x20, 0x4c, 0x41,
  0x4e, 0x47, 0x20, 0x3f, 0x20, 0x22, 0x6f, 0x6e, 0x22, 0x20, 0x3a, 0x20,
  0x22, 0x6f, 0x66, 0x66, 0x22, 0x29, 0x20, 0x2b, 0x20, 0x27, 0x22, 0x27,
  0x0a, 0x20, 0x20, 0x20, 0x20, 0x20, 0x20, 0x2b, 0x20, 0x28, 0x4c, 0x2e,
  0x72, 0x74, 0x6c, 0x20, 0x3f, 0x20, 0x27, 0x20, 0x64, 0x69, 0x72, 0x3d,
  0x22, 0x72, 0x74, 0x6c, 0x22, 0x27, 0x20, 0x3a, 0x20, 0x22, 0x22, 0x29,
  0x20, 0x2b, 0x20, 0x27, 0x3e, 0x3c, 0x73, 0x70, 0x61, 0x6e, 0x20, 0x63,
  0x6c, 0x61, 0x73, 0x73, 0x3d, 0x22, 0x66, 0x6c, 0x61, 0x67, 0x22, 0x3e,
  0x27, 0x20, 0x2b, 0x20, 0x28, 0x46, 0x4c, 0x41, 0x47, 0x53, 0x5b, 0x4c,
  0x2e, 0x66, 0x6c, 0x61, 0x67, 0x5d, 0x20, 0x7c, 0x7c, 0x20, 0x22, 0x22,
  0x29, 0x20, 0x2b, 0x20, 0x22, 0x3c, 0x2f, 0x73, 0x70, 0x61, 0x6e, 0x3e,
  0x3c, 0x73, 0x70, 0x61, 0x6e, 0x3e, 0x22, 0x20, 0x2b, 0x20, 0x65, 0x73,
  0x63, 0x28, 0x4c, 0x2e, 0x6e, 0x61, 0x6d, 0x65, 0x29, 0x20, 0x2b, 0x20,
  0x22, 0x3c, 0x2f, 0x73, 0x70, 0x61, 0x6e, 0x3e, 0x3c, 0x2f, 0x62, 0x75,
  0x74, 0x74, 0x6f, 0x6e, 0x3e, 0x22, 0x3b, 0x0a, 0x20, 0x20, 0x7d, 0x29,
  0x3b, 0x0a, 0x20, 0x20, 0x62, 0x6f, 0x78, 0x2e, 0x69, 0x6e, 0x6e, 0x65,
  0x72, 0x48, 0x54, 0x4d, 0x4c, 0x20, 0x3d, 0x20, 0x68, 0x74, 0x6d, 0x6c,
  0x3b, 0x0a, 0x20, 0x20, 0x41, 0x72, 0x72, 0x61, 0x79, 0x2e, 0x70, 0x72,
  0x6f, 0x74, 0x6f, 0x74, 0x79, 0x70, 0x65, 0x2e, 0x66, 0x6f, 0x72, 0x45,
  0x61, 0x63, 0x68, 0x2e, 0x63, 0x61, 0x6c, 0x6c, 0x28, 0x62, 0x6f, 0x78,
  0x2e, 0x71, 0x75, 0x65, 0x72, 0x79, 0x53, 0x65, 0x6c, 0x65, 0x63, 0x74,
  0x6f, 0x72, 0x41, 0x6c, 0x6c, 0x28, 0x22, 0x2e, 0x6c, 0x61, 0x6e, 0x67,
  0x6f, 0x70, 0x74, 0x22, 0x29, 0x2c, 0x20, 0x66, 0x75, 0x6e, 0x63, 0x74,
  0x69, 0x6f, 0x6e, 0x20, 0x28, 0x62, 0x29, 0x20, 0x7b, 0x0a, 0x20, 0x20,
  0x20, 0x20, 0x62, 0x2e, 0x6f, 0x6e, 0x63, 0x6c, 0x69, 0x63, 0x6b, 0x20,
  0x3d, 0x20, 0x66, 0x75, 0x6e, 0x63, 0x74, 0x69, 0x6f, 0x6e, 0x20, 0x28,
  0x65, 0x76, 0x29, 0x20, 0x7b, 0x20, 0x65, 0x76, 0x2e, 0x73, 0x74, 0x6f,
  0x70, 0x50, 0x72, 0x6f, 0x70, 0x61, 0x67, 0x61, 0x74, 0x69, 0x6f, 0x6e,
  0x28, 0x29, 0x3b, 0x20, 0x74, 0x6f, 0x67, 0x67, 0x6c, 0x65, 0x4c, 0x61,
  0x6e, 0x67, 0x4c, 0x69, 0x73, 0x74, 0x28, 0x66, 0x61, 0x6c, 0x73, 0x65,
  0x29, 0x3b, 0x20, 0x73, 0x65, 0x74, 0x4c, 0x61, 0x6e, 0x67, 0x28, 0x62,
  0x2e, 0x67, 0x65, 0x74, 0x41, 0x74, 0x74, 0x72, 0x69, 0x62, 0x75, 0x74,
  0x65, 0x28, 0x22, 0x64, 0x61, 0x74, 0x61, 0x2d, 0x6c, 0x61, 0x6e, 0x67,
  0x22, 0x29, 0x2c, 0x20, 0x74, 0x72, 0x75, 0x65, 0x29, 0x3b, 0x20, 0x7d,
  0x3b, 0x0a, 0x20, 0x20, 0x7d, 0x29, 0x3b, 0x0a, 0x7d, 0x0a, 0x66, 0x75,
  0x6e, 0x63, 0x74, 0x69, 0x6f, 0x6e, 0x20, 0x74, 0x6f, 0x67, 0x67, 0x6c,
  0x65, 0x4c, 0x61, 0x6e, 0x67, 0x4c, 0x69, 0x73, 0x74, 0x28, 0x66, 0x6f,
  0x72, 0x63, 0x65, 0x29, 0x20, 0x7b, 0x0a, 0x20, 0x20, 0x76, 0x61, 0x72,
  0x20, 0x62, 0x6f, 0x78, 0x20, 0x3d, 0x20, 0x24, 0x28, 0x22, 0x6c, 0x61,
  0x6e, 0x67, 0x6c, 0x69, 0x73, 0x74, 0x22, 0x29, 0x2c, 0x20, 0x6f, 0x6e,
  0x20, 0x3d, 0x20, 0x66, 0x6f, 0x72, 0x63, 0x65, 0x20, 0x3d, 0x3d, 0x3d,
  0x20, 0x74, 0x72, 0x75, 0x65, 0x20, 0x7c, 0x7c, 0x20, 0x66, 0x6f, 0x72,
  0x63, 0x65, 0x20, 0x3d, 0x3d, 0x3d, 0x20, 0x66, 0x61, 0x6c, 0x73, 0x65,
  0x20, 0x3f, 0x20, 0x66, 0x6f, 0x72, 0x63, 0x65, 0x20, 0x3a, 0x20, 0x62,
  0x6f, 0x78, 0x2e, 0x67, 0x65, 0x74, 0x41, 0x74, 0x74, 0x72, 0x69, 0x62,
  0x75, 0x74, 0x65, 0x28, 0x22, 0x64, 0x61, 0x74, 0x61, 0x2d, 0x73, 0x74,
  0x61, 0x74, 0x65, 0x22, 0x29, 0x20, 0x21, 0x3d, 0x3d, 0x20, 0x22, 0x6f,
  0x70, 0x65, 0x6e, 0x22, 0x3b, 0x0a, 0x20, 0x20, 0x62, 0x6f, 0x78, 0x2e,
  0x73, 0x65, 0x74, 0x41, 0x74, 0x74, 0x72, 0x69, 0x62, 0x75, 0x74, 0x65,
  0x28, 0x22, 0x64, 0x61, 0x74, 0x61, 0x2d, 0x73, 0x74, 0x61, 0x74, 0x65,
  0x22, 0x2c, 0x20, 0x6f, 0x6e, 0x20, 0x3f, 0x20, 0x22, 0x6f, 0x70, 0x65,
  0x6e, 0x22, 0x20, 0x3a, 0x20, 0x22, 0x63, 0x6c, 0x6f, 0x73, 0x65, 0x64,
  0x22, 0x29, 0x3b, 0x0a, 0x20, 0x20, 0x62, 0x6f, 0x78, 0x2e, 0x63, 0x6c,
  0x61, 0x73, 0x73, 0x4e, 0x61, 0x6d, 0x65, 0x20, 0x3d, 0x20, 0x6f, 0x6e,
  0x20, 0x3f, 0x20, 0x22, 0x73, 0x68, 0x6f, 0x77, 0x22, 0x20, 0x3a, 0x20,
  0x22, 0x22, 0x3b, 0x0a, 0x7d, 0x0a, 0x66, 0x75, 0x6e, 0x63, 0x74, 0x69,
  0x6f, 0x6e, 0x20, 0x61, 0x70, 0x70, 0x6c, 0x79, 0x4c, 0x61, 0x6e, 0x67,
  0x28, 0x29, 0x20, 0x7b, 0x0a, 0x20, 0x20, 0x76, 0x61, 0x72, 0x20, 0x69,
  0x6e, 0x66, 0x6f, 0x20, 0x3d, 0x20, 0x6c, 0x61, 0x6e, 0x67, 0x49, 0x6e,
  0x66, 0x6f, 0x28, 0x4c, 0x41, 0x4e, 0x47, 0x29, 0x2c, 0x20, 0x72, 0x6f,
  0x6f, 0x74, 0x20, 0x3d, 0x20, 0x64, 0x6f, 0x63, 0x75, 0x6d, 0x65, 0x6e,
  0x74, 0x2e, 0x64, 0x6f, 0x63, 0x75, 0x6d, 0x65, 0x6e, 0x74, 0x45, 0x6c,
  0x65, 0x6d, 0x65, 0x6e, 0x74, 0x3b, 0x0a, 0x20, 0x20, 0x72, 0x6f, 0x6f,
  0x74, 0x2e, 0x73, 0x65, 0x74, 0x41, 0x74, 0x74, 0x72, 0x69, 0x62, 0x75,
  0x74, 0x65, 0x28, 0x22, 0x6c, 0x61, 0x6e, 0x67, 0x22, 0x2c, 0x20, 0x4c,
  0x41, 0x4e, 0x47, 0x29, 0x3b, 0x0a, 0x20, 0x20, 0x69, 0x66, 0x20, 0x28,
  0x69, 0x6e, 0x66, 0x6f, 0x2e, 0x72, 0x74, 0x6c, 0x29, 0x20, 0x72, 0x6f,
  0x6f, 0x74, 0x2e, 0x73, 0x65, 0x74, 0x41, 0x74, 0x74, 0x72, 0x69, 0x62,
  0x75, 0x74, 0x65, 0x28, 0x22, 0x64, 0x69, 0x72, 0x22, 0x2c, 0x20, 0x22,
  0x72, 0x74, 0x6c, 0x22, 0x29, 0x3b, 0x20, 0x65, 0x6c, 0x73, 0x65, 0x20,
  0x72, 0x6f, 0x6f, 0x74, 0x2e, 0x72, 0x65, 0x6d, 0x6f, 0x76, 0x65, 0x41,
  0x74, 0x74, 0x72, 0x69, 0x62, 0x75, 0x74, 0x65, 0x28, 0x22, 0x64, 0x69,
  0x72, 0x22, 0x29, 0x3b, 0x0a, 0x20, 0x20, 0x41, 0x72, 0x72, 0x61, 0x79,
  0x2e, 0x70, 0x72, 0x6f, 0x74, 0x6f, 0x74, 0x79, 0x70, 0x65, 0x2e, 0x66,
  0x6f, 0x72, 0x45, 0x61, 0x63, 0x68, 0x2e, 0x63, 0x61, 0x6c, 0x6c, 0x28,
  0x64, 0x6f, 0x63, 0x75, 0x6d, 0x65, 0x6e, 0x74, 0x2e, 0x71, 0x75, 0x65,
  0x72, 0x79, 0x53, 0x65, 0x6c, 0x65, 0x63, 0x74, 0x6f, 0x72, 0x41, 0x6c,
  0x6c, 0x28, 0x22, 0x5b, 0x64, 0x61, 0x74, 0x61, 0x2d, 0x69, 0x31, 0x38,
  0x6e, 0x5d, 0x22, 0x29, 0x2c, 0x20, 0x66, 0x75, 0x6e, 0x63, 0x74, 0x69,
  0x6f, 0x6e, 0x20, 0x28, 0x6e, 0x29, 0x20, 0x7b, 0x20, 0x6e, 0x2e, 0x74,
  0x65, 0x78, 0x74, 0x43, 0x6f, 0x6e, 0x74, 0x65, 0x6e, 0x74, 0x20, 0x3d,
  0x20, 0x74, 0x28, 0x6e, 0x2e, 0x67, 0x65, 0x74, 0x41, 0x74, 0x74, 0x72,
  0x69, 0x62, 0x75, 0x74, 0x65, 0x28, 0x22, 0x64, 0x61, 0x74, 0x61, 0x2d,
  0x69, 0x31, 0x38, 0x6e, 0x22, 0x29, 0x29, 0x3b, 0x20, 0x7d, 0x29, 0x3b,
  0x0a, 0x20, 0x20, 0x24, 0x28, 0x22, 0x6c, 0x61, 0x6e, 0x67, 0x66, 0x6c,
  0x61, 0x67, 0x22, 0x29, 0x2e, 0x69, 0x6e, 0x6e, 0x65, 0x72, 0x48, 0x54,
  0x4d, 0x4c, 0x20, 0x3d, 0x20, 0x46, 0x4c, 0x41, 0x47, 0x53, 0x5b, 0x69,
  0x6e, 0x66, 0x6f, 0x2e, 0x66, 0x6c, 0x61, 0x67, 0x5d, 0x20, 0x7c, 0x7c,
  0x20, 0x22, 0x22, 0x3b, 0x0a, 0x20, 0x20, 0x72, 0x65, 0x6e, 0x64, 0x65,
  0x72, 0x4c, 0x61, 0x6e, 0x67, 0x4c, 0x69, 0x73, 0x74, 0x28, 0x29, 0x3b,
  0x0a, 0x20, 0x20, 0x2f, 0x2a, 0x20, 0x74, 0x68, 0x65, 0x20, 0x64, 0x79,
  0x6e, 0x61, 0x6d, 0x69, 0x63, 0x20, 0x70, 0x61, 0x72, 0x74, 0x73, 0x20,
  0x61, 0x72, 0x65, 0x20, 0x64, 0x72, 0x61, 0x77, 0x6e, 0x20, 0x61, 0x67,
  0x61, 0x69, 0x6e, 0x20, 0x69, 0x6e, 0x20, 0x74, 0x68, 0x65, 0x20, 0x6e,
  0x65, 0x77, 0x20, 0x6c, 0x61, 0x6e, 0x67, 0x75, 0x61, 0x67, 0x65, 0x20,
  0x2a, 0x2f, 0x0a, 0x20, 0x20, 0x4f, 0x62, 0x6a, 0x65, 0x63, 0x74, 0x2e,
  0x6b, 0x65, 0x79, 0x73, 0x28, 0x63, 0x61, 0x72, 0x64, 0x73, 0x29, 0x2e,
  0x66, 0x6f, 0x72, 0x45, 0x61, 0x63, 0x68, 0x28, 0x66, 0x75, 0x6e, 0x63,
  0x74, 0x69, 0x6f, 0x6e, 0x20, 0x28, 0x6b, 0x29, 0x20, 0x7b, 0x20, 0x69,
  0x66, 0x20, 0x28, 0x63, 0x61, 0x72, 0x64, 0x73, 0x5b, 0x6b, 0x5d, 0x2e,
  0x72, 0x6f, 0x6f, 0x74, 0x2e, 0x70, 0x61, 0x72, 0x65, 0x6e, 0x74, 0x4e,
  0x6f, 0x64, 0x65, 0x29, 0x20, 0x63, 0x61, 0x72, 0x64, 0x73, 0x5b, 0x6b,
  0x5d, 0x2e, 0x72, 0x6f, 0x6f, 0x74, 0x2e, 0x70, 0x61, 0x72, 0x65, 0x6e,
  0x74, 0x4e, 0x6f, 0x64, 0x65, 0x2e, 0x72, 0x65, 0x6d, 0x6f, 0x76, 0x65,
  0x43, 0x68, 0x69, 0x6c, 0x64, 0x28, 0x63, 0x61, 0x72, 0x64, 0x73, 0x5b,
  0x6b, 0x5d, 0x2e, 0x72, 0x6f, 0x6f, 0x74, 0x29, 0x3b, 0x20, 0x7d, 0x29,
  0x3b, 0x0a, 0x20, 0x20, 0x63, 0x61, 0x72, 0x64, 0x73, 0x20, 0x3d, 0x20,
  0x7b, 0x7d, 0x3b, 0x20, 0x70, 0x61, 0x69, 0x72, 0x65, 0x64, 0x53, 0x69,
  0x67, 0x20, 0x3d, 0x20, 0x22, 0x22, 0x3b, 0x0a, 0x20, 0x20, 0x76, 0x61,
  0x72, 0x20, 0x65, 0x6d, 0x70, 0x74, 0x79, 0x20, 0x3d, 0x20, 0x24, 0x28,
  0x22, 0x63, 0x61, 0x72, 0x64, 0x73, 0x22, 0x29, 0x2e, 0x71, 0x75, 0x65,
  0x72, 0x79, 0x53, 0x65, 0x6c, 0x65, 0x63, 0x74, 0x6f, 0x72, 0x28, 0x22,
  0x2e, 0x65, 0x6d, 0x70, 0x74, 0x79, 0x22, 0x29, 0x3b, 0x0a, 0x20, 0x20,
  0x69, 0x66, 0x20, 0x28, 0x65, 0x6d, 0x70, 0x74, 0x79, 0x29, 0x20, 0x65,
  0x6d, 0x70, 0x74, 0x79, 0x2e, 0x70, 0x61, 0x72, 0x65, 0x6e, 0x74, 0x4e,
  0x6f, 0x64, 0x65, 0x2e, 0x72, 0x65, 0x6d, 0x6f, 0x76, 0x65, 0x43, 0x68,
  0x69, 0x6c, 0x64, 0x28, 0x65, 0x6d, 0x70, 0x74, 0x79, 0x29, 0x3b, 0x0a,
  0x20, 0x20, 0x72, 0x65, 0x6e, 0x64, 0x65, 0x72, 0x28, 0x6c, 0x61, 0x73,
  0x74, 0x53, 0x74, 0x61, 0x74, 0x65, 0x29, 0x3b, 0x0a, 0x20, 0x20, 0x69,
  0x66, 0x20, 0x28, 0x24, 0x28, 0x22, 0x6c, 0x6f, 0x67, 0x42, 0x6f, 0x78,
  0x22, 0x29, 0x2e, 0x6f, 0x70, 0x65, 0x6e, 0x29, 0x20, 0x6c, 0x6f, 0x61,
  0x64, 0x4c, 0x6f, 0x67, 0x28, 0x29, 0x3b, 0x0a, 0x7d, 0x0a, 0x66, 0x75,
  0x6e, 0x63, 0x74, 0x69, 0x6f, 0x6e, 0x20, 0x73, 0x65, 0x74, 0x4c, 0x61,
  0x6e, 0x67, 0x28, 0x63, 0x6f, 0x64, 0x65, 0x2c, 0x20, 0x73, 0x61, 0x76,
  0x65, 0x29, 0x20, 0x7b, 0x0a, 0x20, 0x20, 0x69, 0x66, 0x20, 0x28, 0x21,
  0x49, 0x31, 0x38, 0x4e, 0x5b, 0x63, 0x6f, 0x64, 0x65, 0x5d, 0x29, 0x20,
  0x63, 0x6f, 0x64, 0x65, 0x20, 0x3d, 0x20, 0x22, 0x65, 0x6e, 0x22, 0x3b,
  0x0a, 0x20, 0x20, 0x4c, 0x41, 0x4e, 0x47, 0x20, 0x3d, 0x20, 0x63, 0x6f,
  0x64, 0x65, 0x3b, 0x0a, 0x20, 0x20, 0x74, 0x72, 0x79, 0x20, 0x7b, 0x20,
  0x6c, 0x6f, 0x63, 0x61, 0x6c, 0x53, 0x74, 0x6f, 0x72, 0x61, 0x67, 0x65,
  0x2e, 0x73, 0x65, 0x74, 0x49, 0x74, 0x65, 0x6d, 0x28, 0x4c, 0x53, 0x5f,
  0x4c, 0x41, 0x4e, 0x47, 0x2c, 0x20, 0x63, 0x6f, 0x64, 0x65, 0x29, 0x3b,
  0x20, 0x7d, 0x20, 0x63, 0x61, 0x74, 0x63, 0x68, 0x20, 0x28, 0x65, 0x29,
  0x20, 0x7b, 0x7d, 0x0a, 0x20, 0x20, 0x61, 0x70, 0x70, 0x6c, 0x79, 0x4c,
  0x61, 0x6e, 0x67, 0x28, 0x29, 0x3b, 0x0a, 0x20, 0x20, 0x69, 0x66, 0x20,
  0x28, 0x73, 0x61, 0x76, 0x65, 0x29, 0x20, 0x61, 0x70, 0x69, 0x28, 0x22,
  0x50, 0x4f, 0x53, 0x54, 0x22, 0x2c, 0x20, 0x22, 0x2f, 0x61, 0x70, 0x69,
  0x2f, 0x6c, 0x61, 0x6e, 0x67, 0x3f, 0x63, 0x6f, 0x64, 0x65, 0x3d, 0x22,
  0x20, 0x2b, 0x20, 0x63, 0x6f, 0x64, 0x65, 0x29, 0x2e, 0x74, 0x68, 0x65,
  0x6e, 0x28, 0x66, 0x75, 0x6e, 0x63, 0x74, 0x69, 0x6f, 0x6e, 0x20, 0x28,
  0x29, 0x20, 0x7b, 0x20, 0x74, 0x6f, 0x61, 0x73, 0x74, 0x28, 0x74, 0x28,
  0x22, 0x6c, 0x61, 0x6e, 0x67, 0x53, 0x65, 0x74, 0x22, 0x2c, 0x20, 0x7b,
  0x20, 0x6e, 0x61, 0x6d, 0x65, 0x3a, 0x20, 0x6c, 0x61, 0x6e, 0x67, 0x49,
  0x6e, 0x66, 0x6f, 0x28, 0x63, 0x6f, 0x64, 0x65, 0x29, 0x2e, 0x6e, 0x61,
  0x6d, 0x65, 0x20, 0x7d, 0x29, 0x29, 0x3b, 0x20, 0x7d, 0x2c, 0x0a, 0x20,
  0x20, 0x20, 0x20, 0x66, 0x75, 0x6e, 0x63, 0x74, 0x69, 0x6f, 0x6e, 0x20,
  0x28, 0x29, 0x20, 0x7b, 0x20, 0x74, 0x6f, 0x61, 0x73, 0x74, 0x28, 0x74,
  0x28, 0x22, 0x66, 0x61, 0x69, 0x6c, 0x65, 0x64, 0x22, 0x29, 0x29, 0x3b,
  0x20, 0x7d, 0x29, 0x3b, 0x0a, 0x7d, 0x0a, 0x0a, 0x66, 0x75, 0x6e, 0x63,
  0x74, 0x69, 0x6f, 0x6e, 0x20, 0x61, 0x70, 0x69, 0x28, 0x6d, 0x65, 0x74,
  0x68, 0x6f, 0x64, 0x2c, 0x20, 0x70, 0x61, 0x74, 0x68, 0x29, 0x20, 0x7b,
  0x0a, 0x20, 0x20, 0x72, 0x65, 0x74, 0x75, 0x72, 0x6e, 0x20, 0x66, 0x65,
  0x74, 0x63, 0x68, 0x28, 0x70, 0x61, 0x74, 0x68, 0x2c, 0x20, 0x7b, 0x20,
  0x6d, 0x65, 0x74, 0x68, 0x6f, 0x64, 0x3a, 0x20, 0x6d, 0x65, 0x74, 0x68,
  0x6f, 0x64, 0x2c, 0x20, 0x68, 0x65, 0x61, 0x64, 0x65, 0x72, 0x73, 0x3a,
  0x20, 0x7b, 0x20, 0x22, 0x58, 0x2d, 0x50, 0x61, 0x64, 0x42, 0x72, 0x69,
  0x64, 0x67, 0x65, 0x22, 0x3a, 0x20, 0x22, 0x31, 0x22, 0x20, 0x7d, 0x2c,
  0x20, 0x63, 0x61, 0x63, 0x68, 0x65, 0x3a, 0x20, 0x22, 0x6e, 0x6f, 0x2d,
  0x73, 0x74, 0x6f, 0x72, 0x65, 0x22, 0x20, 0x7d, 0x29, 0x2e, 0x74, 0x68,
  0x65, 0x6e, 0x28, 0x66, 0x75, 0x6e, 0x63, 0x74, 0x69, 0x6f, 0x6e, 0x20,
  0x28, 0x72, 0x29, 0x20, 0x7b, 0x0a, 0x20, 0x20, 0x20, 0x20, 0x69, 0x66,
  0x20, 0x28, 0x21, 0x72, 0x2e, 0x6f, 0x6b, 0x29, 0x20, 0x74, 0x68, 0x72,
  0x6f, 0x77, 0x20, 0x6e, 0x65, 0x77, 0x20, 0x45, 0x72, 0x72, 0x6f, 0x72,
  0x28, 0x22, 0x68, 0x74, 0x74, 0x70, 0x20, 0x22, 0x20, 0x2b, 0x20, 0x72,
  0x2e, 0x73, 0x74, 0x61, 0x74, 0x75, 0x73, 0x29, 0x3b, 0x0a, 0x20, 0x20,
  0x20, 0x20, 0x72, 0x65, 0x74, 0x75, 0x72, 0x6e, 0x20, 0x70, 0x61, 0x74,
  0x68, 0x20, 0x3d, 0x3d, 0x3d, 0x20, 0x22, 0x2f, 0x61, 0x70, 0x69, 0x2f,
  0x6c, 0x6f, 0x67, 0x22, 0x20, 0x3f, 0x20, 0x72, 0x2e, 0x74, 0x65, 0x78,
  0x74, 0x28, 0x29, 0x20, 0x3a, 0x20, 0x72, 0x2e, 0x6a, 0x73, 0x6f, 0x6e,
  0x28, 0x29, 0x3b, 0x0a, 0x20, 0x20, 0x7d, 0x29, 0x3b, 0x0a, 0x7d, 0x0a,
  0x66, 0x75, 0x6e, 0x63, 0x74, 0x69, 0x6f, 0x6e, 0x20, 0x65, 0x6c, 0x28,
  0x74, 0x61, 0x67, 0x2c, 0x20, 0x63, 0x6c, 0x73, 0x2c, 0x20, 0x74, 0x65,
  0x78, 0x74, 0x29, 0x20, 0x7b, 0x0a, 0x20, 0x20, 0x76, 0x61, 0x72, 0x20,
  0x65, 0x20, 0x3d, 0x20, 0x64, 0x6f, 0x63, 0x75, 0x6d, 0x65, 0x6e, 0x74,
  0x2e, 0x63, 0x72, 0x65, 0x61, 0x74, 0x65, 0x45, 0x6c, 0x65, 0x6d, 0x65,
  0x6e, 0x74, 0x28, 0x74, 0x61, 0x67, 0x29, 0x3b, 0x0a, 0x20, 0x20, 0x69,
  0x66, 0x20, 0x28, 0x63, 0x6c, 0x73, 0x29, 0x20, 0x65, 0x2e, 0x63, 0x6c,
  0x61, 0x73, 0x73, 0x4e, 0x61, 0x6d, 0x65, 0x20, 0x3d, 0x20, 0x63, 0x6c,
  0x73, 0x3b, 0x0a, 0x20, 0x20, 0x69, 0x66, 0x20, 0x28, 0x74, 0x65, 0x78,
  0x74, 0x20, 0x21, 0x3d, 0x3d, 0x20, 0x75, 0x6e, 0x64, 0x65, 0x66, 0x69,
  0x6e, 0x65, 0x64, 0x29, 0x20, 0x65, 0x2e, 0x74, 0x65, 0x78, 0x74, 0x43,
  0x6f, 0x6e, 0x74, 0x65, 0x6e, 0x74, 0x20, 0x3d, 0x20, 0x74, 0x65, 0x78,
  0x74, 0x3b, 0x0a, 0x20, 0x20, 0x72, 0x65, 0x74, 0x75, 0x72, 0x6e, 0x20,
  0x65, 0x3b, 0x0a, 0x7d, 0x0a, 0x66, 0x75, 0x6e, 0x63, 0x74, 0x69, 0x6f,
  0x6e, 0x20, 0x74, 0x6f, 0x61, 0x73, 0x74, 0x28, 0x6d, 0x73, 0x67, 0x29,
  0x20, 0x7b, 0x0a, 0x20, 0x20, 0x76, 0x61, 0x72, 0x20, 0x74, 0x20, 0x3d,
  0x20, 0x24, 0x28, 0x22, 0x74, 0x6f, 0x61, 0x73, 0x74, 0x22, 0x29, 0x3b,
  0x0a, 0x20, 0x20, 0x74, 0x2e, 0x74, 0x65, 0x78, 0x74, 0x43, 0x6f, 0x6e,
  0x74, 0x65, 0x6e, 0x74, 0x20, 0x3d, 0x20, 0x6d, 0x73, 0x67, 0x3b, 0x0a,
  0x20, 0x20, 0x74, 0x2e, 0x63, 0x6c, 0x61, 0x73, 0x73, 0x4e, 0x61, 0x6d,
  0x65, 0x20, 0x3d, 0x20, 0x22, 0x74, 0x6f, 0x61, 0x73, 0x74, 0x20, 0x73,
  0x68, 0x6f, 0x77, 0x22, 0x3b, 0x0a, 0x20, 0x20, 0x63, 0x6c, 0x65, 0x61,
  0x72, 0x54, 0x69, 0x6d, 0x65, 0x6f, 0x75, 0x74, 0x28, 0x74, 0x6f, 0x61,
  0x73, 0x74, 0x2e, 0x74, 0x69, 0x6d, 0x65, 0x72, 0x29, 0x3b, 0x0a, 0x20,
  0x20, 0x74, 0x6f, 0x61, 0x73, 0x74, 0x2e, 0x74, 0x69, 0x6d, 0x65, 0x72,
  0x20, 0x3d, 0x20, 0x73, 0x65, 0x74, 0x54, 0x69, 0x6d, 0x65, 0x6f, 0x75,
  0x74, 0x28, 0x66, 0x75, 0x6e, 0x63, 0x74, 0x69, 0x6f, 0x6e, 0x20, 0x28,
  0x29, 0x20, 0x7b, 0x20, 0x74, 0x2e, 0x63, 0x6c, 0x61, 0x73, 0x73, 0x4e,
  0x61, 0x6d, 0x65, 0x20, 0x3d, 0x20, 0x22, 0x74, 0x6f, 0x61, 0x73, 0x74,
  0x22, 0x3b, 0x20, 0x7d, 0x2c, 0x20, 0x32, 0x32, 0x30, 0x30, 0x29, 0x3b,
  0x0a, 0x7d, 0x0a, 0x2f, 0x2a, 0x20, 0x41, 0x20, 0x64, 0x65, 0x73, 0x74,
  0x72, 0x75, 0x63, 0x74, 0x69, 0x76, 0x65, 0x20, 0x62, 0x75, 0x74, 0x74,
  0x6f, 0x6e, 0x20, 0x61, 0x73, 0x6b, 0x73, 0x20, 0x6f, 0x6e, 0x63, 0x65,
  0x20, 0x6d, 0x6f, 0x72, 0x65, 0x20, 0x6f, 0x6e, 0x20, 0x74, 0x68, 0x65,
  0x20, 0x70, 0x61, 0x67, 0x65, 0x20, 0x69, 0x74, 0x73, 0x65, 0x6c, 0x66,
  0x20, 0x28, 0x6e, 0x6f, 0x20, 0x62, 0x72, 0x6f, 0x77, 0x73, 0x65, 0x72,
  0x20, 0x64, 0x69, 0x61, 0x6c, 0x6f, 0x67, 0x29, 0x2e, 0x20, 0x2a, 0x2f,
  0x0a, 0x66, 0x75, 0x6e, 0x63, 0x74, 0x69, 0x6f, 0x6e, 0x20, 0x61, 0x72,
  0x6d, 0x65, 0x64, 0x28, 0x62, 0x74, 0x6e, 0x2c, 0x20, 0x6c, 0x61, 0x62,
  0x65, 0x6c, 0x4b, 0x65, 0x79, 0x2c, 0x20, 0x72, 0x75, 0x6e, 0x29, 0x20,
  0x7b, 0x0a, 0x20, 0x20, 0x76, 0x61, 0x72, 0x20, 0x69, 0x64, 0x6c, 0x65,
  0x20, 0x3d, 0x20, 0x62, 0x74, 0x6e, 0x2e, 0x74, 0x65, 0x78, 0x74, 0x43,
  0x6f, 0x6e, 0x74, 0x65, 0x6e, 0x74, 0x3b, 0x0a, 0x20, 0x20, 0x62, 0x74,
  0x6e, 0x2e, 0x6f, 0x6e, 0x63, 0x6c, 0x69, 0x63, 0x6b, 0x20, 0x3d, 0x20,
  0x66, 0x75, 0x6e, 0x63, 0x74, 0x69, 0x6f, 0x6e, 0x20, 0x28, 0x29, 0x20,
  0x7b, 0x0a, 0x20, 0x20, 0x20, 0x20, 0x69, 0x66, 0x20, 0x28, 0x62, 0x74,
  0x6e, 0x2e, 0x64, 0x61, 0x74, 0x61, 0x73, 0x65, 0x74, 0x2e, 0x61, 0x72,
  0x6d, 0x65, 0x64, 0x29, 0x20, 0x7b, 0x20, 0x64, 0x65, 0x6c, 0x65, 0x74,
  0x65, 0x20, 0x62, 0x74, 0x6e, 0x2e, 0x64, 0x61, 0x74, 0x61, 0x73, 0x65,
  0x74, 0x2e, 0x61, 0x72, 0x6d, 0x65, 0x64, 0x3b, 0x20, 0x62, 0x74, 0x6e,
  0x2e, 0x63, 0x6c, 0x61, 0x73, 0x73, 0x4c, 0x69, 0x73, 0x74, 0x2e, 0x72,
  0x65, 0x6d, 0x6f, 0x76, 0x65, 0x28, 0x22, 0x61, 0x72, 0x6d, 0x65, 0x64,
  0x22, 0x29, 0x3b, 0x20, 0x62, 0x74, 0x6e, 0x2e, 0x74, 0x65, 0x78, 0x74,
  0x43, 0x6f, 0x6e, 0x74, 0x65, 0x6e, 0x74, 0x20, 0x3d, 0x20, 0x69, 0x64,
  0x6c, 0x65, 0x3b, 0x20, 0x72, 0x75, 0x6e, 0x28, 0x29, 0x3b, 0x20, 0x72,
  0x65, 0x74, 0x75, 0x72, 0x6e, 0x3b, 0x20, 0x7d, 0x0a, 0x20, 0x20, 0x20,
  0x20, 0x69, 0x64, 0x6c, 0x65, 0x20, 0x3d, 0x20, 0x62, 0x74, 0x6e, 0x2e,
  0x74, 0x65, 0x78, 0x74, 0x43, 0x6f, 0x6e, 0x74, 0x65, 0x6e, 0x74, 0x3b,
  0x0a, 0x20, 0x20, 0x20, 0x20, 0x62, 0x74, 0x6e, 0x2e, 0x64, 0x61, 0x74,
  0x61, 0x73, 0x65, 0x74, 0x2e, 0x61, 0x72, 0x6d, 0x65, 0x64, 0x20, 0x3d,
  0x20, 0x22, 0x31, 0x22, 0x3b, 0x20, 0x62, 0x74, 0x6e, 0x2e, 0x63, 0x6c,
  0x61, 0x73, 0x73, 0x4c, 0x69, 0x73, 0x74, 0x2e, 0x61, 0x64, 0x64, 0x28,
  0x22, 0x61, 0x72, 0x6d, 0x65, 0x64, 0x22, 0x29, 0x3b, 0x20, 0x62, 0x74,
  0x6e, 0x2e, 0x74, 0x65, 0x78, 0x74, 0x43, 0x6f, 0x6e, 0x74, 0x65, 0x6e,
  0x74, 0x20, 0x3d, 0x20, 0x74, 0x28, 0x6c, 0x61, 0x62, 0x65, 0x6c, 0x4b,
  0x65, 0x79, 0x29, 0x3b, 0x0a, 0x20, 0x20, 0x20, 0x20, 0x73, 0x65, 0x74,
  0x54, 0x69, 0x6d, 0x65, 0x6f, 0x75, 0x74, 0x28, 0x66, 0x75, 0x6e, 0x63,
  0x74, 0x69, 0x6f, 0x6e, 0x20, 0x28, 0x29, 0x20, 0x7b, 0x20, 0x69, 0x66,
  0x20, 0x28, 0x62, 0x74, 0x6e, 0x2e, 0x64, 0x61, 0x74, 0x61, 0x73, 0x65,
  0x74, 0x2e, 0x61, 0x72, 0x6d, 0x65, 0x64, 0x29, 0x20, 0x7b, 0x20, 0x64,
  0x65, 0x6c, 0x65, 0x74, 0x65, 0x20, 0x62, 0x74, 0x6e, 0x2e, 0x64, 0x61,
  0x74, 0x61, 0x73, 0x65, 0x74, 0x2e, 0x61, 0x72, 0x6d, 0x65, 0x64, 0x3b,
  0x20, 0x62, 0x74, 0x6e, 0x2e, 0x63, 0x6c, 0x61, 0x73, 0x73, 0x4c, 0x69,
  0x73, 0x74, 0x2e, 0x72, 0x65, 0x6d, 0x6f, 0x76, 0x65, 0x28, 0x22, 0x61,
  0x72, 0x6d, 0x65, 0x64, 0x22, 0x29, 0x3b, 0x20, 0x62, 0x74, 0x6e, 0x2e,
  0x74, 0x65, 0x78, 0x74, 0x43, 0x6f, 0x6e, 0x74, 0x65, 0x6e, 0x74, 0x20,
  0x3d, 0x20, 0x69, 0x64, 0x6c, 0x65, 0x3b, 0x20, 0x7d, 0x20, 0x7d, 0x2c,
  0x20, 0x34, 0x30, 0x30, 0x30, 0x29, 0x3b, 0x0a, 0x20, 0x20, 0x7d, 0x3b,
  0x0a, 0x7d, 0x0a, 0x66, 0x75, 0x6e, 0x63, 0x74, 0x69, 0x6f, 0x6e, 0x20,
  0x61, 0x63, 0x74, 0x28, 0x70, 0x61, 0x74, 0x68, 0x2c, 0x20, 0x6f, 0x6b,
  0x2c, 0x20, 0x62, 0x61, 0x64, 0x29, 0x20, 0x7b, 0x0a, 0x20, 0x20, 0x72,
  0x65, 0x74, 0x75, 0x72, 0x6e, 0x20, 0x61, 0x70, 0x69, 0x28, 0x22, 0x50,
  0x4f, 0x53, 0x54, 0x22, 0x2c, 0x20, 0x70, 0x61, 0x74, 0x68, 0x29, 0x2e,
  0x74, 0x68, 0x65, 0x6e, 0x28, 0x66, 0x75, 0x6e, 0x63, 0x74, 0x69, 0x6f,
  0x6e, 0x20, 0x28, 0x29, 0x20, 0x7b, 0x20, 0x69, 0x66, 0x20, 0x28, 0x6f,
  0x6b, 0x29, 0x20, 0x74, 0x6f, 0x61, 0x73, 0x74, 0x28, 0x6f, 0x6b, 0x29,
  0x3b, 0x20, 0x7d, 0x2c, 0x20, 0x66, 0x75, 0x6e, 0x63, 0x74, 0x69, 0x6f,
  0x6e, 0x20, 0x28, 0x29, 0x20, 0x7b, 0x20, 0x74, 0x6f, 0x61, 0x73, 0x74,
  0x28, 0x62, 0x61, 0x64, 0x20, 0x7c, 0x7c, 0x20, 0x74, 0x28, 0x22, 0x66,
  0x61, 0x69, 0x6c, 0x65, 0x64, 0x22, 0x29, 0x29, 0x3b, 0x20, 0x7d, 0x29,
  0x0a, 0x20, 0x20, 0x20, 0x20, 0x2e, 0x74, 0x68, 0x65, 0x6e, 0x28, 0x72,
  0x65, 0x66, 0x72, 0x65, 0x73, 0x68, 0x29, 0x3b, 0x0a, 0x7d, 0x0a, 0x0a,
  0x2f, 0x2a, 0x20, 0x43, 0x6f, 0x6e, 0x74, 0x72, 0x6f, 0x6c, 0x6c, 0x65,
  0x72, 0x20, 0x64, 0x72, 0x61, 0x77, 0x69, 0x6e, 0x67, 0x73, 0x3a, 0x20,
  0x6f, 0x72, 0x69, 0x67, 0x69, 0x6e, 0x61, 0x6c, 0x20, 0x53, 0x56, 0x47,
  0x73, 0x2c, 0x20, 0x6f, 0x6e, 0x65, 0x20, 0x70, 0x65, 0x72, 0x20, 0x63,
  0x6f, 0x6e, 0x74, 0x72, 0x6f, 0x6c, 0x6c, 0x65, 0x72, 0x20, 0x66, 0x61,
  0x6d, 0x69, 0x6c, 0x79, 0x2c, 0x20, 0x65, 0x61, 0x63, 0x68, 0x20, 0x77,
  0x69, 0x74, 0x68, 0x20, 0x69, 0x74, 0x73, 0x20, 0x6f, 0x77, 0x6e, 0x20,
  0x6c, 0x61, 0x62, 0x65, 0x6c, 0x73, 0x2e, 0x20, 0x2a, 0x2f, 0x0a, 0x76,
  0x61, 0x72, 0x20, 0x53, 0x56, 0x47, 0x4e, 0x53, 0x20, 0x3d, 0x20, 0x22,
  0x68, 0x74, 0x74, 0x70, 0x3a, 0x2f, 0x2f, 0x77, 0x77, 0x77, 0x2e, 0x77,
  0x33, 0x2e, 0x6f, 0x72, 0x67, 0x2f, 0x32, 0x30, 0x30, 0x30, 0x2f, 0x73,
  0x76, 0x67, 0x22, 0x3b, 0x0a, 0x66, 0x75, 0x6e, 0x63, 0x74, 0x69, 0x6f,
  0x6e, 0x20, 0x73, 0x76, 0x28, 0x74, 0x61, 0x67, 0x2c, 0x20, 0x61, 0x2c,
  0x20, 0x70, 0x61, 0x72, 0x65, 0x6e, 0x74, 0x29, 0x20, 0x7b, 0x20, 0x76,
  0x61, 0x72, 0x20, 0x65, 0x20, 0x3d, 0x20, 0x64, 0x6f, 0x63, 0x75, 0x6d,
  0x65, 0x6e, 0x74, 0x2e, 0x63, 0x72, 0x65, 0x61, 0x74, 0x65, 0x45, 0x6c,
  0x65, 0x6d, 0x65, 0x6e, 0x74, 0x4e, 0x53, 0x28, 0x53, 0x56, 0x47, 0x4e,
  0x53, 0x2c, 0x20, 0x74, 0x61, 0x67, 0x29, 0x3b, 0x20, 0x66, 0x6f, 0x72,
  0x20, 0x28, 0x76, 0x61, 0x72, 0x20, 0x6b, 0x20, 0x69, 0x6e, 0x20, 0x61,
  0x29, 0x20, 0x65, 0x2e, 0x73, 0x65, 0x74, 0x41, 0x74, 0x74, 0x72, 0x69,
  0x62, 0x75, 0x74, 0x65, 0x28, 0x6b, 0x2c, 0x20, 0x61, 0x5b, 0x6b, 0x5d,
  0x29, 0x3b, 0x20, 0x69, 0x66, 0x20, 0x28, 0x70, 0x61, 0x72, 0x65, 0x6e,
  0x74, 0x29, 0x20, 0x70, 0x61, 0x72, 0x65, 0x6e, 0x74, 0x2e, 0x61, 0x70,
  0x70, 0x65, 0x6e, 0x64, 0x43, 0x68, 0x69, 0x6c, 0x64, 0x28, 0x65, 0x29,
  0x3b, 0x20, 0x72, 0x65, 0x74, 0x75, 0x72, 0x6e, 0x20, 0x65, 0x3b, 0x20,
  0x7d, 0x0a, 0x76, 0x61, 0x72, 0x20, 0x42, 0x4f, 0x44, 0x59, 0x20, 0x3d,
  0x20, 0x7b, 0x0a, 0x20, 0x20, 0x78, 0x62, 0x6f, 0x78, 0x3a, 0x20, 0x22,
  0x4d, 0x37, 0x30, 0x20, 0x33, 0x34, 0x20, 0x51, 0x31, 0x36, 0x30, 0x20,
  0x32, 0x32, 0x20, 0x32, 0x35, 0x30, 0x20, 0x33, 0x34, 0x20, 0x51, 0x32,
  0x39, 0x32, 0x20, 0x34, 0x30, 0x20, 0x33, 0x30, 0x34, 0x20, 0x39, 0x32,
  0x20, 0x4c, 0x33, 0x31, 0x38, 0x20, 0x31, 0x36, 0x30, 0x20, 0x51, 0x33,
  0x32, 0x32, 0x20, 0x31, 0x39, 0x36, 0x20, 0x32, 0x39, 0x30, 0x20, 0x31,
  0x39, 0x32, 0x20, 0x51, 0x32, 0x37, 0x30, 0x20, 0x31, 0x39, 0x30, 0x20,
  0x32, 0x35, 0x32, 0x20, 0x31, 0x36, 0x34, 0x20, 0x4c, 0x32, 0x33, 0x32,
  0x20, 0x31, 0x34, 0x30, 0x20, 0x48, 0x38, 0x38, 0x20, 0x4c, 0x36, 0x38,
  0x20, 0x31, 0x36, 0x34, 0x20, 0x51, 0x35, 0x30, 0x20, 0x31, 0x39, 0x30,
  0x20, 0x33, 0x30, 0x20, 0x31, 0x39, 0x32, 0x20, 0x51, 0x2d, 0x32, 0x20,
  0x31, 0x39, 0x36, 0x20, 0x32, 0x20, 0x31, 0x36, 0x30, 0x20, 0x4c, 0x31,
  0x36, 0x20, 0x39, 0x32, 0x20, 0x51, 0x32, 0x38, 0x20, 0x34, 0x30, 0x20,
  0x37, 0x30, 0x20, 0x33, 0x34, 0x20, 0x5a, 0x22, 0x2c, 0x0a, 0x20, 0x20,
  0x70, 0x73, 0x3a, 0x20, 0x22, 0x4d, 0x36, 0x34, 0x20, 0x33, 0x36, 0x20,
  0x48, 0x32, 0x35, 0x36, 0x20, 0x51, 0x32, 0x39, 0x30, 0x20, 0x33, 0x36,
  0x20, 0x33, 0x30, 0x30, 0x20, 0x37, 0x34, 0x20, 0x4c, 0x33, 0x31, 0x38,
  0x20, 0x31, 0x36, 0x34, 0x20, 0x51, 0x33, 0x32, 0x32, 0x20, 0x31, 0x39,
  0x38, 0x20, 0x32, 0x39, 0x32, 0x20, 0x31, 0x39, 0x34, 0x20, 0x51, 0x32,
  0x37, 0x30, 0x20, 0x31, 0x39, 0x30, 0x20, 0x32, 0x35, 0x34, 0x20, 0x31,
  0x36, 0x30, 0x20, 0x4c, 0x32, 0x33, 0x38, 0x20, 0x31, 0x33, 0x34, 0x20,
  0x48, 0x38, 0x32, 0x20, 0x4c, 0x36, 0x36, 0x20, 0x31, 0x36, 0x30, 0x20,
  0x51, 0x35, 0x30, 0x20, 0x31, 0x39, 0x30, 0x20, 0x32, 0x38, 0x20, 0x31,
  0x39, 0x34, 0x20, 0x51, 0x2d, 0x32, 0x20, 0x31, 0x39, 0x38, 0x20, 0x32,
  0x20, 0x31, 0x36, 0x34, 0x20, 0x4c, 0x32, 0x30, 0x20, 0x37, 0x34, 0x20,
  0x51, 0x33, 0x30, 0x20, 0x33, 0x36, 0x20, 0x36, 0x34, 0x20, 0x33, 0x36,
  0x20, 0x5a, 0x22, 0x2c, 0x0a, 0x20, 0x20, 0x64, 0x73, 0x35, 0x3a, 0x20,
  0x22, 0x4d, 0x37, 0x30, 0x20, 0x33, 0x34, 0x20, 0x51, 0x31, 0x36, 0x30,
  0x20, 0x32, 0x36, 0x20, 0x32, 0x35, 0x30, 0x20, 0x33, 0x34, 0x20, 0x51,
  0x32, 0x39, 0x34, 0x20, 0x34, 0x30, 0x20, 0x33, 0x30, 0x34, 0x20, 0x38,
  0x34, 0x20, 0x4c, 0x33, 0x32, 0x30, 0x20, 0x31, 0x36, 0x36, 0x20, 0x51,
  0x33, 0x32, 0x32, 0x20, 0x31, 0x39, 0x38, 0x20, 0x32, 0x39, 0x32, 0x20,
  0x31, 0x39, 0x34, 0x20, 0x51, 0x32, 0x36, 0x38, 0x20, 0x31, 0x39, 0x30,
  0x20, 0x32, 0x35, 0x32, 0x20, 0x31, 0x35, 0x38, 0x20, 0x4c, 0x32, 0x33,
  0x36, 0x20, 0x31, 0x33, 0x36, 0x20, 0x48, 0x38, 0x34, 0x20, 0x4c, 0x36,
  0x38, 0x20, 0x31, 0x35, 0x38, 0x20, 0x51, 0x35, 0x32, 0x20, 0x31, 0x39,
  0x30, 0x20, 0x32, 0x38, 0x20, 0x31, 0x39, 0x34, 0x20, 0x51, 0x2d, 0x32,
  0x20, 0x31, 0x39, 0x38, 0x20, 0x30, 0x20, 0x31, 0x36, 0x36, 0x20, 0x4c,
  0x31, 0x36, 0x20, 0x38, 0x34, 0x20, 0x51, 0x32, 0x36, 0x20, 0x34, 0x30,
  0x20, 0x37, 0x30, 0x20, 0x33, 0x34, 0x20, 0x5a, 0x22, 0x2c, 0x0a, 0x20,
  0x20, 0x6e, 0x69, 0x6e, 0x3a, 0x20, 0x22, 0x4d, 0x35, 0x38, 0x20, 0x33,
  0x38, 0x20, 0x51, 0x31, 0x36, 0x30, 0x20, 0x32, 0x36, 0x20, 0x32, 0x36,
  0x32, 0x20, 0x33, 0x38, 0x20, 0x51, 0x33, 0x30, 0x30, 0x20, 0x34, 0x36,
  0x20, 0x33, 0x30, 0x38, 0x20, 0x39, 0x36, 0x20, 0x4c, 0x33, 0x31, 0x36,
  0x20, 0x31, 0x35, 0x36, 0x20, 0x51, 0x33, 0x31, 0x38, 0x20, 0x31, 0x39,
  0x32, 0x20, 0x32, 0x39, 0x30, 0x20, 0x31, 0x39, 0x30, 0x20, 0x51, 0x32,
  0x36, 0x38, 0x20, 0x31, 0x38, 0x38, 0x20, 0x32, 0x35, 0x34, 0x20, 0x31,
  0x36, 0x36, 0x20, 0x4c, 0x32, 0x33, 0x36, 0x20, 0x31, 0x34, 0x32, 0x20,
  0x48, 0x38, 0x34, 0x20, 0x4c, 0x36, 0x36, 0x20, 0x31, 0x36, 0x36, 0x20,
  0x51, 0x35, 0x32, 0x20, 0x31, 0x38, 0x38, 0x20, 0x33, 0x30, 0x20, 0x31,
  0x39, 0x30, 0x20, 0x51, 0x32, 0x20, 0x31, 0x39, 0x32, 0x20, 0x34, 0x20,
  0x31, 0x35, 0x36, 0x20, 0x4c, 0x31, 0x32, 0x20, 0x39, 0x36, 0x20, 0x51,
  0x32, 0x30, 0x20, 0x34, 0x36, 0x20, 0x35, 0x38, 0x20, 0x33, 0x38, 0x20,
  0x5a, 0x22, 0x2c, 0x0a, 0x20, 0x20, 0x72, 0x65, 0x74, 0x72, 0x6f, 0x3a,
  0x20, 0x22, 0x4d, 0x36, 0x36, 0x20, 0x34, 0x36, 0x20, 0x48, 0x32, 0x35,
  0x34, 0x20, 0x41, 0x36, 0x34, 0x20, 0x36, 0x34, 0x20, 0x30, 0x20, 0x30,
  0x20, 0x31, 0x20, 0x32, 0x35, 0x34, 0x20, 0x31, 0x37, 0x34, 0x20, 0x48,
  0x36, 0x36, 0x20, 0x41, 0x36, 0x34, 0x20, 0x36, 0x34, 0x20, 0x30, 0x20,
  0x30, 0x20, 0x31, 0x20, 0x36, 0x36, 0x20, 0x34, 0x36, 0x20, 0x5a, 0x22,
  0x2c, 0x0a, 0x20, 0x20, 0x6d, 0x64, 0x3a, 0x20, 0x22, 0x4d, 0x32, 0x34,
  0x20, 0x36, 0x36, 0x20, 0x51, 0x31, 0x36, 0x30, 0x20, 0x32, 0x36, 0x20,
  0x32, 0x39, 0x36, 0x20, 0x36, 0x36, 0x20, 0x51, 0x33, 0x32, 0x36, 0x20,
  0x31, 0x35, 0x30, 0x20, 0x32, 0x37, 0x36, 0x20, 0x31, 0x37, 0x36, 0x20,
  0x51, 0x31, 0x36, 0x30, 0x20, 0x31, 0x34, 0x36, 0x20, 0x34, 0x34, 0x20,
  0x31, 0x37, 0x36, 0x20, 0x51, 0x2d, 0x36, 0x20, 0x31, 0x35, 0x30, 0x20,
  0x32, 0x34, 0x20, 0x36, 0x36, 0x20, 0x5a, 0x22, 0x2c, 0x0a, 0x20, 0x20,
  0x6e, 0x36, 0x34, 0x3a, 0x20, 0x22, 0x4d, 0x33, 0x34, 0x20, 0x34, 0x34,
  0x20, 0x48, 0x32, 0x38, 0x36, 0x20, 0x51, 0x33, 0x31, 0x34, 0x20, 0x34,
  0x34, 0x20, 0x33, 0x30, 0x38, 0x20, 0x39, 0x30, 0x20, 0x4c, 0x32, 0x39,
  0x32, 0x20, 0x31, 0x35, 0x30, 0x20, 0x51, 0x32, 0x38, 0x30, 0x20, 0x31,
  0x38, 0x30, 0x20, 0x32, 0x36, 0x32, 0x20, 0x31, 0x35, 0x32, 0x20, 0x4c,
  0x32, 0x33, 0x38, 0x20, 0x31, 0x31, 0x38, 0x20, 0x48, 0x32, 0x30, 0x30,
  0x20, 0x4c, 0x31, 0x38, 0x32, 0x20, 0x31, 0x39, 0x36, 0x20, 0x48, 0x31,
  0x33, 0x38, 0x20, 0x4c, 0x31, 0x32, 0x30, 0x20, 0x31, 0x31, 0x38, 0x20,
  0x48, 0x38, 0x32, 0x20, 0x4c, 0x35, 0x38, 0x20, 0x31, 0x35, 0x32, 0x20,
  0x51, 0x34, 0x30, 0x20, 0x31, 0x38, 0x30, 0x20, 0x32, 0x38, 0x20, 0x31,
  0x35, 0x30, 0x20, 0x4c, 0x31, 0x32, 0x20, 0x39, 0x30, 0x20, 0x51, 0x36,
  0x20, 0x34, 0x34, 0x20, 0x33, 0x34, 0x20, 0x34, 0x34, 0x20, 0x5a, 0x22,
  0x2c, 0x0a, 0x20, 0x20, 0x61, 0x64, 0x61, 0x70, 0x74, 0x3a, 0x20, 0x22,
  0x4d, 0x31, 0x30, 0x20, 0x33, 0x38, 0x20, 0x48, 0x33, 0x31, 0x30, 0x20,
  0x51, 0x33, 0x31, 0x38, 0x20, 0x33, 0x38, 0x20, 0x33, 0x31, 0x38, 0x20,
  0x34, 0x38, 0x20, 0x56, 0x31, 0x37, 0x32, 0x20, 0x51, 0x33, 0x31, 0x38,
  0x20, 0x31, 0x38, 0x32, 0x20, 0x33, 0x30, 0x38, 0x20, 0x31, 0x38, 0x32,
  0x20, 0x48, 0x31, 0x32, 0x20, 0x51, 0x32, 0x20, 0x31, 0x38, 0x32, 0x20,
  0x32, 0x20, 0x31, 0x37, 0x32, 0x20, 0x56, 0x34, 0x38, 0x20, 0x51, 0x32,
  0x20, 0x33, 0x38, 0x20, 0x31, 0x30, 0x20, 0x33, 0x38, 0x20, 0x5a, 0x22,
  0x2c, 0x0a, 0x20, 0x20, 0x67, 0x65, 0x6e, 0x3a, 0x20, 0x22, 0x4d, 0x36,
  0x30, 0x20, 0x34, 0x30, 0x20, 0x48, 0x32, 0x36, 0x30, 0x20, 0x51, 0x32,
  0x39, 0x36, 0x20, 0x34, 0x30, 0x20, 0x33, 0x30, 0x34, 0x20, 0x38, 0x30,
  0x20, 0x4c, 0x33, 0x31, 0x36, 0x20, 0x31, 0x36, 0x30, 0x20, 0x51, 0x33,
  0x31, 0x38, 0x20, 0x31, 0x39, 0x34, 0x20, 0x32, 0x39, 0x30, 0x20, 0x31,
  0x39, 0x32, 0x20, 0x51, 0x32, 0x37, 0x30, 0x20, 0x31, 0x39, 0x30, 0x20,
  0x32, 0x35, 0x36, 0x20, 0x31, 0x36, 0x34, 0x20, 0x4c, 0x32, 0x34, 0x30,
  0x20, 0x31, 0x33, 0x38, 0x20, 0x48, 0x38, 0x30, 0x20, 0x4c, 0x36, 0x34,
  0x20, 0x31, 0x36, 0x34, 0x20, 0x51, 0x35, 0x30, 0x20, 0x31, 0x39, 0x30,
  0x20, 0x33, 0x30, 0x20, 0x31, 0x39, 0x32, 0x20, 0x51, 0x32, 0x20, 0x31,
  0x39, 0x34, 0x20, 0x34, 0x20, 0x31, 0x36, 0x30, 0x20, 0x4c, 0x31, 0x36,
  0x20, 0x38, 0x30, 0x20, 0x51, 0x32, 0x34, 0x20, 0x34, 0x30, 0x20, 0x36,
  0x30, 0x20, 0x34, 0x30, 0x20, 0x5a, 0x22, 0x0a, 0x7d, 0x3b, 0x0a, 0x76,
  0x61, 0x72, 0x20, 0x58, 0x46, 0x20, 0x3d, 0x20, 0x7b, 0x20, 0x74, 0x72,
  0x69, 0x61, 0x6e, 0x67, 0x6c, 0x65, 0x3a, 0x20, 0x5b, 0x22, 0x59, 0x22,
  0x2c, 0x20, 0x22, 0x23, 0x66, 0x35, 0x63, 0x35, 0x31, 0x38, 0x22, 0x5d,
  0x2c, 0x20, 0x63, 0x69, 0x72, 0x63, 0x6c, 0x65, 0x3a, 0x20, 0x5b, 0x22,
  0x42, 0x22, 0x2c, 0x20, 0x22, 0x23, 0x65, 0x38, 0x34, 0x31, 0x33, 0x63,
  0x22, 0x5d, 0x2c, 0x20, 0x63, 0x72, 0x6f, 0x73, 0x73, 0x3a, 0x20, 0x5b,
  0x22, 0x41, 0x22, 0x2c, 0x20, 0x22, 0x23, 0x33, 0x64, 0x64, 0x63, 0x35,
  0x61, 0x22, 0x5d, 0x2c, 0x20, 0x73, 0x71, 0x75, 0x61, 0x72, 0x65, 0x3a,
  0x20, 0x5b, 0x22, 0x58, 0x22, 0x2c, 0x20, 0x22, 0x23, 0x33, 0x66, 0x38,
  0x63, 0x66, 0x66, 0x22, 0x5d, 0x20, 0x7d, 0x2c, 0x0a, 0x20, 0x20, 0x20,
  0x20, 0x50, 0x46, 0x20, 0x3d, 0x20, 0x7b, 0x20, 0x74, 0x72, 0x69, 0x61,
  0x6e, 0x67, 0x6c, 0x65, 0x3a, 0x20, 0x5b, 0x22, 0xe2, 0x96, 0xb3, 0x22,
  0x2c, 0x20, 0x22, 0x23, 0x33, 0x64, 0x64, 0x63, 0x62, 0x30, 0x22, 0x5d,
  0x2c, 0x20, 0x63, 0x69, 0x72, 0x63, 0x6c, 0x65, 0x3a, 0x20, 0x5b, 0x22,
  0xe2, 0x97, 0x8b, 0x22, 0x2c, 0x20, 0x22, 0x23, 0x66, 0x66, 0x34, 0x64,
  0x36, 0x64, 0x22, 0x5d, 0x2c, 0x20, 0x63, 0x72, 0x6f, 0x73, 0x73, 0x3a,
  0x20, 0x5b, 0x22, 0xe2, 0x9c, 0x95, 0x22, 0x2c, 0x20, 0x22, 0x23, 0x37,
  0x66, 0x61, 0x38, 0x66, 0x66, 0x22, 0x5d, 0x2c, 0x20, 0x73, 0x71, 0x75,
  0x61, 0x72, 0x65, 0x3a, 0x20, 0x5b, 0x22, 0xe2, 0x96, 0xa1, 0x22, 0x2c,
  0x20, 0x22, 0x23, 0x66, 0x66, 0x37, 0x61, 0x64, 0x39, 0x22, 0x5d, 0x20,
  0x7d, 0x2c, 0x0a, 0x20, 0x20, 0x20, 0x20, 0x4e, 0x46, 0x20, 0x3d, 0x20,
  0x7b, 0x20, 0x74, 0x72, 0x69, 0x61, 0x6e, 0x67, 0x6c, 0x65, 0x3a, 0x20,
  0x5b, 0x22, 0x58, 0x22, 0x2c, 0x20, 0x22, 0x22, 0x5d, 0x2c, 0x20, 0x63,
  0x69, 0x72, 0x63, 0x6c, 0x65, 0x3a, 0x20, 0x5b, 0x22, 0x41, 0x22, 0x2c,
  0x20, 0x22, 0x22, 0x5d, 0x2c, 0x20, 0x63, 0x72, 0x6f, 0x73, 0x73, 0x3a,
  0x20, 0x5b, 0x22, 0x42, 0x22, 0x2c, 0x20, 0x22, 0x22, 0x5d, 0x2c, 0x20,
  0x73, 0x71, 0x75, 0x61, 0x72, 0x65, 0x3a, 0x20, 0x5b, 0x22, 0x59, 0x22,
  0x2c, 0x20, 0x22, 0x22, 0x5d, 0x20, 0x7d, 0x2c, 0x0a, 0x20, 0x20, 0x20,
  0x20, 0x53, 0x46, 0x20, 0x3d, 0x20, 0x7b, 0x20, 0x74, 0x72, 0x69, 0x61,
  0x6e, 0x67, 0x6c, 0x65, 0x3a, 0x20, 0x5b, 0x22, 0x58, 0x22, 0x2c, 0x20,
  0x22, 0x23, 0x38, 0x66, 0x37, 0x61, 0x64, 0x38, 0x22, 0x5d, 0x2c, 0x20,
  0x63, 0x69, 0x72, 0x63, 0x6c, 0x65, 0x3a, 0x20, 0x5b, 0x22, 0x41, 0x22,
  0x2c, 0x20, 0x22, 0x23, 0x63, 0x39, 0x34, 0x61, 0x35, 0x61, 0x22, 0x5d,
  0x2c, 0x20, 0x63, 0x72, 0x6f, 0x73, 0x73, 0x3a, 0x20, 0x5b, 0x22, 0x42,
  0x22, 0x2c, 0x20, 0x22, 0x23, 0x64, 0x38, 0x61, 0x32, 0x33, 0x61, 0x22,
  0x5d, 0x2c, 0x20, 0x73, 0x71, 0x75, 0x61, 0x72, 0x65, 0x3a, 0x20, 0x5b,
  0x22, 0x59, 0x22, 0x2c, 0x20, 0x22, 0x23, 0x33, 0x64, 0x39, 0x61, 0x35,
  0x61, 0x22, 0x5d, 0x20, 0x7d, 0x2c, 0x0a, 0x20, 0x20, 0x20, 0x20, 0x47,
  0x46, 0x20, 0x3d, 0x20, 0x7b, 0x20, 0x74, 0x72, 0x69, 0x61, 0x6e, 0x67,
  0x6c, 0x65, 0x3a, 0x20, 0x5b, 0x22, 0x59, 0x22, 0x2c, 0x20, 0x22, 0x22,
  0x5d, 0x2c, 0x20, 0x63, 0x69, 0x72, 0x63, 0x6c, 0x65, 0x3a, 0x20, 0x5b,
  0x22, 0x42, 0x22, 0x2c, 0x20, 0x22, 0x22, 0x5d, 0x2c, 0x20, 0x63, 0x72,
  0x6f, 0x73, 0x73, 0x3a, 0x20, 0x5b, 0x22, 0x41, 0x22, 0x2c, 0x20, 0x22,
  0x22, 0x5d, 0x2c, 0x20, 0x73, 0x71, 0x75, 0x61, 0x72, 0x65, 0x3a, 0x20,
  0x5b, 0x22, 0x58, 0x22, 0x2c, 0x20, 0x22, 0x22, 0x5d, 0x20, 0x7d, 0x3b,
  0x0a, 0x76, 0x61, 0x72, 0x20, 0x58, 0x4d, 0x49, 0x44, 0x20, 0x3d, 0x20,
  0x5b, 0x5b, 0x22, 0x63, 0x72, 0x65, 0x61, 0x74, 0x65, 0x22, 0x2c, 0x20,
  0x22, 0x56, 0x69, 0x65, 0x77, 0x22, 0x2c, 0x20, 0x31, 0x33, 0x38, 0x2c,
  0x20, 0x39, 0x32, 0x2c, 0x20, 0x22, 0x72, 0x22, 0x5d, 0x2c, 0x20, 0x5b,
  0x22, 0x6f, 0x70, 0x74, 0x69, 0x6f, 0x6e, 0x73, 0x22, 0x2c, 0x20, 0x22,
  0x4d, 0x65, 0x6e, 0x75, 0x22, 0x2c, 0x20, 0x31, 0x38, 0x32, 0x2c, 0x20,
  0x39, 0x32, 0x2c, 0x20, 0x22, 0x72, 0x22, 0x5d, 0x2c, 0x20, 0x5b, 0x22,
  0x70, 0x73, 0x22, 0x2c, 0x20, 0x22, 0x58, 0x62, 0x6f, 0x78, 0x22, 0x2c,
  0x20, 0x31, 0x36, 0x30, 0x2c, 0x20, 0x36, 0x32, 0x2c, 0x20, 0x22, 0x67,
  0x22, 0x5d, 0x5d, 0x3b, 0x0a, 0x76, 0x61, 0x72, 0x20, 0x4e, 0x4d, 0x49,
  0x44, 0x20, 0x3d, 0x20, 0x5b, 0x5b, 0x22, 0x63, 0x72, 0x65, 0x61, 0x74,
  0x65, 0x22, 0x2c, 0x20, 0x22, 0xe2, 0x88, 0x92, 0x22, 0x2c, 0x20, 0x31,
  0x33, 0x38, 0x2c, 0x20, 0x37, 0x32, 0x2c, 0x20, 0x22, 0x73, 0x22, 0x5d,
  0x2c, 0x20, 0x5b, 0x22, 0x6f, 0x70, 0x74, 0x69, 0x6f, 0x6e, 0x73, 0x22,
  0x2c, 0x20, 0x22, 0x2b, 0x22, 0x2c, 0x20, 0x31, 0x38, 0x32, 0x2c, 0x20,
  0x37, 0x32, 0x2c, 0x20, 0x22, 0x73, 0x22, 0x5d, 0x2c, 0x20, 0x5b, 0x22,
  0x74, 0x6f, 0x75, 0x63, 0x68, 0x70, 0x61, 0x64, 0x22, 0x2c, 0x20, 0x22,
  0xe2, 0x97, 0x89, 0x22, 0x2c, 0x20, 0x31, 0x34, 0x30, 0x2c, 0x20, 0x31,
  0x30, 0x34, 0x2c, 0x20, 0x22, 0x73, 0x22, 0x5d, 0x2c, 0x20, 0x5b, 0x22,
  0x70, 0x73, 0x22, 0x2c, 0x20, 0x22, 0xe2, 0x8c, 0x82, 0x22, 0x2c, 0x20,
  0x31, 0x38, 0x30, 0x2c, 0x20, 0x31, 0x30, 0x34, 0x2c, 0x20, 0x22, 0x73,
  0x22, 0x5d, 0x5d, 0x3b, 0x0a, 0x76, 0x61, 0x72, 0x20, 0x50, 0x4d, 0x49,
  0x44, 0x20, 0x3d, 0x20, 0x5b, 0x5b, 0x22, 0x74, 0x6f, 0x75, 0x63, 0x68,
  0x70, 0x61, 0x64, 0x22, 0x2c, 0x20, 0x22, 0x22, 0x2c, 0x20, 0x31, 0x36,
  0x30, 0x2c, 0x20, 0x37, 0x34, 0x2c, 0x20, 0x22, 0x74, 0x22, 0x5d, 0x2c,
  0x20, 0x5b, 0x22, 0x63, 0x72, 0x65, 0x61, 0x74, 0x65, 0x22, 0x2c, 0x20,
  0x22, 0x53, 0x68, 0x61, 0x72, 0x65, 0x22, 0x2c, 0x20, 0x31, 0x30, 0x30,
  0x2c, 0x20, 0x35, 0x30, 0x2c, 0x20, 0x22, 0x72, 0x22, 0x5d, 0x2c, 0x20,
  0x5b, 0x22, 0x6f, 0x70, 0x74, 0x69, 0x6f, 0x6e, 0x73, 0x22, 0x2c, 0x20,
  0x22, 0x4f, 0x70, 0x74, 0x69, 0x6f, 0x6e, 0x73, 0x22, 0x2c, 0x20, 0x32,
  0x32, 0x30, 0x2c, 0x20, 0x35, 0x30, 0x2c, 0x20, 0x22, 0x72, 0x22, 0x5d,
  0x2c, 0x20, 0x5b, 0x22, 0x70, 0x73, 0x22, 0x2c, 0x20, 0x22, 0x50, 0x53,
  0x22, 0x2c, 0x20, 0x31, 0x36, 0x30, 0x2c, 0x20, 0x31, 0x32, 0x30, 0x2c,
  0x20, 0x22, 0x67, 0x22, 0x5d, 0x5d, 0x3b, 0x0a, 0x76, 0x61, 0x72, 0x20,
  0x41, 0x4d, 0x49, 0x44, 0x20, 0x3d, 0x20, 0x5b, 0x5b, 0x22, 0x63, 0x72,
  0x65, 0x61, 0x74, 0x65, 0x22, 0x2c, 0x20, 0x22, 0x42, 0x61, 0x63, 0x6b,
  0x22, 0x2c, 0x20, 0x31, 0x33, 0x38, 0x2c, 0x20, 0x39, 0x32, 0x2c, 0x20,
  0x22, 0x72, 0x22, 0x5d, 0x2c, 0x20, 0x5b, 0x22, 0x6f, 0x70, 0x74, 0x69,
  0x6f, 0x6e, 0x73, 0x22, 0x2c, 0x20, 0x22, 0x53, 0x74, 0x61, 0x72, 0x74,
  0x22, 0x2c, 0x20, 0x31, 0x38, 0x32, 0x2c, 0x20, 0x39, 0x32, 0x2c, 0x20,
  0x22, 0x72, 0x22, 0x5d, 0x2c, 0x20, 0x5b, 0x22, 0x70, 0x73, 0x22, 0x2c,
  0x20, 0x22, 0x48, 0x6f, 0x6d, 0x65, 0x22, 0x2c, 0x20, 0x31, 0x36, 0x30,
  0x2c, 0x20, 0x36, 0x32, 0x2c, 0x20, 0x22, 0x67, 0x22, 0x5d, 0x5d, 0x3b,
  0x0a, 0x76, 0x61, 0x72, 0x20, 0x4f, 0x46, 0x46, 0x20, 0x3d, 0x20, 0x7b,
  0x20, 0x6c, 0x73, 0x3a, 0x20, 0x5b, 0x39, 0x32, 0x2c, 0x20, 0x39, 0x32,
  0x5d, 0x2c, 0x20, 0x72, 0x73, 0x3a, 0x20, 0x5b, 0x32, 0x30, 0x30, 0x2c,
  0x20, 0x31, 0x34, 0x30, 0x5d, 0x2c, 0x20, 0x64, 0x70, 0x3a, 0x20, 0x5b,
  0x31, 0x32, 0x32, 0x2c, 0x20, 0x31, 0x34, 0x30, 0x5d, 0x2c, 0x20, 0x66,
  0x63, 0x3a, 0x20, 0x5b, 0x32, 0x33, 0x32, 0x2c, 0x20, 0x39, 0x32, 0x5d,
  0x20, 0x7d, 0x2c, 0x20, 0x53, 0x59, 0x4d, 0x20, 0x3d, 0x20, 0x7b, 0x20,
  0x6c, 0x73, 0x3a, 0x20, 0x5b, 0x31, 0x32, 0x30, 0x2c, 0x20, 0x31, 0x34,
  0x32, 0x5d, 0x2c, 0x20, 0x72, 0x73, 0x3a, 0x20, 0x5b, 0x32, 0x30, 0x30,
  0x2c, 0x20, 0x31, 0x34, 0x32, 0x5d, 0x2c, 0x20, 0x64, 0x70, 0x3a, 0x20,
  0x5b, 0x38, 0x34, 0x2c, 0x20, 0x39, 0x32, 0x5d, 0x2c, 0x20, 0x66, 0x63,
  0x3a, 0x20, 0x5b, 0x32, 0x33, 0x36, 0x2c, 0x20, 0x39, 0x32, 0x5d, 0x20,
  0x7d, 0x3b, 0x0a, 0x66, 0x75, 0x6e, 0x63, 0x74, 0x69, 0x6f, 0x6e, 0x20,
  0x6d, 0x6b, 0x28, 0x62, 0x61, 0x73, 0x65, 0x2c, 0x20, 0x6f, 0x29, 0x20,
  0x7b, 0x20, 0x76, 0x61, 0x72, 0x20, 0x72, 0x20, 0x3d, 0x20, 0x7b, 0x7d,
  0x2c, 0x20, 0x6b, 0x3b, 0x20, 0x66, 0x6f, 0x72, 0x20, 0x28, 0x6b, 0x20,
  0x69, 0x6e, 0x20, 0x62, 0x61, 0x73, 0x65, 0x29, 0x20, 0x72, 0x5b, 0x6b,
  0x5d, 0x20, 0x3d, 0x20, 0x62, 0x61, 0x73, 0x65, 0x5b, 0x6b, 0x5d, 0x3b,
  0x20, 0x66, 0x6f, 0x72, 0x20, 0x28, 0x6b, 0x20, 0x69, 0x6e, 0x20, 0x6f,
  0x29, 0x20, 0x72, 0x5b, 0x6b, 0x5d, 0x20, 0x3d, 0x20, 0x6f, 0x5b, 0x6b,
  0x5d, 0x3b, 0x20, 0x72, 0x65, 0x74, 0x75, 0x72, 0x6e, 0x20, 0x72, 0x3b,
  0x20, 0x7d, 0x0a, 0x76, 0x61, 0x72, 0x20, 0x58, 0x42, 0x20, 0x3d, 0x20,
  0x6d, 0x6b, 0x28, 0x4f, 0x46, 0x46, 0x2c, 0x20, 0x7b, 0x20, 0x62, 0x6f,
  0x64, 0x79, 0x3a, 0x20, 0x22, 0x78, 0x62, 0x6f, 0x78, 0x22, 0x2c, 0x20,
  0x61, 0x63, 0x63, 0x3a, 0x20, 0x22, 0x23, 0x33, 0x64, 0x64, 0x63, 0x35,
  0x61, 0x22, 0x2c, 0x20, 0x73, 0x68, 0x3a, 0x20, 0x5b, 0x22, 0x4c, 0x42,
  0x22, 0x2c, 0x20, 0x22, 0x4c, 0x54, 0x22, 0x2c, 0x20, 0x22, 0x52, 0x42,
  0x22, 0x2c, 0x20, 0x22, 0x52, 0x54, 0x22, 0x5d, 0x2c, 0x20, 0x66, 0x61,
  0x63, 0x65, 0x3a, 0x20, 0x58, 0x46, 0x2c, 0x20, 0x6d, 0x69, 0x64, 0x3a,
  0x20, 0x58, 0x4d, 0x49, 0x44, 0x20, 0x7d, 0x29, 0x3b, 0x0a, 0x76, 0x61,
  0x72, 0x20, 0x50, 0x53, 0x20, 0x3d, 0x20, 0x6d, 0x6b, 0x28, 0x53, 0x59,
  0x4d, 0x2c, 0x20, 0x7b, 0x20, 0x62, 0x6f, 0x64, 0x79, 0x3a, 0x20, 0x22,
  0x70, 0x73, 0x22, 0x2c, 0x20, 0x61, 0x63, 0x63, 0x3a, 0x20, 0x22, 0x23,
  0x34, 0x64, 0x38, 0x62, 0x66, 0x66, 0x22, 0x2c, 0x20, 0x73, 0x68, 0x3a,
  0x20, 0x5b, 0x22, 0x4c, 0x31, 0x22, 0x2c, 0x20, 0x22, 0x4c, 0x32, 0x22,
  0x2c, 0x20, 0x22, 0x52, 0x31, 0x22, 0x2c, 0x20, 0x22, 0x52, 0x32, 0x22,
  0x5d, 0x2c, 0x20, 0x66, 0x61, 0x63, 0x65, 0x3a, 0x20, 0x50, 0x46, 0x2c,
  0x20, 0x6d, 0x69, 0x64, 0x3a, 0x20, 0x50, 0x4d, 0x49, 0x44, 0x20, 0x7d,
  0x29, 0x3b, 0x0a, 0x76, 0x61, 0x72, 0x20, 0x4e, 0x4e, 0x20, 0x3d, 0x20,
  0x6d, 0x6b, 0x28, 0x4f, 0x46, 0x46, 0x2c, 0x20, 0x7b, 0x20, 0x62, 0x6f,
  0x64, 0x79, 0x3a, 0x20, 0x22, 0x6e, 0x69, 0x6e, 0x22, 0x2c, 0x20, 0x61,
  0x63, 0x63, 0x3a, 0x20, 0x22, 0x23, 0x66, 0x66, 0x33, 0x64, 0x35, 0x61,
  0x22, 0x2c, 0x20, 0x73, 0x68, 0x3a, 0x20, 0x5b, 0x22, 0x4c, 0x22, 0x2c,
  0x20, 0x22, 0x5a, 0x4c, 0x22, 0x2c, 0x20, 0x22, 0x52, 0x22, 0x2c, 0x20,
  0x22, 0x5a, 0x52, 0x22, 0x5d, 0x2c, 0x20, 0x66, 0x61, 0x63, 0x65, 0x3a,
  0x20, 0x4e, 0x46, 0x2c, 0x20, 0x6d, 0x69, 0x64, 0x3a, 0x20, 0x4e, 0x4d,
  0x49, 0x44, 0x20, 0x7d, 0x29, 0x3b, 0x0a, 0x76, 0x61, 0x72, 0x20, 0x41,
  0x4e, 0x20, 0x3d, 0x20, 0x6d, 0x6b, 0x28, 0x4f, 0x46, 0x46, 0x2c, 0x20,
  0x7b, 0x20, 0x62, 0x6f, 0x64, 0x79, 0x3a, 0x20, 0x22, 0x67, 0x65, 0x6e,
  0x22, 0x2c, 0x20, 0x61, 0x63, 0x63, 0x3a, 0x20, 0x22, 0x23, 0x63, 0x38,
  0x66, 0x66, 0x33, 0x64, 0x22, 0x2c, 0x20, 0x73, 0x68, 0x3a, 0x20, 0x5b,
  0x22, 0x4c, 0x31, 0x22, 0x2c, 0x20, 0x22, 0x4c, 0x32, 0x22, 0x2c, 0x20,
  0x22, 0x52, 0x31, 0x22, 0x2c, 0x20, 0x22, 0x52, 0x32, 0x22, 0x5d, 0x2c,
  0x20, 0x66, 0x61, 0x63, 0x65, 0x3a, 0x20, 0x47, 0x46, 0x2c, 0x20, 0x6d,
  0x69, 0x64, 0x3a, 0x20, 0x41, 0x4d, 0x49, 0x44, 0x20, 0x7d, 0x29, 0x3b,
  0x0a, 0x76, 0x61, 0x72, 0x20, 0x44, 0x52, 0x41, 0x57, 0x20, 0x3d, 0x20,
  0x7b, 0x0a, 0x20, 0x20, 0x78, 0x62, 0x6f, 0x78, 0x6f, 0x6e, 0x65, 0x3a,
  0x20, 0x6d, 0x6b, 0x28, 0x58, 0x42, 0x2c, 0x20, 0x7b, 0x20, 0x6e, 0x61,
  0x6d, 0x65, 0x3a, 0x20, 0x22, 0x58, 0x62, 0x6f, 0x78, 0x20, 0x4f, 0x6e,
  0x65, 0x22, 0x20, 0x7d, 0x29, 0x2c, 0x0a, 0x20, 0x20, 0x78, 0x62, 0x6f,
  0x78, 0x73, 0x65, 0x72, 0x69, 0x65, 0x73, 0x3a, 0x20, 0x6d, 0x6b, 0x28,
  0x58, 0x42, 0x2c, 0x20, 0x7b, 0x20, 0x6e, 0x61, 0x6d, 0x65, 0x3a, 0x20,
  0x22, 0x58, 0x62, 0x6f, 0x78, 0x20, 0x53, 0x65, 0x72, 0x69, 0x65, 0x73,
  0x20, 0x58, 0x7c, 0x53, 0x22, 0x2c, 0x20, 0x6d, 0x69, 0x64, 0x3a, 0x20,
  0x58, 0x4d, 0x49, 0x44, 0x2e, 0x63, 0x6f, 0x6e, 0x63, 0x61, 0x74, 0x28,
  0x5b, 0x5b, 0x22, 0x74, 0x6f, 0x75, 0x63, 0x68, 0x70, 0x61, 0x64, 0x22,
  0x2c, 0x20, 0x22, 0x53, 0x68, 0x61, 0x72, 0x65, 0x22, 0x2c, 0x20, 0x31,
  0x36, 0x30, 0x2c, 0x20, 0x31, 0x32, 0x36, 0x2c, 0x20, 0x22, 0x73, 0x22,
  0x5d, 0x5d, 0x29, 0x20, 0x7d, 0x29, 0x2c, 0x0a, 0x20, 0x20, 0x78, 0x62,
  0x6f, 0x78, 0x65, 0x6c, 0x69, 0x74, 0x65, 0x3a, 0x20, 0x6d, 0x6b, 0x28,
  0x58, 0x42, 0x2c, 0x20, 0x7b, 0x20, 0x6e, 0x61, 0x6d, 0x65, 0x3a, 0x20,
  0x22, 0x58, 0x62, 0x6f, 0x78, 0x20, 0x45, 0x6c, 0x69, 0x74, 0x65, 0x20,
  0x53, 0x65, 0x72, 0x69, 0x65, 0x73, 0x20, 0x32, 0x22, 0x2c, 0x20, 0x61,
  0x63, 0x63, 0x3a, 0x20, 0x22, 0x23, 0x62, 0x38, 0x63, 0x32, 0x63, 0x63,
  0x22, 0x2c, 0x20, 0x64, 0x65, 0x63, 0x6f, 0x3a, 0x20, 0x22, 0x70, 0x61,
  0x64, 0x64, 0x6c, 0x65, 0x73, 0x34, 0x22, 0x20, 0x7d, 0x29, 0x2c, 0x0a,
  0x20, 0x20, 0x78, 0x62, 0x6f, 0x78, 0x61, 0x64, 0x61, 0x70, 0x74, 0x3a,
  0x20, 0x6d, 0x6b, 0x28, 0x58, 0x42, 0x2c, 0x20, 0x7b, 0x20, 0x6e, 0x61,
  0x6d, 0x65, 0x3a, 0x20, 0x22, 0x58, 0x62, 0x6f, 0x78, 0x20, 0x41, 0x64,
  0x61, 0x70, 0x74, 0x69, 0x76, 0x65, 0x22, 0x2c, 0x20, 0x62, 0x6f, 0x64,
  0x79, 0x3a, 0x20, 0x22, 0x61, 0x64, 0x61, 0x70, 0x74, 0x22, 0x2c, 0x20,
  0x6c, 0x73, 0x3a, 0x20, 0x6e, 0x75, 0x6c, 0x6c, 0x2c, 0x20, 0x72, 0x73,
  0x3a, 0x20, 0x6e, 0x75, 0x6c, 0x6c, 0x2c, 0x20, 0x64, 0x70, 0x3a, 0x20,
  0x5b, 0x36, 0x34, 0x2c, 0x20, 0x31, 0x32, 0x30, 0x5d, 0x2c, 0x20, 0x66,
  0x63, 0x3a, 0x20, 0x6e, 0x75, 0x6c, 0x6c, 0x2c, 0x20, 0x61, 0x64, 0x61,
  0x70, 0x74, 0x3a, 0x20, 0x31, 0x2c, 0x0a, 0x20, 0x20, 0x20, 0x20, 0x6d,
  0x69, 0x64, 0x3a, 0x20, 0x5b, 0x5b, 0x22, 0x63, 0x72, 0x65, 0x61, 0x74,
  0x65, 0x22, 0x2c, 0x20, 0x22, 0x56, 0x69, 0x65, 0x77, 0x22, 0x2c, 0x20,
  0x31, 0x32, 0x30, 0x2c, 0x20, 0x36, 0x34, 0x2c, 0x20, 0x22, 0x72, 0x22,
  0x5d, 0x2c, 0x20, 0x5b, 0x22, 0x6f, 0x70, 0x74, 0x69, 0x6f, 0x6e, 0x73,
  0x22, 0x2c, 0x20, 0x22, 0x4d, 0x65, 0x6e, 0x75, 0x22, 0x2c, 0x20, 0x31,
  0x36, 0x38, 0x2c, 0x20, 0x36, 0x34, 0x2c, 0x20, 0x22, 0x72, 0x22, 0x5d,
  0x2c, 0x20, 0x5b, 0x22, 0x70, 0x73, 0x22, 0x2c, 0x20, 0x22, 0x58, 0x62,
  0x6f, 0x78, 0x22, 0x2c, 0x20, 0x32, 0x37, 0x30, 0x2c, 0x20, 0x36, 0x34,
  0x2c, 0x20, 0x22, 0x67, 0x22, 0x5d, 0x5d, 0x20, 0x7d, 0x29, 0x2c, 0x0a,
  0x20, 0x20, 0x64, 0x73, 0x34, 0x3a, 0x20, 0x6d, 0x6b, 0x28, 0x50, 0x53,
  0x2c, 0x20, 0x7b, 0x20, 0x6e, 0x61, 0x6d, 0x65, 0x3a, 0x20, 0x22, 0x44,
  0x75, 0x61, 0x6c, 0x53, 0x68, 0x6f, 0x63, 0x6b, 0x20, 0x34, 0x22, 0x2c,
  0x20, 0x64, 0x65, 0x63, 0x6f, 0x3a, 0x20, 0x22, 0x6c, 0x69, 0x67, 0x68,
  0x74, 0x62, 0x61, 0x72, 0x22, 0x20, 0x7d, 0x29, 0x2c, 0x0a, 0x20, 0x20,
  0x70, 0x73, 0x33, 0x70, 0x3a, 0x20, 0x6d, 0x6b, 0x28, 0x50, 0x53, 0x2c,
  0x20, 0x7b, 0x20, 0x6e, 0x61, 0x6d, 0x65, 0x3a, 0x20, 0x22, 0x50, 0x53,
  0x2d, 0x6c, 0x61, 0x79, 0x6f, 0x75, 0x74, 0x20, 0x70, 0x61, 0x64, 0x22,
  0x2c, 0x20, 0x61, 0x63, 0x63, 0x3a, 0x20, 0x22, 0x23, 0x37, 0x66, 0x61,
  0x38, 0x66, 0x66, 0x22, 0x2c, 0x20, 0x64, 0x65, 0x63, 0x6f, 0x3a, 0x20,
  0x22, 0x70, 0x61, 0x64, 0x64, 0x6c, 0x65, 0x73, 0x34, 0x22, 0x20, 0x7d,
  0x29, 0x2c, 0x0a, 0x20, 0x20, 0x64, 0x73, 0x35, 0x3a, 0x20, 0x6d, 0x6b,
  0x28, 0x50, 0x53, 0x2c, 0x20, 0x7b, 0x20, 0x6e, 0x61, 0x6d, 0x65, 0x3a,
  0x20, 0x22, 0x44, 0x75, 0x61, 0x6c, 0x53, 0x65, 0x6e, 0x73, 0x65, 0x22,
  0x2c, 0x20, 0x62, 0x6f, 0x64, 0x79, 0x3a, 0x20, 0x22, 0x64, 0x73, 0x35,
  0x22, 0x2c, 0x20, 0x6d, 0x69, 0x64, 0x3a, 0x20, 0x5b, 0x5b, 0x22, 0x74,
  0x6f, 0x75, 0x63, 0x68, 0x70, 0x61, 0x64, 0x22, 0x2c, 0x20, 0x22, 0x22,
  0x2c, 0x20, 0x31, 0x36, 0x30, 0x2c, 0x20, 0x37, 0x34, 0x2c, 0x20, 0x22,
  0x74, 0x22, 0x5d, 0x2c, 0x20, 0x5b, 0x22, 0x63, 0x72, 0x65, 0x61, 0x74,
  0x65, 0x22, 0x2c, 0x20, 0x22, 0x43, 0x72, 0x65, 0x61, 0x74, 0x65, 0x22,
  0x2c, 0x20, 0x31, 0x30, 0x30, 0x2c, 0x20, 0x35, 0x30, 0x2c, 0x20, 0x22,
  0x72, 0x22, 0x5d, 0x2c, 0x20, 0x5b, 0x22, 0x6f, 0x70, 0x74, 0x69, 0x6f,
  0x6e, 0x73, 0x22, 0x2c, 0x20, 0x22, 0x4f, 0x70, 0x74, 0x69, 0x6f, 0x6e,
  0x73, 0x22, 0x2c, 0x20, 0x32, 0x32, 0x30, 0x2c, 0x20, 0x35, 0x30, 0x2c,
  0x20, 0x22, 0x72, 0x22, 0x5d, 0x2c, 0x20, 0x5b, 0x22, 0x70, 0x73, 0x22,
  0x2c, 0x20, 0x22, 0x50, 0x53, 0x22, 0x2c, 0x20, 0x31, 0x36, 0x30, 0x2c,
  0x20, 0x31, 0x32, 0x30, 0x2c, 0x20, 0x22, 0x67, 0x22, 0x5d, 0x5d, 0x2c,
  0x20, 0x64, 0x65, 0x63, 0x6f, 0x3a, 0x20, 0x22, 0x6d, 0x69, 0x63, 0x22,
  0x20, 0x7d, 0x29, 0x2c, 0x0a, 0x20, 0x20, 0x64, 0x73, 0x35, 0x65, 0x64,
  0x67, 0x65, 0x3a, 0x20, 0x6d, 0x6b, 0x28, 0x50, 0x53, 0x2c, 0x20, 0x7b,
  0x20, 0x6e, 0x61, 0x6d, 0x65, 0x3a, 0x20, 0x22, 0x44, 0x75, 0x61, 0x6c,
  0x53, 0x65, 0x6e, 0x73, 0x65, 0x20, 0x45, 0x64, 0x67, 0x65, 0x22, 0x2c,
  0x20, 0x62, 0x6f, 0x64, 0x79, 0x3a, 0x20, 0x22, 0x64, 0x73, 0x35, 0x22,
  0x2c, 0x20, 0x61, 0x63, 0x63, 0x3a, 0x20, 0x22, 0x23, 0x65, 0x38, 0x65,
  0x65, 0x66, 0x38, 0x22, 0x2c, 0x20, 0x6d, 0x69, 0x64, 0x3a, 0x20, 0x5b,
  0x5b, 0x22, 0x74, 0x6f, 0x75, 0x63, 0x68, 0x70, 0x61, 0x64, 0x22, 0x2c,
  0x20, 0x22, 0x22, 0x2c, 0x20, 0x31, 0x36, 0x30, 0x2c, 0x20, 0x37, 0x34,
  0x2c, 0x20, 0x22, 0x74, 0x22, 0x5d, 0x2c, 0x20, 0x5b, 0x22, 0x63, 0x72,
  0x65, 0x61, 0x74, 0x65, 0x22, 0x2c, 0x20, 0x22, 0x43, 0x72, 0x65, 0x61,
  0x74, 0x65, 0x22, 0x2c, 0x20, 0x31, 0x30, 0x30, 0x2c, 0x20, 0x35, 0x30,
  0x2c, 0x20, 0x22, 0x72, 0x22, 0x5d, 0x2c, 0x20, 0x5b, 0x22, 0x6f, 0x70,
  0x74, 0x69, 0x6f, 0x6e, 0x73, 0x22, 0x2c, 0x20, 0x22, 0x4f, 0x70, 0x74,
  0x69, 0x6f, 0x6e, 0x73, 0x22, 0x2c, 0x20, 0x32, 0x32, 0x30, 0x2c, 0x20,
  0x35, 0x30, 0x2c, 0x20, 0x22, 0x72, 0x22, 0x5d, 0x2c, 0x20, 0x5b, 0x22,
  0x70, 0x73, 0x22, 0x2c, 0x20, 0x22, 0x50, 0x53, 0x22, 0x2c, 0x20, 0x31,
  0x36, 0x30, 0x2c, 0x20, 0x31, 0x32, 0x30, 0x2c, 0x20, 0x22, 0x67, 0x22,
  0x5d, 0x5d, 0x2c, 0x20, 0x64, 0x65, 0x63, 0x6f, 0x3a, 0x20, 0x22, 0x66,
  0x6e, 0x22, 0x20, 0x7d, 0x29, 0x2c, 0x0a, 0x20, 0x20, 0x73, 0x77, 0x69,
  0x74, 0x63, 0x68, 0x70, 0x72, 0x6f, 0x3a, 0x20, 0x6d, 0x6b, 0x28, 0x4e,
  0x4e, 0x2c, 0x20, 0x7b, 0x20, 0x6e, 0x61, 0x6d, 0x65, 0x3a, 0x20, 0x22,
  0x53, 0x77, 0x69, 0x74, 0x63, 0x68, 0x20, 0x50, 0x72, 0x6f, 0x22, 0x20,
  0x7d, 0x29, 0x2c, 0x0a, 0x20, 0x20, 0x73, 0x6e, 0x65, 0x73, 0x3a, 0x20,
  0x6d, 0x6b, 0x28, 0x4e, 0x4e, 0x2c, 0x20, 0x7b, 0x20, 0x6e, 0x61, 0x6d,
  0x65, 0x3a, 0x20, 0x22, 0x53, 0x4e, 0x45, 0x53, 0x22, 0x2c, 0x20, 0x62,
  0x6f, 0x64, 0x79, 0x3a, 0x20, 0x22, 0x72, 0x65, 0x74, 0x72, 0x6f, 0x22,
  0x2c, 0x20, 0x61, 0x63, 0x63, 0x3a, 0x20, 0x22, 0x23, 0x38, 0x66, 0x37,
  0x61, 0x64, 0x38, 0x22, 0x2c, 0x20, 0x73, 0x68, 0x3a, 0x20, 0x5b, 0x22,
  0x4c, 0x22, 0x2c, 0x20, 0x22, 0x22, 0x2c, 0x20, 0x22, 0x52, 0x22, 0x2c,
  0x20, 0x22, 0x22, 0x5d, 0x2c, 0x20, 0x6c, 0x73, 0x3a, 0x20, 0x6e, 0x75,
  0x6c, 0x6c, 0x2c, 0x20, 0x72, 0x73, 0x3a, 0x20, 0x6e, 0x75, 0x6c, 0x6c,
  0x2c, 0x20, 0x64, 0x70, 0x3a, 0x20, 0x5b, 0x38, 0x30, 0x2c, 0x20, 0x31,
  0x31, 0x30, 0x5d, 0x2c, 0x20, 0x66, 0x63, 0x3a, 0x20, 0x5b, 0x32, 0x34,
  0x30, 0x2c, 0x20, 0x31, 0x31, 0x30, 0x5d, 0x2c, 0x20, 0x66, 0x61, 0x63,
  0x65, 0x3a, 0x20, 0x53, 0x46, 0x2c, 0x0a, 0x20, 0x20, 0x20, 0x20, 0x6d,
  0x69, 0x64, 0x3a, 0x20, 0x5b, 0x5b, 0x22, 0x63, 0x72, 0x65, 0x61, 0x74,
  0x65, 0x22, 0x2c, 0x20, 0x22, 0x53, 0x45, 0x4c, 0x45, 0x43, 0x54, 0x22,
  0x2c, 0x20, 0x31, 0x34, 0x30, 0x2c, 0x20, 0x31, 0x31, 0x38, 0x2c, 0x20,
  0x22, 0x72, 0x22, 0x5d, 0x2c, 0x20, 0x5b, 0x22, 0x6f, 0x70, 0x74, 0x69,
  0x6f, 0x6e, 0x73, 0x22, 0x2c, 0x20, 0x22, 0x53, 0x54, 0x41, 0x52, 0x54,
  0x22, 0x2c, 0x20, 0x31, 0x38, 0x30, 0x2c, 0x20, 0x31, 0x31, 0x38, 0x2c,
  0x20, 0x22, 0x72, 0x22, 0x5d, 0x2c, 0x20, 0x5b, 0x22, 0x70, 0x73, 0x22,
  0x2c, 0x20, 0x22, 0xe2, 0x8c, 0x82, 0x22, 0x2c, 0x20, 0x31, 0x36, 0x30,
  0x2c, 0x20, 0x37, 0x32, 0x2c, 0x20, 0x22, 0x73, 0x22, 0x5d, 0x5d, 0x2c,
  0x20, 0x6e, 0x6f, 0x74, 0x72, 0x69, 0x67, 0x3a, 0x20, 0x31, 0x20, 0x7d,
  0x29, 0x2c, 0x0a, 0x20, 0x20, 0x6e, 0x36, 0x34, 0x3a, 0x20, 0x6d, 0x6b,
  0x28, 0x4e, 0x4e, 0x2c, 0x20, 0x7b, 0x20, 0x6e, 0x61, 0x6d, 0x65, 0x3a,
  0x20, 0x22, 0x4e, 0x36, 0x34, 0x22, 0x2c, 0x20, 0x62, 0x6f, 0x64, 0x79,
  0x3a, 0x20, 0x22, 0x6e, 0x36, 0x34, 0x22, 0x2c, 0x20, 0x61, 0x63, 0x63,
  0x3a, 0x20, 0x22, 0x23, 0x33, 0x66, 0x38, 0x63, 0x66, 0x66, 0x22, 0x2c,
  0x20, 0x73, 0x68, 0x3a, 0x20, 0x5b, 0x22, 0x4c, 0x22, 0x2c, 0x20, 0x22,
  0x5a, 0x22, 0x2c, 0x20, 0x22, 0x52, 0x22, 0x2c, 0x20, 0x22, 0x5a, 0x52,
  0x22, 0x5d, 0x2c, 0x20, 0x6c, 0x73, 0x3a, 0x20, 0x5b, 0x31, 0x36, 0x30,
  0x2c, 0x20, 0x31, 0x35, 0x30, 0x5d, 0x2c, 0x20, 0x72, 0x73, 0x3a, 0x20,
  0x6e, 0x75, 0x6c, 0x6c, 0x2c, 0x20, 0x64, 0x70, 0x3a, 0x20, 0x5b, 0x36,
  0x34, 0x2c, 0x20, 0x38, 0x34, 0x5d, 0x2c, 0x20, 0x66, 0x63, 0x3a, 0x20,
  0x6e, 0x75, 0x6c, 0x6c, 0x2c, 0x20, 0x6e, 0x36, 0x34, 0x3a, 0x20, 0x31,
  0x2c, 0x0a, 0x20, 0x20, 0x20, 0x20, 0x6d, 0x69, 0x64, 0x3a, 0x20, 0x5b,
  0x5b, 0x22, 0x6f, 0x70, 0x74, 0x69, 0x6f, 0x6e, 0x73, 0x22, 0x2c, 0x20,
  0x22, 0x53, 0x54, 0x41, 0x52, 0x54, 0x22, 0x2c, 0x20, 0x31, 0x36, 0x30,
  0x2c, 0x20, 0x38, 0x34, 0x2c, 0x20, 0x22, 0x73, 0x22, 0x5d, 0x2c, 0x20,
  0x5b, 0x22, 0x70, 0x73, 0x22, 0x2c, 0x20, 0x22, 0xe2, 0x8c, 0x82, 0x22,
  0x2c, 0x20, 0x31, 0x34, 0x30, 0x2c, 0x20, 0x36, 0x32, 0x2c, 0x20, 0x22,
  0x73, 0x22, 0x5d, 0x2c, 0x20, 0x5b, 0x22, 0x74, 0x6f, 0x75, 0x63, 0x68,
  0x70, 0x61, 0x64, 0x22, 0x2c, 0x20, 0x22, 0xe2, 0x97, 0x89, 0x22, 0x2c,
  0x20, 0x31, 0x38, 0x30, 0x2c, 0x20, 0x36, 0x32, 0x2c, 0x20, 0x22, 0x73,
  0x22, 0x5d, 0x5d, 0x20, 0x7d, 0x29, 0x2c, 0x0a, 0x20, 0x20, 0x6d, 0x64,
  0x3a, 0x20, 0x6d, 0x6b, 0x28, 0x4e, 0x4e, 0x2c, 0x20, 0x7b, 0x20, 0x6e,
  0x61, 0x6d, 0x65, 0x3a, 0x20, 0x22, 0x4d, 0x65, 0x67, 0x61, 0x20, 0x44,
  0x72, 0x69, 0x76, 0x65, 0x22, 0x2c, 0x20, 0x62, 0x6f, 0x64, 0x79, 0x3a,
  0x20, 0x22, 0x6d, 0x64, 0x22, 0x2c, 0x20, 0x61, 0x63, 0x63, 0x3a, 0x20,
  0x22, 0x23, 0x65, 0x38, 0x34, 0x31, 0x33, 0x63, 0x22, 0x2c, 0x20, 0x73,
  0x68, 0x3a, 0x20, 0x5b, 0x22, 0x4c, 0x22, 0x2c, 0x20, 0x22, 0x5a, 0x4c,
  0x22, 0x2c, 0x20, 0x22, 0x52, 0x22, 0x2c, 0x20, 0x22, 0x5a, 0x52, 0x22,
  0x5d, 0x2c, 0x20, 0x6c, 0x73, 0x3a, 0x20, 0x6e, 0x75, 0x6c, 0x6c, 0x2c,
  0x20, 0x72, 0x73, 0x3a, 0x20, 0x6e, 0x75, 0x6c, 0x6c, 0x2c, 0x20, 0x64,
  0x70, 0x3a, 0x20, 0x5b, 0x38, 0x30, 0x2c, 0x20, 0x31, 0x31, 0x30, 0x5d,
  0x2c, 0x20, 0x66, 0x63, 0x3a, 0x20, 0x6e, 0x75, 0x6c, 0x6c, 0x2c, 0x20,
  0x6d, 0x64, 0x3a, 0x20, 0x31, 0x2c, 0x20, 0x6e, 0x6f, 0x74, 0x72, 0x69,
  0x67, 0x3a, 0x20, 0x31, 0x2c, 0x0a, 0x20, 0x20, 0x20, 0x20, 0x6d, 0x69,
  0x64, 0x3a, 0x20, 0x5b, 0x5b, 0x22, 0x6f, 0x70, 0x74, 0x69, 0x6f, 0x6e,
  0x73, 0x22, 0x2c, 0x20, 0x22, 0x53, 0x54, 0x41, 0x52, 0x54, 0x22, 0x2c,
  0x20, 0x31, 0x36, 0x30, 0x2c, 0x20, 0x38, 0x32, 0x2c, 0x20, 0x22, 0x72,
  0x22, 0x5d, 0x2c, 0x20, 0x5b, 0x22, 0x63, 0x72, 0x65, 0x61, 0x74, 0x65,
  0x22, 0x2c, 0x20, 0x22, 0xe2, 0x88, 0x92, 0x22, 0x2c, 0x20, 0x31, 0x34,
  0x30, 0x2c, 0x20, 0x31, 0x31, 0x32, 0x2c, 0x20, 0x22, 0x73, 0x22, 0x5d,
  0x2c, 0x20, 0x5b, 0x22, 0x70, 0x73, 0x22, 0x2c, 0x20, 0x22, 0xe2, 0x8c,
  0x82, 0x22, 0x2c, 0x20, 0x31, 0x38, 0x30, 0x2c, 0x20, 0x31, 0x31, 0x32,
  0x2c, 0x20, 0x22, 0x73, 0x22, 0x5d, 0x5d, 0x20, 0x7d, 0x29, 0x2c, 0x0a,
  0x20, 0x20, 0x73, 0x6e, 0x33, 0x30, 0x3a, 0x20, 0x6d, 0x6b, 0x28, 0x4e,
  0x4e, 0x2c, 0x20, 0x7b, 0x20, 0x6e, 0x61, 0x6d, 0x65, 0x3a, 0x20, 0x22,
  0x38, 0x42, 0x69, 0x74, 0x44, 0x6f, 0x20, 0x53, 0x4e, 0x33, 0x30, 0x2f,
  0x53, 0x46, 0x33, 0x30, 0x20, 0x50, 0x72, 0x6f, 0x22, 0x2c, 0x20, 0x62,
  0x6f, 0x64, 0x79, 0x3a, 0x20, 0x22, 0x72, 0x65, 0x74, 0x72, 0x6f, 0x22,
  0x2c, 0x20, 0x61, 0x63, 0x63, 0x3a, 0x20, 0x22, 0x23, 0x38, 0x66, 0x37,
  0x61, 0x64, 0x38, 0x22, 0x2c, 0x20, 0x6c, 0x73, 0x3a, 0x20, 0x5b, 0x31,
  0x32, 0x38, 0x2c, 0x20, 0x31, 0x35, 0x30, 0x5d, 0x2c, 0x20, 0x72, 0x73,
  0x3a, 0x20, 0x5b, 0x31, 0x39, 0x32, 0x2c, 0x20, 0x31, 0x35, 0x30, 0x5d,
  0x2c, 0x20, 0x64, 0x70, 0x3a, 0x20, 0x5b, 0x37, 0x30, 0x2c, 0x20, 0x31,
  0x30, 0x30, 0x5d, 0x2c, 0x20, 0x66, 0x63, 0x3a, 0x20, 0x5b, 0x32, 0x35,
  0x30, 0x2c, 0x20, 0x31, 0x30, 0x30, 0x5d, 0x2c, 0x20, 0x66, 0x61, 0x63,
  0x65, 0x3a, 0x20, 0x53, 0x46, 0x2c, 0x0a, 0x20, 0x20, 0x20, 0x20, 0x6d,
  0x69, 0x64, 0x3a, 0x20, 0x5b, 0x5b, 0x22, 0x63, 0x72, 0x65, 0x61, 0x74,
  0x65, 0x22, 0x2c, 0x20, 0x22, 0x53, 0x45, 0x4c, 0x45, 0x43, 0x54, 0x22,
  0x2c, 0x20, 0x31, 0x33, 0x36, 0x2c, 0x20, 0x39, 0x30, 0x2c, 0x20, 0x22,
  0x72, 0x22, 0x5d, 0x2c, 0x20, 0x5b, 0x22, 0x6f, 0x70, 0x74, 0x69, 0x6f,
  0x6e, 0x73, 0x22, 0x2c, 0x20, 0x22, 0x53, 0x54, 0x41, 0x52, 0x54, 0x22,
  0x2c, 0x20, 0x31, 0x38, 0x34, 0x2c, 0x20, 0x39, 0x30, 0x2c, 0x20, 0x22,
  0x72, 0x22, 0x5d, 0x2c, 0x20, 0x5b, 0x22, 0x70, 0x73, 0x22, 0x2c, 0x20,
  0x22, 0xe2, 0x8c, 0x82, 0x22, 0x2c, 0x20, 0x31, 0x36, 0x30, 0x2c, 0x20,
  0x31, 0x32, 0x30, 0x2c, 0x20, 0x22, 0x73, 0x22, 0x5d, 0x2c, 0x20, 0x5b,
  0x22, 0x74, 0x6f, 0x75, 0x63, 0x68, 0x70, 0x61, 0x64, 0x22, 0x2c, 0x20,
  0x22, 0xe2, 0x98, 0x85, 0x22, 0x2c, 0x20, 0x31, 0x36, 0x30, 0x2c, 0x20,
  0x36, 0x32, 0x2c, 0x20, 0x22, 0x73, 0x22, 0x5d, 0x5d, 0x20, 0x7d, 0x29,
  0x2c, 0x0a, 0x20, 0x20, 0x70, 0x72, 0x6f, 0x32, 0x3a, 0x20, 0x6d, 0x6b,
  0x28, 0x4e, 0x4e, 0x2c, 0x20, 0x7b, 0x20, 0x6e, 0x61, 0x6d, 0x65, 0x3a,
  0x20, 0x22, 0x38, 0x42, 0x69, 0x74, 0x44, 0x6f, 0x20, 0x50, 0x72, 0x6f,
  0x20, 0x32, 0x2f, 0x33, 0x22, 0x2c, 0x20, 0x62, 0x6f, 0x64, 0x79, 0x3a,
  0x20, 0x22, 0x72, 0x65, 0x74, 0x72, 0x6f, 0x22, 0x2c, 0x20, 0x61, 0x63,
  0x63, 0x3a, 0x20, 0x22, 0x23, 0x66, 0x66, 0x36, 0x61, 0x32, 0x62, 0x22,
  0x2c, 0x20, 0x6c, 0x73, 0x3a, 0x20, 0x5b, 0x31, 0x32, 0x38, 0x2c, 0x20,
  0x31, 0x35, 0x30, 0x5d, 0x2c, 0x20, 0x72, 0x73, 0x3a, 0x20, 0x5b, 0x31,
  0x39, 0x32, 0x2c, 0x20, 0x31, 0x35, 0x30, 0x5d, 0x2c, 0x20, 0x64, 0x70,
  0x3a, 0x20, 0x5b, 0x37, 0x30, 0x2c, 0x20, 0x31, 0x30, 0x30, 0x5d, 0x2c,
  0x20, 0x66, 0x63, 0x3a, 0x20, 0x5b, 0x32, 0x35, 0x30, 0x2c, 0x20, 0x31,
  0x30, 0x30, 0x5d, 0x2c, 0x20, 0x64, 0x65, 0x63, 0x6f, 0x3a, 0x20, 0x22,
  0x70, 0x61, 0x64, 0x64, 0x6c, 0x65, 0x73, 0x32, 0x22, 0x2c, 0x0a, 0x20,
  0x20, 0x20, 0x20, 0x6d, 0x69, 0x64, 0x3a, 0x20, 0x5b, 0x5b, 0x22, 0x63,
  0x72, 0x65, 0x61, 0x74, 0x65, 0x22, 0x2c, 0x20, 0x22, 0xe2, 0x88, 0x92,
  0x22, 0x2c, 0x20, 0x31, 0x34, 0x30, 0x2c, 0x20, 0x39, 0x30, 0x2c, 0x20,
  0x22, 0x73, 0x22, 0x5d, 0x2c, 0x20, 0x5b, 0x22, 0x6f, 0x70, 0x74, 0x69,
  0x6f, 0x6e, 0x73, 0x22, 0x2c, 0x20, 0x22, 0x2b, 0x22, 0x2c, 0x20, 0x31,
  0x38, 0x30, 0x2c, 0x20, 0x39, 0x30, 0x2c, 0x20, 0x22, 0x73, 0x22, 0x5d,
  0x2c, 0x20, 0x5b, 0x22, 0x70, 0x73, 0x22, 0x2c, 0x20, 0x22, 0xe2, 0x8c,
  0x82, 0x22, 0x2c, 0x20, 0x31, 0x36, 0x30, 0x2c, 0x20, 0x31, 0x31, 0x36,
  0x2c, 0x20, 0x22, 0x73, 0x22, 0x5d, 0x2c, 0x20, 0x5b, 0x22, 0x74, 0x6f,
  0x75, 0x63, 0x68, 0x70, 0x61, 0x64, 0x22, 0x2c, 0x20, 0x22, 0xe2, 0x98,
  0x85, 0x22, 0x2c, 0x20, 0x31, 0x36, 0x30, 0x2c, 0x20, 0x36, 0x34, 0x2c,
  0x20, 0x22, 0x73, 0x22, 0x5d, 0x5d, 0x20, 0x7d, 0x29, 0x2c, 0x0a, 0x20,
  0x20, 0x75, 0x6c, 0x74, 0x69, 0x6d, 0x61, 0x74, 0x65, 0x3a, 0x20, 0x6d,
  0x6b, 0x28, 0x4e, 0x4e, 0x2c, 0x20, 0x7b, 0x20, 0x6e, 0x61, 0x6d, 0x65,
  0x3a, 0x20, 0x22, 0x38, 0x42, 0x69, 0x74, 0x44, 0x6f, 0x20, 0x55, 0x6c,
  0x74, 0x69, 0x6d, 0x61, 0x74, 0x65, 0x22, 0x2c, 0x20, 0x61, 0x63, 0x63,
  0x3a, 0x20, 0x22, 0x23, 0x66, 0x66, 0x36, 0x61, 0x32, 0x62, 0x22, 0x2c,
  0x20, 0x64, 0x65, 0x63, 0x6f, 0x3a, 0x20, 0x22, 0x70, 0x61, 0x64, 0x64,
  0x6c, 0x65, 0x73, 0x32, 0x22, 0x20, 0x7d, 0x29, 0x2c, 0x0a, 0x20, 0x20,
  0x67, 0x61, 0x6d, 0x65, 0x73, 0x69, 0x72, 0x3a, 0x20, 0x6d, 0x6b, 0x28,
  0x58, 0x42, 0x2c, 0x20, 0x7b, 0x20, 0x6e, 0x61, 0x6d, 0x65, 0x3a, 0x20,
  0x22, 0x47, 0x61, 0x6d, 0x65, 0x53, 0x69, 0x72, 0x22, 0x2c, 0x20, 0x61,
  0x63, 0x63, 0x3a, 0x20, 0x22, 0x23, 0x66, 0x66, 0x33, 0x64, 0x37, 0x66,
  0x22, 0x2c, 0x20, 0x6d, 0x69, 0x64, 0x3a, 0x20, 0x5b, 0x5b, 0x22, 0x63,
  0x72, 0x65, 0x61, 0x74, 0x65, 0x22, 0x2c, 0x20, 0x22, 0x56, 0x69, 0x65,
  0x77, 0x22, 0x2c, 0x20, 0x31, 0x33, 0x38, 0x2c, 0x20, 0x39, 0x32, 0x2c,
  0x20, 0x22, 0x72, 0x22, 0x5d, 0x2c, 0x20, 0x5b, 0x22, 0x6f, 0x70, 0x74,
  0x69, 0x6f, 0x6e, 0x73, 0x22, 0x2c, 0x20, 0x22, 0x4d, 0x65, 0x6e, 0x75,
  0x22, 0x2c, 0x20, 0x31, 0x38, 0x32, 0x2c, 0x20, 0x39, 0x32, 0x2c, 0x20,
  0x22, 0x72, 0x22, 0x5d, 0x2c, 0x20, 0x5b, 0x22, 0x70, 0x73, 0x22, 0x2c,
  0x20, 0x22, 0x47, 0x22, 0x2c, 0x20, 0x31, 0x36, 0x30, 0x2c, 0x20, 0x36,
  0x32, 0x2c, 0x20, 0x22, 0x67, 0x22, 0x5d, 0x2c, 0x20, 0x5b, 0x22, 0x74,
  0x6f, 0x75, 0x63, 0x68, 0x70, 0x61, 0x64, 0x22, 0x2c, 0x20, 0x22, 0xe2,
  0x97, 0x89, 0x22, 0x2c, 0x20, 0x31, 0x36, 0x30, 0x2c, 0x20, 0x31, 0x32,
  0x30, 0x2c, 0x20, 0x22, 0x73, 0x22, 0x5d, 0x5d, 0x20, 0x7d, 0x29, 0x2c,
  0x0a, 0x20, 0x20, 0x61, 0x6e, 0x64, 0x72, 0x6f, 0x69, 0x64, 0x3a, 0x20,
  0x6d, 0x6b, 0x28, 0x41, 0x4e, 0x2c, 0x20, 0x7b, 0x20, 0x6e, 0x61, 0x6d,
  0x65, 0x3a, 0x20, 0x22, 0x41, 0x6e, 0x64, 0x72, 0x6f, 0x69, 0x64, 0x20,
  0x2f, 0x20, 0x42, 0x54, 0x20, 0x70, 0x61, 0x64, 0x22, 0x20, 0x7d, 0x29,
  0x2c, 0x0a, 0x20, 0x20, 0x73, 0x68, 0x69, 0x65, 0x6c, 0x64, 0x3a, 0x20,
  0x6d, 0x6b, 0x28, 0x41, 0x4e, 0x2c, 0x20, 0x7b, 0x20, 0x6e, 0x61, 0x6d,
  0x65, 0x3a, 0x20, 0x22, 0x4e, 0x56, 0x49, 0x44, 0x49, 0x41, 0x20, 0x53,
  0x68, 0x69, 0x65, 0x6c, 0x64, 0x22, 0x2c, 0x20, 0x61, 0x63, 0x63, 0x3a,
  0x20, 0x22, 0x23, 0x37, 0x36, 0x62, 0x39, 0x30, 0x30, 0x22, 0x2c, 0x20,
  0x6d, 0x69, 0x64, 0x3a, 0x20, 0x5b, 0x5b, 0x22, 0x63, 0x72, 0x65, 0x61,
  0x74, 0x65, 0x22, 0x2c, 0x20, 0x22, 0xe2, 0x97, 0x81, 0x22, 0x2c, 0x20,
  0x31, 0x33, 0x38, 0x2c, 0x20, 0x39, 0x32, 0x2c, 0x20, 0x22, 0x73, 0x22,
  0x5d, 0x2c, 0x20, 0x5b, 0x22, 0x6f, 0x70, 0x74, 0x69, 0x6f, 0x6e, 0x73,
  0x22, 0x2c, 0x20, 0x22, 0xe2, 0x96, 0xb7, 0x22, 0x2c, 0x20, 0x31, 0x38,
  0x32, 0x2c, 0x20, 0x39, 0x32, 0x2c, 0x20, 0x22, 0x73, 0x22, 0x5d, 0x2c,
  0x20, 0x5b, 0x22, 0x70, 0x73, 0x22, 0x2c, 0x20, 0x22, 0xe2, 0xac, 0xa2,
  0x22, 0x2c, 0x20, 0x31, 0x36, 0x30, 0x2c, 0x20, 0x36, 0x32, 0x2c, 0x20,
  0x22, 0x67, 0x22, 0x5d, 0x5d, 0x20, 0x7d, 0x29, 0x2c, 0x0a, 0x20, 0x20,
  0x61, 0x74, 0x61, 0x72, 0x69, 0x3a, 0x20, 0x6d, 0x6b, 0x28, 0x41, 0x4e,
  0x2c, 0x20, 0x7b, 0x20, 0x6e, 0x61, 0x6d, 0x65, 0x3a, 0x20, 0x22, 0x41,
  0x74, 0x61, 0x72, 0x69, 0x20, 0x56, 0x43, 0x53, 0x22, 0x2c, 0x20, 0x61,
  0x63, 0x63, 0x3a, 0x20, 0x22, 0x23, 0x65, 0x38, 0x34, 0x31, 0x33, 0x63,
  0x22, 0x2c, 0x20, 0x6d, 0x69, 0x64, 0x3a, 0x20, 0x5b, 0x5b, 0x22, 0x63,
  0x72, 0x65, 0x61, 0x74, 0x65, 0x22, 0x2c, 0x20, 0x22, 0x42, 0x61, 0x63,
  0x6b, 0x22, 0x2c, 0x20, 0x31, 0x33, 0x38, 0x2c, 0x20, 0x39, 0x32, 0x2c,
  0x20, 0x22, 0x72, 0x22, 0x5d, 0x2c, 0x20, 0x5b, 0x22, 0x6f, 0x70, 0x74,
  0x69, 0x6f, 0x6e, 0x73, 0x22, 0x2c, 0x20, 0x22, 0x4d, 0x65, 0x6e, 0x75,
  0x22, 0x2c, 0x20, 0x31, 0x38, 0x32, 0x2c, 0x20, 0x39, 0x32, 0x2c, 0x20,
  0x22, 0x72, 0x22, 0x5d, 0x2c, 0x20, 0x5b, 0x22, 0x70, 0x73, 0x22, 0x2c,
  0x20, 0x22, 0x46, 0x75, 0x6a, 0x69, 0x22, 0x2c, 0x20, 0x31, 0x36, 0x30,
  0x2c, 0x20, 0x36, 0x32, 0x2c, 0x20, 0x22, 0x67, 0x22, 0x5d, 0x5d, 0x20,
  0x7d, 0x29, 0x2c, 0x0a, 0x20, 0x20, 0x67, 0x65, 0x6e, 0x3a, 0x20, 0x6d,
  0x6b, 0x28, 0x53, 0x59, 0x4d, 0x2c, 0x20, 0x7b, 0x20, 0x6e, 0x61, 0x6d,
  0x65, 0x3a, 0x20, 0x22, 0x47, 0x65, 0x6e, 0x65, 0x72, 0x69, 0x63, 0x22,
  0x2c, 0x20, 0x62, 0x6f, 0x64, 0x79, 0x3a, 0x20, 0x22, 0x67, 0x65, 0x6e,
  0x22, 0x2c, 0x20, 0x61, 0x63, 0x63, 0x3a, 0x20, 0x22, 0x23, 0x63, 0x38,
  0x66, 0x66, 0x33, 0x64, 0x22, 0x2c, 0x20, 0x73, 0x68, 0x3a, 0x20, 0x5b,
  0x22, 0x4c, 0x31, 0x22, 0x2c, 0x20, 0x22, 0x4c, 0x32, 0x22, 0x2c, 0x20,
  0x22, 0x52, 0x31, 0x22, 0x2c, 0x20, 0x22, 0x52, 0x32, 0x22, 0x5d, 0x2c,
  0x20, 0x66, 0x61, 0x63, 0x65, 0x3a, 0x20, 0x7b, 0x20, 0x74, 0x72, 0x69,
  0x61, 0x6e, 0x67, 0x6c, 0x65, 0x3a, 0x20, 0x5b, 0x22, 0x34, 0x22, 0x2c,
  0x20, 0x22, 0x22, 0x5d, 0x2c, 0x20, 0x63, 0x69, 0x72, 0x63, 0x6c, 0x65,
  0x3a, 0x20, 0x5b, 0x22, 0x32, 0x22, 0x2c, 0x20, 0x22, 0x22, 0x5d, 0x2c,
  0x20, 0x63, 0x72, 0x6f, 0x73, 0x73, 0x3a, 0x20, 0x5b, 0x22, 0x31, 0x22,
  0x2c, 0x20, 0x22, 0x22, 0x5d, 0x2c, 0x20, 0x73, 0x71, 0x75, 0x61, 0x72,
  0x65, 0x3a, 0x20, 0x5b, 0x22, 0x33, 0x22, 0x2c, 0x20, 0x22, 0x22, 0x5d,
  0x20, 0x7d, 0x2c, 0x0a, 0x20, 0x20, 0x20, 0x20, 0x6d, 0x69, 0x64, 0x3a,
  0x20, 0x5b, 0x5b, 0x22, 0x63, 0x72, 0x65, 0x61, 0x74, 0x65, 0x22, 0x2c,
  0x20, 0x22, 0x53, 0x65, 0x6c, 0x22, 0x2c, 0x20, 0x31, 0x32, 0x38, 0x2c,
  0x20, 0x38, 0x30, 0x2c, 0x20, 0x22, 0x72, 0x22, 0x5d, 0x2c, 0x20, 0x5b,
  0x22, 0x6f, 0x70, 0x74, 0x69, 0x6f, 0x6e, 0x73, 0x22, 0x2c, 0x20, 0x22,
  0x53, 0x74, 0x61, 0x72, 0x74, 0x22, 0x2c, 0x20, 0x31, 0x39, 0x32, 0x2c,
  0x20, 0x38, 0x30, 0x2c, 0x20, 0x22, 0x72, 0x22, 0x5d, 0x2c, 0x20, 0x5b,
  0x22, 0x70, 0x73, 0x22, 0x2c, 0x20, 0x22, 0x48, 0x6f, 0x6d, 0x65, 0x22,
  0x2c, 0x20, 0x31, 0x36, 0x30, 0x2c, 0x20, 0x31, 0x31, 0x32, 0x2c, 0x20,
  0x22, 0x67, 0x22, 0x5d, 0x2c, 0x20, 0x5b, 0x22, 0x74, 0x6f, 0x75, 0x63,
  0x68, 0x70, 0x61, 0x64, 0x22, 0x2c, 0x20, 0x22, 0x50, 0x61, 0x64, 0x22,
  0x2c, 0x20, 0x31, 0x36, 0x30, 0x2c, 0x20, 0x35, 0x36, 0x2c, 0x20, 0x22,
  0x73, 0x22, 0x5d, 0x5d, 0x20, 0x7d, 0x29, 0x0a, 0x7d, 0x3b, 0x0a, 0x76,
  0x61, 0x72, 0x20, 0x49, 0x44, 0x4d, 0x41, 0x50, 0x20, 0x3d, 0x20, 0x7b,
  0x20, 0x22, 0x30, 0x34, 0x35, 0x65, 0x3a, 0x30, 0x32, 0x65, 0x30, 0x22,
  0x3a, 0x20, 0x22, 0x78, 0x62, 0x6f, 0x78, 0x6f, 0x6e, 0x65, 0x22, 0x2c,
  0x20, 0x22, 0x30, 0x34, 0x35, 0x65, 0x3a, 0x30, 0x32, 0x66, 0x64, 0x22,
  0x3a, 0x20, 0x22, 0x78, 0x62, 0x6f, 0x78, 0x6f, 0x6e, 0x65, 0x22, 0x2c,
  0x20, 0x22, 0x30, 0x34, 0x35, 0x65, 0x3a, 0x30, 0x62, 0x32, 0x30, 0x22,
  0x3a, 0x20, 0x22, 0x78, 0x62, 0x6f, 0x78, 0x6f, 0x6e, 0x65, 0x22, 0x2c,
  0x20, 0x22, 0x30, 0x34, 0x35, 0x65, 0x3a, 0x30, 0x62, 0x31, 0x32, 0x22,
  0x3a, 0x20, 0x22, 0x78, 0x62, 0x6f, 0x78, 0x73, 0x65, 0x72, 0x69, 0x65,
  0x73, 0x22, 0x2c, 0x20, 0x22, 0x30, 0x34, 0x35, 0x65, 0x3a, 0x30, 0x62,
  0x31, 0x33, 0x22, 0x3a, 0x20, 0x22, 0x78, 0x62, 0x6f, 0x78, 0x73, 0x65,
  0x72, 0x69, 0x65, 0x73, 0x22, 0x2c, 0x0a, 0x20, 0x20, 0x22, 0x30, 0x34,
  0x35, 0x65, 0x3a, 0x30, 0x62, 0x30, 0x30, 0x22, 0x3a, 0x20, 0x22, 0x78,
  0x62, 0x6f, 0x78, 0x65, 0x6c, 0x69, 0x74, 0x65, 0x22, 0x2c, 0x20, 0x22,
  0x30, 0x34, 0x35, 0x65, 0x3a, 0x30, 0x62, 0x30, 0x35, 0x22, 0x3a, 0x20,
  0x22, 0x78, 0x62, 0x6f, 0x78, 0x65, 0x6c, 0x69, 0x74, 0x65, 0x22, 0x2c,
  0x20, 0x22, 0x30, 0x34, 0x35, 0x65, 0x3a, 0x30, 0x62, 0x32, 0x32, 0x22,
  0x3a, 0x20, 0x22, 0x78, 0x62, 0x6f, 0x78, 0x65, 0x6c, 0x69, 0x74, 0x65,
  0x22, 0x2c, 0x20, 0x22, 0x30, 0x34, 0x35, 0x65, 0x3a, 0x30, 0x62, 0x30,
  0x61, 0x22, 0x3a, 0x20, 0x22, 0x78, 0x62, 0x6f, 0x78, 0x61, 0x64, 0x61,
  0x70, 0x74, 0x22, 0x2c, 0x20, 0x22, 0x30, 0x34, 0x35, 0x65, 0x3a, 0x30,
  0x62, 0x30, 0x63, 0x22, 0x3a, 0x20, 0x22, 0x78, 0x62, 0x6f, 0x78, 0x61,
  0x64, 0x61, 0x70, 0x74, 0x22, 0x2c, 0x20, 0x22, 0x30, 0x34, 0x35, 0x65,
  0x3a, 0x30, 0x62, 0x32, 0x31, 0x22, 0x3a, 0x20, 0x22, 0x78, 0x62, 0x6f,
  0x78, 0x61, 0x64, 0x61, 0x70, 0x74, 0x22, 0x2c, 0x0a, 0x20, 0x20, 0x22,
  0x30, 0x35, 0x34, 0x63, 0x3a, 0x30, 0x35, 0x63, 0x34, 0x22, 0x3a, 0x20,
  0x22, 0x64, 0x73, 0x34, 0x22, 0x2c, 0x20, 0x22, 0x30, 0x35, 0x34, 0x63,
  0x3a, 0x30, 0x39, 0x63, 0x63, 0x22, 0x3a, 0x20, 0x22, 0x64, 0x73, 0x34,
  0x22, 0x2c, 0x20, 0x22, 0x30, 0x35, 0x34, 0x63, 0x3a, 0x30, 0x63, 0x65,
  0x36, 0x22, 0x3a, 0x20, 0x22, 0x64, 0x73, 0x35, 0x22, 0x2c, 0x20, 0x22,
  0x30, 0x35, 0x34, 0x63, 0x3a, 0x30, 0x64, 0x66, 0x32, 0x22, 0x3a, 0x20,
  0x22, 0x64, 0x73, 0x35, 0x65, 0x64, 0x67, 0x65, 0x22, 0x2c, 0x0a, 0x20,
  0x20, 0x22, 0x30, 0x66, 0x30, 0x64, 0x3a, 0x30, 0x30, 0x66, 0x36, 0x22,
  0x3a, 0x20, 0x22, 0x70, 0x73, 0x33, 0x70, 0x22, 0x2c, 0x20, 0x22, 0x31,
  0x35, 0x33, 0x32, 0x3a, 0x31, 0x30, 0x30, 0x39, 0x22, 0x3a, 0x20, 0x22,
  0x70, 0x73, 0x33, 0x70, 0x22, 0x2c, 0x20, 0x22, 0x31, 0x35, 0x33, 0x32,
  0x3a, 0x31, 0x30, 0x30, 0x61, 0x22, 0x3a, 0x20, 0x22, 0x70, 0x73, 0x33,
  0x70, 0x22, 0x2c, 0x20, 0x22, 0x32, 0x65, 0x39, 0x35, 0x3a, 0x37, 0x37,
  0x32, 0x35, 0x22, 0x3a, 0x20, 0x22, 0x70, 0x73, 0x33, 0x70, 0x22, 0x2c,
  0x0a, 0x20, 0x20, 0x22, 0x30, 0x35, 0x37, 0x65, 0x3a, 0x32, 0x30, 0x30,
  0x39, 0x22, 0x3a, 0x20, 0x22, 0x73, 0x77, 0x69, 0x74, 0x63, 0x68, 0x70,
  0x72, 0x6f, 0x22, 0x2c, 0x20, 0x22, 0x30, 0x35, 0x37, 0x65, 0x3a, 0x32,
  0x30, 0x31, 0x37, 0x22, 0x3a, 0x20, 0x22, 0x73, 0x6e, 0x65, 0x73, 0x22,
  0x2c, 0x20, 0x22, 0x30, 0x35, 0x37, 0x65, 0x3a, 0x32, 0x30, 0x31, 0x39,
  0x22, 0x3a, 0x20, 0x22, 0x6e, 0x36, 0x34, 0x22, 0x2c, 0x20, 0x22, 0x30,
  0x35, 0x37, 0x65, 0x3a, 0x32, 0x30, 0x31, 0x61, 0x22, 0x3a, 0x20, 0x22,
  0x6d, 0x64, 0x22, 0x2c, 0x20, 0x22, 0x30, 0x35, 0x37, 0x65, 0x3a, 0x32,
  0x30, 0x31, 0x65, 0x22, 0x3a, 0x20, 0x22, 0x6d, 0x64, 0x22, 0x2c, 0x0a,
  0x20, 0x20, 0x22, 0x32, 0x64, 0x63, 0x38, 0x3a, 0x32, 0x31, 0x30, 0x30,
  0x22, 0x3a, 0x20, 0x22, 0x73, 0x6e, 0x33, 0x30, 0x22, 0x2c, 0x20, 0x22,
  0x32, 0x64, 0x63, 0x38, 0x3a, 0x32, 0x31, 0x30, 0x31, 0x22, 0x3a, 0x20,
  0x22, 0x73, 0x6e, 0x33, 0x30, 0x22, 0x2c, 0x20, 0x22, 0x32, 0x64, 0x63,
  0x38, 0x3a, 0x36, 0x30, 0x30, 0x31, 0x22, 0x3a, 0x20, 0x22, 0x73, 0x6e,
  0x33, 0x30, 0x22, 0x2c, 0x20, 0x22, 0x32, 0x64, 0x63, 0x38, 0x3a, 0x36,
  0x31, 0x30, 0x30, 0x22, 0x3a, 0x20, 0x22, 0x73, 0x6e, 0x33, 0x30, 0x22,
  0x2c, 0x20, 0x22, 0x32, 0x64, 0x63, 0x38, 0x3a, 0x36, 0x31, 0x30, 0x31,
  0x22, 0x3a, 0x20, 0x22, 0x73, 0x6e, 0x33, 0x30, 0x22, 0x2c, 0x0a, 0x20,
  0x20, 0x22, 0x32, 0x64, 0x63, 0x38, 0x3a, 0x36, 0x30, 0x30, 0x33, 0x22,
  0x3a, 0x20, 0x22, 0x70, 0x72, 0x6f, 0x32, 0x22, 0x2c, 0x20, 0x22, 0x32,
  0x64, 0x63, 0x38, 0x3a, 0x36, 0x30, 0x30, 0x36, 0x22, 0x3a, 0x20, 0x22,
  0x70, 0x72, 0x6f, 0x32, 0x22, 0x2c, 0x20, 0x22, 0x32, 0x64, 0x63, 0x38,
  0x3a, 0x36, 0x30, 0x30, 0x39, 0x22, 0x3a, 0x20, 0x22, 0x70, 0x72, 0x6f,
  0x32, 0x22, 0x2c, 0x20, 0x22, 0x32, 0x64, 0x63, 0x38, 0x3a, 0x61, 0x62,
  0x32, 0x30, 0x22, 0x3a, 0x20, 0x22, 0x70, 0x72, 0x6f, 0x32, 0x22, 0x2c,
  0x0a, 0x20, 0x20, 0x22, 0x32, 0x64, 0x63, 0x38, 0x3a, 0x33, 0x30, 0x31,
  0x32, 0x22, 0x3a, 0x20, 0x22, 0x75, 0x6c, 0x74, 0x69, 0x6d, 0x61, 0x74,
  0x65, 0x22, 0x2c, 0x20, 0x22, 0x32, 0x64, 0x63, 0x38, 0x3a, 0x33, 0x30,
  0x31, 0x62, 0x22, 0x3a, 0x20, 0x22, 0x75, 0x6c, 0x74, 0x69, 0x6d, 0x61,
  0x74, 0x65, 0x22, 0x2c, 0x20, 0x22, 0x32, 0x64, 0x63, 0x38, 0x3a, 0x33,
  0x31, 0x30, 0x36, 0x22, 0x3a, 0x20, 0x22, 0x75, 0x6c, 0x74, 0x69, 0x6d,
  0x61, 0x74, 0x65, 0x22, 0x2c, 0x20, 0x22, 0x32, 0x64, 0x63, 0x38, 0x3a,
  0x36, 0x30, 0x31, 0x32, 0x22, 0x3a, 0x20, 0x22, 0x75, 0x6c, 0x74, 0x69,
  0x6d, 0x61, 0x74, 0x65, 0x22, 0x2c, 0x0a, 0x20, 0x20, 0x22, 0x66, 0x66,
  0x66, 0x66, 0x3a, 0x30, 0x34, 0x36, 0x65, 0x22, 0x3a, 0x20, 0x22, 0x67,
  0x61, 0x6d, 0x65, 0x73, 0x69, 0x72, 0x22, 0x2c, 0x20, 0x22, 0x30, 0x35,
  0x61, 0x63, 0x3a, 0x30, 0x32, 0x32, 0x64, 0x22, 0x3a, 0x20, 0x22, 0x67,
  0x61, 0x6d, 0x65, 0x73, 0x69, 0x72, 0x22, 0x2c, 0x20, 0x22, 0x66, 0x66,
  0x66, 0x66, 0x3a, 0x30, 0x34, 0x36, 0x66, 0x22, 0x3a, 0x20, 0x22, 0x67,
  0x61, 0x6d, 0x65, 0x73, 0x69, 0x72, 0x22, 0x2c, 0x20, 0x22, 0x33, 0x35,
  0x33, 0x37, 0x3a, 0x31, 0x30, 0x32, 0x32, 0x22, 0x3a, 0x20, 0x22, 0x67,
  0x61, 0x6d, 0x65, 0x73, 0x69, 0x72, 0x22, 0x2c, 0x20, 0x22, 0x33, 0x35,
  0x33, 0x37, 0x3a, 0x31, 0x30, 0x33, 0x63, 0x22, 0x3a, 0x20, 0x22, 0x67,
  0x61, 0x6d, 0x65, 0x73, 0x69, 0x72, 0x22, 0x2c, 0x20, 0x22, 0x33, 0x35,
  0x33, 0x37, 0x3a, 0x31, 0x30, 0x62, 0x38, 0x22, 0x3a, 0x20, 0x22, 0x67,
  0x61, 0x6d, 0x65, 0x73, 0x69, 0x72, 0x22, 0x2c, 0x0a, 0x20, 0x20, 0x22,
  0x66, 0x66, 0x66, 0x66, 0x3a, 0x30, 0x34, 0x35, 0x30, 0x22, 0x3a, 0x20,
  0x22, 0x67, 0x61, 0x6d, 0x65, 0x73, 0x69, 0x72, 0x22, 0x2c, 0x20, 0x22,
  0x30, 0x35, 0x61, 0x63, 0x3a, 0x30, 0x35, 0x36, 0x62, 0x22, 0x3a, 0x20,
  0x22, 0x67, 0x61, 0x6d, 0x65, 0x73, 0x69, 0x72, 0x22, 0x2c, 0x20, 0x22,
  0x30, 0x39, 0x35, 0x35, 0x3a, 0x37, 0x32, 0x31, 0x34, 0x22, 0x3a, 0x20,
  0x22, 0x73, 0x68, 0x69, 0x65, 0x6c, 0x64, 0x22, 0x2c, 0x20, 0x22, 0x33,
  0x32, 0x35, 0x30, 0x3a, 0x31, 0x30, 0x30, 0x32, 0x22, 0x3a, 0x20, 0x22,
  0x61, 0x74, 0x61, 0x72, 0x69, 0x22, 0x20, 0x7d, 0x3b, 0x0a, 0x66, 0x75,
  0x6e, 0x63, 0x74, 0x69, 0x6f, 0x6e, 0x20, 0x66, 0x61, 0x6d, 0x69, 0x6c,
  0x79, 0x28, 0x70, 0x29, 0x20, 0x7b, 0x0a, 0x20, 0x20, 0x76, 0x61, 0x72,
  0x20, 0x76, 0x20, 0x3d, 0x20, 0x28, 0x70, 0x2e, 0x76, 0x69, 0x64, 0x20,
  0x7c, 0x7c, 0x20, 0x22, 0x22, 0x29, 0x2e, 0x74, 0x6f, 0x4c, 0x6f, 0x77,
  0x65, 0x72, 0x43, 0x61, 0x73, 0x65, 0x28, 0x29, 0x2c, 0x20, 0x69, 0x64,
  0x20, 0x3d, 0x20, 0x76, 0x20, 0x2b, 0x20, 0x22, 0x3a, 0x22, 0x20, 0x2b,
  0x20, 0x28, 0x70, 0x2e, 0x70, 0x69, 0x64, 0x20, 0x7c, 0x7c, 0x20, 0x22,
  0x22, 0x29, 0x2e, 0x74, 0x6f, 0x4c, 0x6f, 0x77, 0x65, 0x72, 0x43, 0x61,
  0x73, 0x65, 0x28, 0x29, 0x2c, 0x20, 0x70, 0x72, 0x20, 0x3d, 0x20, 0x28,
  0x70, 0x2e, 0x70, 0x72, 0x6f, 0x66, 0x69, 0x6c, 0x65, 0x20, 0x7c, 0x7c,
  0x20, 0x22, 0x22, 0x29, 0x20, 0x2b, 0x20, 0x22, 0x20, 0x22, 0x20, 0x2b,
  0x20, 0x28, 0x70, 0x2e, 0x6d, 0x6f, 0x64, 0x65, 0x6c, 0x20, 0x7c, 0x7c,
  0x20, 0x22, 0x22, 0x29, 0x3b, 0x0a, 0x20, 0x20, 0x69, 0x66, 0x20, 0x28,
  0x49, 0x44, 0x4d, 0x41, 0x50, 0x5b, 0x69, 0x64, 0x5d, 0x29, 0x20, 0x72,
  0x65, 0x74, 0x75, 0x72, 0x6e, 0x20, 0x49, 0x44, 0x4d, 0x41, 0x50, 0x5b,
  0x69, 0x64, 0x5d, 0x3b, 0x0a, 0x20, 0x20, 0x69, 0x66, 0x20, 0x28, 0x76,
  0x20, 0x3d, 0x3d, 0x3d, 0x20, 0x22, 0x30, 0x34, 0x35, 0x65, 0x22, 0x20,
  0x7c, 0x7c, 0x20, 0x2f, 0x78, 0x62, 0x6f, 0x78, 0x2f, 0x69, 0x2e, 0x74,
  0x65, 0x73, 0x74, 0x28, 0x70, 0x72, 0x29, 0x29, 0x20, 0x72, 0x65, 0x74,
  0x75, 0x72, 0x6e, 0x20, 0x22, 0x78, 0x62, 0x6f, 0x78, 0x6f, 0x6e, 0x65,
  0x22, 0x3b, 0x0a, 0x20, 0x20, 0x69, 0x66, 0x20, 0x28, 0x2f, 0x64, 0x75,
  0x61, 0x6c, 0x73, 0x65, 0x6e, 0x73, 0x65, 0x2f, 0x69, 0x2e, 0x74, 0x65,
  0x73, 0x74, 0x28, 0x70, 0x72, 0x29, 0x29, 0x20, 0x72, 0x65, 0x74, 0x75,
  0x72, 0x6e, 0x20, 0x22, 0x64, 0x73, 0x35, 0x22, 0x3b, 0x0a, 0x20, 0x20,
  0x69, 0x66, 0x20, 0x28, 0x76, 0x20, 0x3d, 0x3d, 0x3d, 0x20, 0x22, 0x30,
  0x35, 0x34, 0x63, 0x22, 0x20, 0x7c, 0x7c, 0x20, 0x2f, 0x64, 0x75, 0x61,
  0x6c, 0x73, 0x68, 0x6f, 0x63, 0x6b, 0x2f, 0x69, 0x2e, 0x74, 0x65, 0x73,
  0x74, 0x28, 0x70, 0x72, 0x29, 0x29, 0x20, 0x72, 0x65, 0x74, 0x75, 0x72,
  0x6e, 0x20, 0x22, 0x64, 0x73, 0x34, 0x22, 0x3b, 0x0a, 0x20, 0x20, 0x69,
  0x66, 0x20, 0x28, 0x76, 0x20, 0x3d, 0x3d, 0x3d, 0x20, 0x22, 0x30, 0x35,
  0x37, 0x65, 0x22, 0x20, 0x7c, 0x7c, 0x20, 0x2f, 0x73, 0x77, 0x69, 0x74,
  0x63, 0x68, 0x2f, 0x69, 0x2e, 0x74, 0x65, 0x73, 0x74, 0x28, 0x70, 0x72,
  0x29, 0x29, 0x20, 0x72, 0x65, 0x74, 0x75, 0x72, 0x6e, 0x20, 0x22, 0x73,
  0x77, 0x69, 0x74, 0x63, 0x68, 0x70, 0x72, 0x6f, 0x22, 0x3b, 0x0a, 0x20,
  0x20, 0x69, 0x66, 0x20, 0x28, 0x76, 0x20, 0x3d, 0x3d, 0x3d, 0x20, 0x22,
  0x32, 0x64, 0x63, 0x38, 0x22, 0x20, 0x7c, 0x7c, 0x20, 0x2f, 0x38, 0x62,
  0x69, 0x74, 0x64, 0x6f, 0x2f, 0x69, 0x2e, 0x74, 0x65, 0x73, 0x74, 0x28,
  0x70, 0x72, 0x29, 0x29, 0x20, 0x72, 0x65, 0x74, 0x75, 0x72, 0x6e, 0x20,
  0x22, 0x75, 0x6c, 0x74, 0x69, 0x6d, 0x61, 0x74, 0x65, 0x22, 0x3b, 0x0a,
  0x20, 0x20, 0x69, 0x66, 0x20, 0x28, 0x2f, 0x67, 0x61, 0x6d, 0x65, 0x73,
  0x69, 0x72, 0x2f, 0x69, 0x2e, 0x74, 0x65, 0x73, 0x74, 0x28, 0x70, 0x72,
  0x29, 0x29, 0x20, 0x72, 0x65, 0x74, 0x75, 0x72, 0x6e, 0x20, 0x22, 0x67,
  0x61, 0x6d, 0x65, 0x73, 0x69, 0x72, 0x22, 0x3b, 0x0a, 0x20, 0x20, 0x69,
  0x66, 0x20, 0x28, 0x70, 0x2e, 0x70, 0x72, 0x6f, 0x66, 0x69, 0x6c, 0x65,
  0x20, 0x3d, 0x3d, 0x3d, 0x20, 0x22, 0x47, 0x65, 0x6e, 0x65, 0x72, 0x69,
  0x63, 0x22, 0x20, 0x26, 0x26, 0x20, 0x70, 0x2e, 0x6d, 0x6f, 0x64, 0x65,
  0x6c, 0x20, 0x26, 0x26, 0x20, 0x21, 0x2f, 0x5e, 0x67, 0x65, 0x6e, 0x65,
  0x72, 0x69, 0x63, 0x2f, 0x69, 0x2e, 0x74, 0x65, 0x73, 0x74, 0x28, 0x70,
  0x2e, 0x6d, 0x6f, 0x64, 0x65, 0x6c, 0x29, 0x29, 0x20, 0x72, 0x65, 0x74,
  0x75, 0x72, 0x6e, 0x20, 0x22, 0x61, 0x6e, 0x64, 0x72, 0x6f, 0x69, 0x64,
  0x22, 0x3b, 0x0a, 0x20, 0x20, 0x72, 0x65, 0x74, 0x75, 0x72, 0x6e, 0x20,
  0x22, 0x67, 0x65, 0x6e, 0x22, 0x3b, 0x0a, 0x7d, 0x0a, 0x66, 0x75, 0x6e,
  0x63, 0x74, 0x69, 0x6f, 0x6e, 0x20, 0x64, 0x72, 0x61, 0x77, 0x50, 0x61,
  0x64, 0x28, 0x66, 0x61, 0x6d, 0x2c, 0x20, 0x63, 0x29, 0x20, 0x7b, 0x0a,
  0x20, 0x20, 0x76, 0x61, 0x72, 0x20, 0x46, 0x20, 0x3d, 0x20, 0x44, 0x52,
  0x41, 0x57, 0x5b, 0x66, 0x61, 0x6d, 0x5d, 0x2c, 0x20, 0x73, 0x20, 0x3d,
  0x20, 0x73, 0x76, 0x28, 0x22, 0x73, 0x76, 0x67, 0x22, 0x2c, 0x20, 0x7b,
  0x20, 0x76, 0x69, 0x65, 0x77, 0x42, 0x6f, 0x78, 0x3a, 0x20, 0x22, 0x2d,
  0x36, 0x20, 0x2d, 0x38, 0x20, 0x33, 0x33, 0x32, 0x20, 0x32, 0x31, 0x30,
  0x22, 0x2c, 0x20, 0x22, 0x63, 0x6c, 0x61, 0x73, 0x73, 0x22, 0x3a, 0x20,
  0x22, 0x70, 0x61, 0x64, 0x22, 0x20, 0x7d, 0x29, 0x3b, 0x0a, 0x20, 0x20,
  0x63, 0x2e, 0x6b, 0x20, 0x3d, 0x20, 0x7b, 0x7d, 0x3b, 0x0a, 0x20, 0x20,
  0x66, 0x75, 0x6e, 0x63, 0x74, 0x69, 0x6f, 0x6e, 0x20, 0x6b, 0x65, 0x79,
  0x28, 0x6e, 0x61, 0x6d, 0x65, 0x2c, 0x20, 0x67, 0x29, 0x20, 0x7b, 0x20,
  0x28, 0x63, 0x2e, 0x6b, 0x5b, 0x6e, 0x61, 0x6d, 0x65, 0x5d, 0x20, 0x3d,
  0x20, 0x63, 0x2e, 0x6b, 0x5b, 0x6e, 0x61, 0x6d, 0x65, 0x5d, 0x20, 0x7c,
  0x7c, 0x20, 0x5b, 0x5d, 0x29, 0x2e, 0x70, 0x75, 0x73, 0x68, 0x28, 0x67,
  0x29, 0x3b, 0x20, 0x72, 0x65, 0x74, 0x75, 0x72, 0x6e, 0x20, 0x67, 0x3b,
  0x20, 0x7d, 0x0a, 0x20, 0x20, 0x66, 0x75, 0x6e, 0x63, 0x74, 0x69, 0x6f,
  0x6e, 0x20, 0x62, 0x74, 0x6e, 0x28, 0x6e, 0x61, 0x6d, 0x65, 0x2c, 0x20,
  0x78, 0x2c, 0x20, 0x79, 0x2c, 0x20, 0x72, 0x2c, 0x20, 0x6c, 0x61, 0x62,
  0x2c, 0x20, 0x63, 0x6f, 0x6c, 0x2c, 0x20, 0x70, 0x61, 0x72, 0x65, 0x6e,
  0x74, 0x29, 0x20, 0x7b, 0x0a, 0x20, 0x20, 0x20, 0x20, 0x76, 0x61, 0x72,
  0x20, 0x67, 0x20, 0x3d, 0x20, 0x6b, 0x65, 0x79, 0x28, 0x6e, 0x61, 0x6d,
  0x65, 0x2c, 0x20, 0x73, 0x76, 0x28, 0x22, 0x67, 0x22, 0x2c, 0x20, 0x7b,
  0x7d, 0x2c, 0x20, 0x70, 0x61, 0x72, 0x65, 0x6e, 0x74, 0x20, 0x7c, 0x7c,
  0x20, 0x73, 0x29, 0x29, 0x2c, 0x20, 0x63, 0x69, 0x20, 0x3d, 0x20, 0x73,
  0x76, 0x28, 0x22, 0x63, 0x69, 0x72, 0x63, 0x6c, 0x65, 0x22, 0x2c, 0x20,
  0x7b, 0x20, 0x63, 0x78, 0x3a, 0x20, 0x78, 0x2c, 0x20, 0x63, 0x79, 0x3a,
  0x20, 0x79, 0x2c, 0x20, 0x72, 0x3a, 0x20, 0x72, 0x2c, 0x20, 0x22, 0x63,
  0x6c, 0x61, 0x73, 0x73, 0x22, 0x3a, 0x20, 0x22, 0x6b, 0x22, 0x20, 0x7d,
  0x2c, 0x20, 0x67, 0x29, 0x2c, 0x20, 0x74, 0x78, 0x20, 0x3d, 0x20, 0x73,
  0x76, 0x28, 0x22, 0x74, 0x65, 0x78, 0x74, 0x22, 0x2c, 0x20, 0x7b, 0x20,
  0x78, 0x3a, 0x20, 0x78, 0x2c, 0x20, 0x79, 0x3a, 0x20, 0x79, 0x20, 0x7d,
  0x2c, 0x20, 0x67, 0x29, 0x3b, 0x0a, 0x20, 0x20, 0x20, 0x20, 0x74, 0x78,
  0x2e, 0x74, 0x65, 0x78, 0x74, 0x43, 0x6f, 0x6e, 0x74, 0x65, 0x6e, 0x74,
  0x20, 0x3d, 0x20, 0x6c, 0x61, 0x62, 0x3b, 0x0a, 0x20, 0x20, 0x20, 0x20,
  0x69, 0x66, 0x20, 0x28, 0x63, 0x6f, 0x6c, 0x29, 0x20, 0x7b, 0x20, 0x63,
  0x69, 0x2e, 0x73, 0x65, 0x74, 0x41, 0x74, 0x74, 0x72, 0x69, 0x62, 0x75,
  0x74, 0x65, 0x28, 0x22, 0x73, 0x74, 0x79, 0x6c, 0x65, 0x22, 0x2c, 0x20,
  0x22, 0x73, 0x74, 0x72, 0x6f, 0x6b, 0x65, 0x3a, 0x22, 0x20, 0x2b, 0x20,
  0x63, 0x6f, 0x6c, 0x29, 0x3b, 0x20, 0x74, 0x78, 0x2e, 0x73, 0x65, 0x74,
  0x41, 0x74, 0x74, 0x72, 0x69, 0x62, 0x75, 0x74, 0x65, 0x28, 0x22, 0x73,
  0x74, 0x79, 0x6c, 0x65, 0x22, 0x2c, 0x20, 0x22, 0x66, 0x69, 0x6c, 0x6c,
  0x3a, 0x22, 0x20, 0x2b, 0x20, 0x63, 0x6f, 0x6c, 0x29, 0x3b, 0x20, 0x7d,
  0x0a, 0x20, 0x20, 0x20, 0x20, 0x72, 0x65, 0x74, 0x75, 0x72, 0x6e, 0x20,
  0x67, 0x3b, 0x0a, 0x20, 0x20, 0x7d, 0x0a, 0x20, 0x20, 0x5b, 0x5b, 0x30,
  0x2c, 0x20, 0x32, 0x32, 0x2c, 0x20, 0x22, 0x6c, 0x32, 0x22, 0x2c, 0x20,
  0x31, 0x5d, 0x2c, 0x20, 0x5b, 0x31, 0x2c, 0x20, 0x32, 0x32, 0x32, 0x2c,
  0x20, 0x22, 0x72, 0x32, 0x22, 0x2c, 0x20, 0x33, 0x5d, 0x5d, 0x2e, 0x66,
  0x6f, 0x72, 0x45, 0x61, 0x63, 0x68, 0x28, 0x66, 0x75, 0x6e, 0x63, 0x74,
  0x69, 0x6f, 0x6e, 0x20, 0x28, 0x74, 0x29, 0x20, 0x7b, 0x0a, 0x20, 0x20,
  0x20, 0x20, 0x76, 0x61, 0x72, 0x20, 0x67, 0x20, 0x3d, 0x20, 0x6b, 0x65,
  0x79, 0x28, 0x74, 0x5b, 0x32, 0x5d, 0x2c, 0x20, 0x73, 0x76, 0x28, 0x22,
  0x67, 0x22, 0x2c, 0x20, 0x7b, 0x7d, 0x2c, 0x20, 0x73, 0x29, 0x29, 0x3b,
  0x0a, 0x20, 0x20, 0x20, 0x20, 0x76, 0x61, 0x72, 0x20, 0x6c, 0x61, 0x62,
  0x20, 0x3d, 0x20, 0x46, 0x2e, 0x73, 0x68, 0x5b, 0x74, 0x5b, 0x33, 0x5d,
  0x5d, 0x2c, 0x20, 0x68, 0x69, 0x64, 0x65, 0x20, 0x3d, 0x20, 0x46, 0x2e,
  0x6e, 0x6f, 0x74, 0x72, 0x69, 0x67, 0x3b, 0x0a, 0x20, 0x20, 0x20, 0x20,
  0x73, 0x76, 0x28, 0x22, 0x72, 0x65, 0x63, 0x74, 0x22, 0x2c, 0x20, 0x7b,
  0x20, 0x78, 0x3a, 0x20, 0x74, 0x5b, 0x31, 0x5d, 0x2c, 0x20, 0x79, 0x3a,
  0x20, 0x2d, 0x36, 0x2c, 0x20, 0x77, 0x69, 0x64, 0x74, 0x68, 0x3a, 0x20,
  0x37, 0x36, 0x2c, 0x20, 0x68, 0x65, 0x69, 0x67, 0x68, 0x74, 0x3a, 0x20,
  0x31, 0x34, 0x2c, 0x20, 0x72, 0x78, 0x3a, 0x20, 0x34, 0x2c, 0x20, 0x22,
  0x63, 0x6c, 0x61, 0x73, 0x73, 0x22, 0x3a, 0x20, 0x22, 0x6b, 0x22, 0x2c,
  0x20, 0x6f, 0x70, 0x61, 0x63, 0x69, 0x74, 0x79, 0x3a, 0x20, 0x68, 0x69,
  0x64, 0x65, 0x20, 0x3f, 0x20, 0x22, 0x2e, 0x33, 0x35, 0x22, 0x20, 0x3a,
  0x20, 0x22, 0x31, 0x22, 0x20, 0x7d, 0x2c, 0x20, 0x67, 0x29, 0x3b, 0x0a,
  0x20, 0x20, 0x20, 0x20, 0x63, 0x5b, 0x74, 0x5b, 0x32, 0x5d, 0x5d, 0x20,
  0x3d, 0x20, 0x73, 0x76, 0x28, 0x22, 0x72, 0x65, 0x63, 0x74, 0x22, 0x2c,
  0x20, 0x7b, 0x20, 0x78, 0x3a, 0x20, 0x74, 0x5b, 0x31, 0x5d, 0x2c, 0x20,
  0x79, 0x3a, 0x20, 0x2d, 0x36, 0x2c, 0x20, 0x77, 0x69, 0x64, 0x74, 0x68,
  0x3a, 0x20, 0x30, 0x2c, 0x20, 0x68, 0x65, 0x69, 0x67, 0x68, 0x74, 0x3a,
  0x20, 0x31, 0x34, 0x2c, 0x20, 0x72, 0x78, 0x3a, 0x20, 0x34, 0x2c, 0x20,
  0x22, 0x63, 0x6c, 0x61, 0x73, 0x73, 0x22, 0x3a, 0x20, 0x22, 0x74, 0x66,
  0x22, 0x2c, 0x20, 0x6f, 0x70, 0x61, 0x63, 0x69, 0x74, 0x79, 0x3a, 0x20,
  0x22, 0x2e, 0x38, 0x35, 0x22, 0x20, 0x7d, 0x2c, 0x20, 0x67, 0x29, 0x3b,
  0x0a, 0x20, 0x20, 0x20, 0x20, 0x73, 0x76, 0x28, 0x22, 0x74, 0x65, 0x78,
  0x74, 0x22, 0x2c, 0x20, 0x7b, 0x20, 0x78, 0x3a, 0x20, 0x74, 0x5b, 0x31,
  0x5d, 0x20, 0x2b, 0x20, 0x33, 0x38, 0x2c, 0x20, 0x79, 0x3a, 0x20, 0x31,
  0x20, 0x7d, 0x2c, 0x20, 0x67, 0x29, 0x2e, 0x74, 0x65, 0x78, 0x74, 0x43,
  0x6f, 0x6e, 0x74, 0x65, 0x6e, 0x74, 0x20, 0x3d, 0x20, 0x6c, 0x61, 0x62,
  0x20, 0x7c, 0x7c, 0x20, 0x28, 0x74, 0x5b, 0x30, 0x5d, 0x20, 0x3f, 0x20,
  0x22, 0x52, 0x32, 0x22, 0x20, 0x3a, 0x20, 0x22, 0x4c, 0x32, 0x22, 0x29,
  0x3b, 0x0a, 0x20, 0x20, 0x7d, 0x29, 0x3b, 0x0a, 0x20, 0x20, 0x5b, 0x5b,
  0x22, 0x6c, 0x31, 0x22, 0x2c, 0x20, 0x34, 0x30, 0x2c, 0x20, 0x30, 0x5d,
  0x2c, 0x20, 0x5b, 0x22, 0x72, 0x31, 0x22, 0x2c, 0x20, 0x32, 0x31, 0x36,
  0x2c, 0x20, 0x32, 0x5d, 0x5d, 0x2e, 0x66, 0x6f, 0x72, 0x45, 0x61, 0x63,
  0x68, 0x28, 0x66, 0x75, 0x6e, 0x63, 0x74, 0x69, 0x6f, 0x6e, 0x20, 0x28,
  0x62, 0x29, 0x20, 0x7b, 0x0a, 0x20, 0x20, 0x20, 0x20, 0x76, 0x61, 0x72,
  0x20, 0x67, 0x20, 0x3d, 0x20, 0x6b, 0x65, 0x79, 0x28, 0x62, 0x5b, 0x30,
  0x5d, 0x2c, 0x20, 0x73, 0x76, 0x28, 0x22, 0x67, 0x22, 0x2c, 0x20, 0x7b,
  0x7d, 0x2c, 0x20, 0x73, 0x29, 0x29, 0x3b, 0x0a, 0x20, 0x20, 0x20, 0x20,
  0x73, 0x76, 0x28, 0x22, 0x70, 0x61, 0x74, 0x68, 0x22, 0x2c, 0x20, 0x7b,
  0x20, 0x64, 0x3a, 0x20, 0x22, 0x4d, 0x22, 0x20, 0x2b, 0x20, 0x62, 0x5b,
  0x31, 0x5d, 0x20, 0x2b, 0x20, 0x22, 0x20, 0x33, 0x32, 0x20, 0x51, 0x22,
  0x20, 0x2b, 0x20, 0x28, 0x62, 0x5b, 0x31, 0x5d, 0x20, 0x2b, 0x20, 0x33,
  0x32, 0x29, 0x20, 0x2b, 0x20, 0x22, 0x20, 0x31, 0x34, 0x20, 0x22, 0x20,
  0x2b, 0x20, 0x28, 0x62, 0x5b, 0x31, 0x5d, 0x20, 0x2b, 0x20, 0x36, 0x34,
  0x29, 0x20, 0x2b, 0x20, 0x22, 0x20, 0x32, 0x36, 0x20, 0x4c, 0x22, 0x20,
  0x2b, 0x20, 0x28, 0x62, 0x5b, 0x31, 0x5d, 0x20, 0x2b, 0x20, 0x36, 0x34,
  0x29, 0x20, 0x2b, 0x20, 0x22, 0x20, 0x33, 0x30, 0x20, 0x48, 0x22, 0x20,
  0x2b, 0x20, 0x62, 0x5b, 0x31, 0x5d, 0x20, 0x2b, 0x20, 0x22, 0x20, 0x5a,
  0x22, 0x2c, 0x20, 0x22, 0x63, 0x6c, 0x61, 0x73, 0x73, 0x22, 0x3a, 0x20,
  0x22, 0x6b, 0x22, 0x20, 0x7d, 0x2c, 0x20, 0x67, 0x29, 0x3b, 0x0a, 0x20,
  0x20, 0x20, 0x20, 0x73, 0x76, 0x28, 0x22, 0x74, 0x65, 0x78, 0x74, 0x22,
  0x2c, 0x20, 0x7b, 0x20, 0x78, 0x3a, 0x20, 0x62, 0x5b, 0x31, 0x5d, 0x20,
  0x2b, 0x20, 0x33, 0x32, 0x2c, 0x20, 0x79, 0x3a, 0x20, 0x32, 0x34, 0x20,
  0x7d, 0x2c, 0x20, 0x67, 0x29, 0x2e, 0x74, 0x65, 0x78, 0x74, 0x43, 0x6f,
  0x6e, 0x74, 0x65, 0x6e, 0x74, 0x20, 0x3d, 0x20, 0x46, 0x2e, 0x73, 0x68,
  0x5b, 0x62, 0x5b, 0x32, 0x5d, 0x5d, 0x3b, 0x0a, 0x20, 0x20, 0x7d, 0x29,
  0x3b, 0x0a, 0x20, 0x20, 0x73, 0x76, 0x28, 0x22, 0x70, 0x61, 0x74, 0x68,
  0x22, 0x2c, 0x20, 0x7b, 0x20, 0x64, 0x3a, 0x20, 0x42, 0x4f, 0x44, 0x59,
  0x5b, 0x46, 0x2e, 0x62, 0x6f, 0x64, 0x79, 0x5d, 0x2c, 0x20, 0x22, 0x63,
  0x6c, 0x61, 0x73, 0x73, 0x22, 0x3a, 0x20, 0x22, 0x62, 0x6f, 0x64, 0x79,
  0x22, 0x20, 0x7d, 0x2c, 0x20, 0x73, 0x29, 0x3b, 0x0a, 0x20, 0x20, 0x69,
  0x66, 0x20, 0x28, 0x46, 0x2e, 0x64, 0x65, 0x63, 0x6f, 0x20, 0x3d, 0x3d,
  0x3d, 0x20, 0x22, 0x6c, 0x69, 0x67, 0x68, 0x74, 0x62, 0x61, 0x72, 0x22,
  0x29, 0x20, 0x73, 0x76, 0x28, 0x22, 0x72, 0x65, 0x63, 0x74, 0x22, 0x2c,
  0x20, 0x7b, 0x20, 0x78, 0x3a, 0x20, 0x31, 0x32, 0x36, 0x2c, 0x20, 0x79,
  0x3a, 0x20, 0x33, 0x38, 0x2c, 0x20, 0x77, 0x69, 0x64, 0x74, 0x68, 0x3a,
  0x20, 0x36, 0x38, 0x2c, 0x20, 0x68, 0x65, 0x69, 0x67, 0x68, 0x74, 0x3a,
  0x20, 0x34, 0x2c, 0x20, 0x72, 0x78, 0x3a, 0x20, 0x32, 0x2c, 0x20, 0x66,
  0x69, 0x6c, 0x6c, 0x3a, 0x20, 0x22, 0x23, 0x34, 0x64, 0x38, 0x62, 0x66,
  0x66, 0x22, 0x20, 0x7d, 0x2c, 0x20, 0x73, 0x29, 0x3b, 0x0a, 0x20, 0x20,
  0x69, 0x66, 0x20, 0x28, 0x46, 0x2e, 0x64, 0x65, 0x63, 0x6f, 0x20, 0x3d,
  0x3d, 0x3d, 0x20, 0x22, 0x6d, 0x69, 0x63, 0x22, 0x29, 0x20, 0x73, 0x76,
  0x28, 0x22, 0x72, 0x65, 0x63, 0x74, 0x22, 0x2c, 0x20, 0x7b, 0x20, 0x78,
  0x3a, 0x20, 0x31, 0x35, 0x30, 0x2c, 0x20, 0x79, 0x3a, 0x20, 0x31, 0x30,
  0x30, 0x2c, 0x20, 0x77, 0x69, 0x64, 0x74, 0x68, 0x3a, 0x20, 0x32, 0x30,
  0x2c, 0x20, 0x68, 0x65, 0x69, 0x67, 0x68, 0x74, 0x3a, 0x20, 0x34, 0x2c,
  0x20, 0x72, 0x78, 0x3a, 0x20, 0x32, 0x2c, 0x20, 0x66, 0x69, 0x6c, 0x6c,
  0x3a, 0x20, 0x22, 0x23, 0x66, 0x66, 0x38, 0x61, 0x33, 0x64, 0x22, 0x20,
  0x7d, 0x2c, 0x20, 0x73, 0x29, 0x3b, 0x0a, 0x20, 0x20, 0x69, 0x66, 0x20,
  0x28, 0x46, 0x2e, 0x64, 0x65, 0x63, 0x6f, 0x20, 0x3d, 0x3d, 0x3d, 0x20,
  0x22, 0x66, 0x6e, 0x22, 0x29, 0x20, 0x7b, 0x20, 0x73, 0x76, 0x28, 0x22,
  0x72, 0x65, 0x63, 0x74, 0x22, 0x2c, 0x20, 0x7b, 0x20, 0x78, 0x3a, 0x20,
  0x31, 0x30, 0x34, 0x2c, 0x20, 0x79, 0x3a, 0x20, 0x31, 0x32, 0x30, 0x2c,
  0x20, 0x77, 0x69, 0x64, 0x74, 0x68, 0x3a, 0x20, 0x31, 0x38, 0x2c, 0x20,
  0x68, 0x65, 0x69, 0x67, 0x68, 0x74, 0x3a, 0x20, 0x38, 0x2c, 0x20, 0x72,
  0x78, 0x3a, 0x20, 0x34, 0x2c, 0x20, 0x22, 0x63, 0x6c, 0x61, 0x73, 0x73,
  0x22, 0x3a, 0x20, 0x22, 0x77, 0x65, 0x6c, 0x6c, 0x22, 0x20, 0x7d, 0x2c,
  0x20, 0x73, 0x29, 0x3b, 0x20, 0x73, 0x76, 0x28, 0x22, 0x72, 0x65, 0x63,
  0x74, 0x22, 0x2c, 0x20, 0x7b, 0x20, 0x78, 0x3a, 0x20, 0x31, 0x39, 0x38,
  0x2c, 0x20, 0x79, 0x3a, 0x20, 0x31, 0x32, 0x30, 0x2c, 0x20, 0x77, 0x69,
  0x64, 0x74, 0x68, 0x3a, 0x20, 0x31, 0x38, 0x2c, 0x20, 0x68, 0x65, 0x69,
  0x67, 0x68, 0x74, 0x3a, 0x20, 0x38, 0x2c, 0x20, 0x72, 0x78, 0x3a, 0x20,
  0x34, 0x2c, 0x20, 0x22, 0x63, 0x6c, 0x61, 0x73, 0x73, 0x22, 0x3a, 0x20,
  0x22, 0x77, 0x65, 0x6c, 0x6c, 0x22, 0x20, 0x7d, 0x2c, 0x20, 0x73, 0x29,
  0x3b, 0x20, 0x7d, 0x0a, 0x20, 0x20, 0x69, 0x66, 0x20, 0x28, 0x46, 0x2e,
  0x64, 0x65, 0x63, 0x6f, 0x20, 0x3d, 0x3d, 0x3d, 0x20, 0x22, 0x70, 0x61,
  0x64, 0x64, 0x6c, 0x65, 0x73, 0x34, 0x22, 0x20, 0x7c, 0x7c, 0x20, 0x46,
  0x2e, 0x64, 0x65, 0x63, 0x6f, 0x20, 0x3d, 0x3d, 0x3d, 0x20, 0x22, 0x70,
  0x61, 0x64, 0x64, 0x6c, 0x65, 0x73, 0x32, 0x22, 0x29, 0x20, 0x7b, 0x0a,
  0x20, 0x20, 0x20, 0x20, 0x76, 0x61, 0x72, 0x20, 0x70, 0x70, 0x20, 0x3d,
  0x20, 0x46, 0x2e, 0x64, 0x65, 0x63, 0x6f, 0x20, 0x3d, 0x3d, 0x3d, 0x20,
  0x22, 0x70, 0x61, 0x64, 0x64, 0x6c, 0x65, 0x73, 0x34, 0x22, 0x20, 0x3f,
  0x20, 0x5b, 0x5b, 0x35, 0x38, 0x2c, 0x20, 0x31, 0x37, 0x36, 0x5d, 0x2c,
  0x20, 0x5b, 0x37, 0x38, 0x2c, 0x20, 0x31, 0x38, 0x34, 0x5d, 0x2c, 0x20,
  0x5b, 0x32, 0x34, 0x32, 0x2c, 0x20, 0x31, 0x38, 0x34, 0x5d, 0x2c, 0x20,
  0x5b, 0x32, 0x36, 0x32, 0x2c, 0x20, 0x31, 0x37, 0x36, 0x5d, 0x5d, 0x20,
  0x3a, 0x20, 0x5b, 0x5b, 0x37, 0x30, 0x2c, 0x20, 0x31, 0x38, 0x32, 0x5d,
  0x2c, 0x20, 0x5b, 0x32, 0x35, 0x30, 0x2c, 0x20, 0x31, 0x38, 0x32, 0x5d,
  0x5d, 0x3b, 0x0a, 0x20, 0x20, 0x20, 0x20, 0x70, 0x70, 0x2e, 0x66, 0x6f,
  0x72, 0x45, 0x61, 0x63, 0x68, 0x28, 0x66, 0x75, 0x6e, 0x63, 0x74, 0x69,
  0x6f, 0x6e, 0x20, 0x28, 0x71, 0x2c, 0x20, 0x69, 0x29, 0x20, 0x7b, 0x20,
  0x73, 0x76, 0x28, 0x22, 0x72, 0x65, 0x63, 0x74, 0x22, 0x2c, 0x20, 0x7b,
  0x20, 0x78, 0x3a, 0x20, 0x71, 0x5b, 0x30, 0x5d, 0x20, 0x2d, 0x20, 0x39,
  0x2c, 0x20, 0x79, 0x3a, 0x20, 0x71, 0x5b, 0x31, 0x5d, 0x20, 0x2d, 0x20,
  0x35, 0x2c, 0x20, 0x77, 0x69, 0x64, 0x74, 0x68, 0x3a, 0x20, 0x31, 0x38,
  0x2c, 0x20, 0x68, 0x65, 0x69, 0x67, 0x68, 0x74, 0x3a, 0x20, 0x31, 0x30,
  0x2c, 0x20, 0x72, 0x78, 0x3a, 0x20, 0x35, 0x2c, 0x20, 0x66, 0x69, 0x6c,
  0x6c, 0x3a, 0x20, 0x22, 0x23, 0x33, 0x61, 0x33, 0x35, 0x34, 0x32, 0x22,
  0x20, 0x7d, 0x2c, 0x20, 0x73, 0x29, 0x3b, 0x0a, 0x20, 0x20, 0x20, 0x20,
  0x20, 0x20, 0x76, 0x61, 0x72, 0x20, 0x74, 0x78, 0x20, 0x3d, 0x20, 0x73,
  0x76, 0x28, 0x22, 0x74, 0x65, 0x78, 0x74, 0x22, 0x2c, 0x20, 0x7b, 0x20,
  0x78, 0x3a, 0x20, 0x71, 0x5b, 0x30, 0x5d, 0x2c, 0x20, 0x79, 0x3a, 0x20,
  0x71, 0x5b, 0x31, 0x5d, 0x20, 0x2b, 0x20, 0x31, 0x34, 0x20, 0x7d, 0x2c,
  0x20, 0x73, 0x29, 0x3b, 0x20, 0x74, 0x78, 0x2e, 0x74, 0x65, 0x78, 0x74,
  0x43, 0x6f, 0x6e, 0x74, 0x65, 0x6e, 0x74, 0x20, 0x3d, 0x20, 0x22, 0x50,
  0x22, 0x20, 0x2b, 0x20, 0x28, 0x69, 0x20, 0x2b, 0x20, 0x31, 0x29, 0x3b,
  0x20, 0x74, 0x78, 0x2e, 0x73, 0x65, 0x74, 0x41, 0x74, 0x74, 0x72, 0x69,
  0x62, 0x75, 0x74, 0x65, 0x28, 0x22, 0x73, 0x74, 0x79, 0x6c, 0x65, 0x22,
  0x2c, 0x20, 0x22, 0x66, 0x6f, 0x6e, 0x74, 0x2d, 0x73, 0x69, 0x7a, 0x65,
  0x3a, 0x38, 0x70, 0x78, 0x3b, 0x66, 0x69, 0x6c, 0x6c, 0x3a, 0x23, 0x36,
  0x61, 0x36, 0x33, 0x37, 0x35, 0x22, 0x29, 0x3b, 0x20, 0x7d, 0x29, 0x3b,
  0x0a, 0x20, 0x20, 0x7d, 0x0a, 0x20, 0x20, 0x69, 0x66, 0x20, 0x28, 0x46,
  0x2e, 0x62, 0x6f, 0x64, 0x79, 0x20, 0x3d, 0x3d, 0x3d, 0x20, 0x22, 0x70,
  0x73, 0x22, 0x20, 0x7c, 0x7c, 0x20, 0x46, 0x2e, 0x62, 0x6f, 0x64, 0x79,
  0x20, 0x3d, 0x3d, 0x3d, 0x20, 0x22, 0x64, 0x73, 0x35, 0x22, 0x29, 0x20,
  0x73, 0x76, 0x28, 0x22, 0x72, 0x65, 0x63, 0x74, 0x22, 0x2c, 0x20, 0x7b,
  0x20, 0x78, 0x3a, 0x20, 0x31, 0x32, 0x32, 0x2c, 0x20, 0x79, 0x3a, 0x20,
  0x34, 0x34, 0x2c, 0x20, 0x77, 0x69, 0x64, 0x74, 0x68, 0x3a, 0x20, 0x37,
  0x36, 0x2c, 0x20, 0x68, 0x65, 0x69, 0x67, 0x68, 0x74, 0x3a, 0x20, 0x35,
  0x30, 0x2c, 0x20, 0x72, 0x78, 0x3a, 0x20, 0x38, 0x2c, 0x20, 0x22, 0x63,
  0x6c, 0x61, 0x73, 0x73, 0x22, 0x3a, 0x20, 0x22, 0x77, 0x65, 0x6c, 0x6c,
  0x22, 0x20, 0x7d, 0x2c, 0x20, 0x73, 0x29, 0x3b, 0x0a, 0x20, 0x20, 0x5b,
  0x5b, 0x22, 0x6c, 0x73, 0x22, 0x2c, 0x20, 0x22, 0x6c, 0x33, 0x22, 0x5d,
  0x2c, 0x20, 0x5b, 0x22, 0x72, 0x73, 0x22, 0x2c, 0x20, 0x22, 0x72, 0x33,
  0x22, 0x5d, 0x5d, 0x2e, 0x66, 0x6f, 0x72, 0x45, 0x61, 0x63, 0x68, 0x28,
  0x66, 0x75, 0x6e, 0x63, 0x74, 0x69, 0x6f, 0x6e, 0x20, 0x28, 0x6b, 0x29,
  0x20, 0x7b, 0x0a, 0x20, 0x20, 0x20, 0x20, 0x76, 0x61, 0x72, 0x20, 0x70,
  0x20, 0x3d, 0x20, 0x46, 0x5b, 0x6b, 0x5b, 0x30, 0x5d, 0x5d, 0x3b, 0x0a,
  0x20, 0x20, 0x20, 0x20, 0x69, 0x66, 0x20, 0x28, 0x21, 0x70, 0x29, 0x20,
  0x7b, 0x20, 0x63, 0x5b, 0x6b, 0x5b, 0x30, 0x5d, 0x5d, 0x20, 0x3d, 0x20,
  0x6e, 0x75, 0x6c, 0x6c, 0x3b, 0x20, 0x72, 0x65, 0x74, 0x75, 0x72, 0x6e,
  0x3b, 0x20, 0x7d, 0x0a, 0x20, 0x20, 0x20, 0x20, 0x76, 0x61, 0x72, 0x20,
  0x67, 0x20, 0x3d, 0x20, 0x6b, 0x65, 0x79, 0x28, 0x6b, 0x5b, 0x31, 0x5d,
  0x2c, 0x20, 0x73, 0x76, 0x28, 0x22, 0x67, 0x22, 0x2c, 0x20, 0x7b, 0x7d,
  0x2c, 0x20, 0x73, 0x29, 0x29, 0x3b, 0x0a, 0x20, 0x20, 0x20, 0x20, 0x73,
  0x76, 0x28, 0x22, 0x63, 0x69, 0x72, 0x63, 0x6c, 0x65, 0x22, 0x2c, 0x20,
  0x7b, 0x20, 0x63, 0x78, 0x3a, 0x20, 0x70, 0x5b, 0x30, 0x5d, 0x2c, 0x20,
  0x63, 0x79, 0x3a, 0x20, 0x70, 0x5b, 0x31, 0x5d, 0x2c, 0x20, 0x72, 0x3a,
  0x20, 0x32, 0x34, 0x2c, 0x20, 0x22, 0x63, 0x6c, 0x61, 0x73, 0x73, 0x22,
  0x3a, 0x20, 0x22, 0x77, 0x65, 0x6c, 0x6c, 0x22, 0x20, 0x7d, 0x2c, 0x20,
  0x67, 0x29, 0x3b, 0x0a, 0x20, 0x20, 0x20, 0x20, 0x63, 0x5b, 0x6b, 0x5b,
  0x30, 0x5d, 0x5d, 0x20, 0x3d, 0x20, 0x7b, 0x20, 0x6e, 0x3a, 0x20, 0x73,
  0x76, 0x28, 0x22, 0x63, 0x69, 0x72, 0x63, 0x6c, 0x65, 0x22, 0x2c, 0x20,
  0x7b, 0x20, 0x63, 0x78, 0x3a, 0x20, 0x70, 0x5b, 0x30, 0x5d, 0x2c, 0x20,
  0x63, 0x79, 0x3a, 0x20, 0x70, 0x5b, 0x31, 0x5d, 0x2c, 0x20, 0x72, 0x3a,
  0x20, 0x31, 0x33, 0x2c, 0x20, 0x22, 0x63, 0x6c, 0x61, 0x73, 0x73, 0x22,
  0x3a, 0x20, 0x22, 0x6e, 0x75, 0x62, 0x22, 0x20, 0x7d, 0x2c, 0x20, 0x67,
  0x29, 0x2c, 0x20, 0x78, 0x3a, 0x20, 0x70, 0x5b, 0x30, 0x5d, 0x2c, 0x20,
  0x79, 0x3a, 0x20, 0x70, 0x5b, 0x31, 0x5d, 0x20, 0x7d, 0x3b, 0x0a, 0x20,
  0x20, 0x7d, 0x29, 0x3b, 0x0a, 0x20, 0x20, 0x76, 0x61, 0x72, 0x20, 0x64,
  0x20, 0x3d, 0x20, 0x46, 0x2e, 0x64, 0x70, 0x3b, 0x0a, 0x20, 0x20, 0x5b,
  0x5b, 0x22, 0x75, 0x70, 0x22, 0x2c, 0x20, 0x30, 0x2c, 0x20, 0x2d, 0x31,
  0x35, 0x5d, 0x2c, 0x20, 0x5b, 0x22, 0x64, 0x6f, 0x77, 0x6e, 0x22, 0x2c,
  0x20, 0x30, 0x2c, 0x20, 0x31, 0x35, 0x5d, 0x2c, 0x20, 0x5b, 0x22, 0x6c,
  0x65, 0x66, 0x74, 0x22, 0x2c, 0x20, 0x2d, 0x31, 0x35, 0x2c, 0x20, 0x30,
  0x5d, 0x2c, 0x20, 0x5b, 0x22, 0x72, 0x69, 0x67, 0x68, 0x74, 0x22, 0x2c,
  0x20, 0x31, 0x35, 0x2c, 0x20, 0x30, 0x5d, 0x5d, 0x2e, 0x66, 0x6f, 0x72,
  0x45, 0x61, 0x63, 0x68, 0x28, 0x66, 0x75, 0x6e, 0x63, 0x74, 0x69, 0x6f,
  0x6e, 0x20, 0x28, 0x61, 0x29, 0x20, 0x7b, 0x0a, 0x20, 0x20, 0x20, 0x20,
  0x76, 0x61, 0x72, 0x20, 0x67, 0x20, 0x3d, 0x20, 0x6b, 0x65, 0x79, 0x28,
  0x61, 0x5b, 0x30, 0x5d, 0x2c, 0x20, 0x73, 0x76, 0x28, 0x22, 0x67, 0x22,
  0x2c, 0x20, 0x7b, 0x7d, 0x2c, 0x20, 0x73, 0x29, 0x29, 0x3b, 0x0a, 0x20,
  0x20, 0x20, 0x20, 0x73, 0x76, 0x28, 0x22, 0x72, 0x65, 0x63, 0x74, 0x22,
  0x2c, 0x20, 0x7b, 0x20, 0x78, 0x3a, 0x20, 0x64, 0x5b, 0x30, 0x5d, 0x20,
  0x2b, 0x20, 0x61, 0x5b, 0x31, 0x5d, 0x20, 0x2d, 0x20, 0x38, 0x2c, 0x20,
  0x79, 0x3a, 0x20, 0x64, 0x5b, 0x31, 0x5d, 0x20, 0x2b, 0x20, 0x61, 0x5b,
  0x32, 0x5d, 0x20, 0x2d, 0x20, 0x38, 0x2c, 0x20, 0x77, 0x69, 0x64, 0x74,
  0x68, 0x3a, 0x20, 0x31, 0x36, 0x2c, 0x20, 0x68, 0x65, 0x69, 0x67, 0x68,
  0x74, 0x3a, 0x20, 0x31, 0x36, 0x2c, 0x20, 0x72, 0x78, 0x3a, 0x20, 0x33,
  0x2c, 0x20, 0x22, 0x63, 0x6c, 0x61, 0x73, 0x73, 0x22, 0x3a, 0x20, 0x22,
  0x6b, 0x22, 0x20, 0x7d, 0x2c, 0x20, 0x67, 0x29, 0x3b, 0x0a, 0x20, 0x20,
  0x20, 0x20, 0x73, 0x76, 0x28, 0x22, 0x74, 0x65, 0x78, 0x74, 0x22, 0x2c,
  0x20, 0x7b, 0x20, 0x78, 0x3a, 0x20, 0x64, 0x5b, 0x30, 0x5d, 0x20, 0x2b,
  0x20, 0x61, 0x5b, 0x31, 0x5d, 0x2c, 0x20, 0x79, 0x3a, 0x20, 0x64, 0x5b,
  0x31, 0x5d, 0x20, 0x2b, 0x20, 0x61, 0x5b, 0x32, 0x5d, 0x20, 0x7d, 0x2c,
  0x20, 0x67, 0x29, 0x2e, 0x74, 0x65, 0x78, 0x74, 0x43, 0x6f, 0x6e, 0x74,
  0x65, 0x6e, 0x74, 0x20, 0x3d, 0x20, 0x7b, 0x20, 0x75, 0x70, 0x3a, 0x20,
  0x22, 0xe2, 0x96, 0xb2, 0x22, 0x2c, 0x20, 0x64, 0x6f, 0x77, 0x6e, 0x3a,
  0x20, 0x22, 0xe2, 0x96, 0xbc, 0x22, 0x2c, 0x20, 0x6c, 0x65, 0x66, 0x74,
  0x3a, 0x20, 0x22, 0xe2, 0x97, 0x80, 0x22, 0x2c, 0x20, 0x72, 0x69, 0x67,
  0x68, 0x74, 0x3a, 0x20, 0x22, 0xe2, 0x96, 0xb6, 0x22, 0x20, 0x7d, 0x5b,
  0x61, 0x5b, 0x30, 0x5d, 0x5d, 0x3b, 0x0a, 0x20, 0x20, 0x7d, 0x29, 0x3b,
  0x0a, 0x20, 0x20, 0x76, 0x61, 0x72, 0x20, 0x66, 0x67, 0x20, 0x3d, 0x20,
  0x73, 0x76, 0x28, 0x22, 0x67, 0x22, 0x2c, 0x20, 0x7b, 0x20, 0x22, 0x63,
  0x6c, 0x61, 0x73, 0x73, 0x22, 0x3a, 0x20, 0x22, 0x66, 0x61, 0x63, 0x65,
  0x22, 0x20, 0x7d, 0x2c, 0x20, 0x73, 0x29, 0x3b, 0x0a, 0x20, 0x20, 0x69,
  0x66, 0x20, 0x28, 0x46, 0x2e, 0x66, 0x63, 0x29, 0x20, 0x7b, 0x0a, 0x20,
  0x20, 0x20, 0x20, 0x76, 0x61, 0x72, 0x20, 0x66, 0x20, 0x3d, 0x20, 0x46,
  0x2e, 0x66, 0x63, 0x3b, 0x0a, 0x20, 0x20, 0x20, 0x20, 0x5b, 0x5b, 0x22,
  0x74, 0x72, 0x69, 0x61, 0x6e, 0x67, 0x6c, 0x65, 0x22, 0x2c, 0x20, 0x30,
  0x2c, 0x20, 0x2d, 0x32, 0x30, 0x5d, 0x2c, 0x20, 0x5b, 0x22, 0x63, 0x69,
  0x72, 0x63, 0x6c, 0x65, 0x22, 0x2c, 0x20, 0x32, 0x30, 0x2c, 0x20, 0x30,
  0x5d, 0x2c, 0x20, 0x5b, 0x22, 0x63, 0x72, 0x6f, 0x73, 0x73, 0x22, 0x2c,
  0x20, 0x30, 0x2c, 0x20, 0x32, 0x30, 0x5d, 0x2c, 0x20, 0x5b, 0x22, 0x73,
  0x71, 0x75, 0x61, 0x72, 0x65, 0x22, 0x2c, 0x20, 0x2d, 0x32, 0x30, 0x2c,
  0x20, 0x30, 0x5d, 0x5d, 0x2e, 0x66, 0x6f, 0x72, 0x45, 0x61, 0x63, 0x68,
  0x28, 0x66, 0x75, 0x6e, 0x63, 0x74, 0x69, 0x6f, 0x6e, 0x20, 0x28, 0x61,
  0x29, 0x20, 0x7b, 0x0a, 0x20, 0x20, 0x20, 0x20, 0x20, 0x20, 0x76, 0x61,
  0x72, 0x20, 0x4c, 0x20, 0x3d, 0x20, 0x46, 0x2e, 0x66, 0x61, 0x63, 0x65,
  0x5b, 0x61, 0x5b, 0x30, 0x5d, 0x5d, 0x3b, 0x20, 0x62, 0x74, 0x6e, 0x28,
  0x61, 0x5b, 0x30, 0x5d, 0x2c, 0x20, 0x66, 0x5b, 0x30, 0x5d, 0x20, 0x2b,
  0x20, 0x61, 0x5b, 0x31, 0x5d, 0x2c, 0x20, 0x66, 0x5b, 0x31, 0x5d, 0x20,
  0x2b, 0x20, 0x61, 0x5b, 0x32, 0x5d, 0x2c, 0x20, 0x31, 0x31, 0x2c, 0x20,
  0x4c, 0x5b, 0x30, 0x5d, 0x2c, 0x20, 0x4c, 0x5b, 0x31, 0x5d, 0x2c, 0x20,
  0x66, 0x67, 0x29, 0x3b, 0x0a, 0x20, 0x20, 0x20, 0x20, 0x7d, 0x29, 0x3b,
  0x0a, 0x20, 0x20, 0x7d, 0x20, 0x65, 0x6c, 0x73, 0x65, 0x20, 0x69, 0x66,
  0x20, 0x28, 0x46, 0x2e, 0x61, 0x64, 0x61, 0x70, 0x74, 0x29, 0x20, 0x7b,
  0x0a, 0x20, 0x20, 0x20, 0x20, 0x62, 0x74, 0x6e, 0x28, 0x22, 0x63, 0x72,
  0x6f, 0x73, 0x73, 0x22, 0x2c, 0x20, 0x31, 0x39, 0x30, 0x2c, 0x20, 0x31,
  0x32, 0x30, 0x2c, 0x20, 0x33, 0x34, 0x2c, 0x20, 0x22, 0x41, 0x22, 0x2c,
  0x20, 0x22, 0x23, 0x33, 0x64, 0x64, 0x63, 0x35, 0x61, 0x22, 0x2c, 0x20,
  0x66, 0x67, 0x29, 0x3b, 0x20, 0x62, 0x74, 0x6e, 0x28, 0x22, 0x63, 0x69,
  0x72, 0x63, 0x6c, 0x65, 0x22, 0x2c, 0x20, 0x32, 0x36, 0x38, 0x2c, 0x20,
  0x31, 0x32, 0x30, 0x2c, 0x20, 0x33, 0x34, 0x2c, 0x20, 0x22, 0x42, 0x22,
  0x2c, 0x20, 0x22, 0x23, 0x65, 0x38, 0x34, 0x31, 0x33, 0x63, 0x22, 0x2c,
  0x20, 0x66, 0x67, 0x29, 0x3b, 0x0a, 0x20, 0x20, 0x20, 0x20, 0x62, 0x74,
  0x6e, 0x28, 0x22, 0x73, 0x71, 0x75, 0x61, 0x72, 0x65, 0x22, 0x2c, 0x20,
  0x32, 0x31, 0x34, 0x2c, 0x20, 0x36, 0x34, 0x2c, 0x20, 0x38, 0x2c, 0x20,
  0x22, 0x58, 0x22, 0x2c, 0x20, 0x22, 0x22, 0x2c, 0x20, 0x66, 0x67, 0x29,
  0x3b, 0x20, 0x62, 0x74, 0x6e, 0x28, 0x22, 0x74, 0x72, 0x69, 0x61, 0x6e,
  0x67, 0x6c, 0x65, 0x22, 0x2c, 0x20, 0x32, 0x33, 0x36, 0x2c, 0x20, 0x36,
  0x34, 0x2c, 0x20, 0x38, 0x2c, 0x20, 0x22, 0x59, 0x22, 0x2c, 0x20, 0x22,
  0x22, 0x2c, 0x20, 0x66, 0x67, 0x29, 0x3b, 0x0a, 0x20, 0x20, 0x7d, 0x20,
  0x65, 0x6c, 0x73, 0x65, 0x20, 0x69, 0x66, 0x20, 0x28, 0x46, 0x2e, 0x6e,
  0x36, 0x34, 0x29, 0x20, 0x7b, 0x0a, 0x20, 0x20, 0x20, 0x20, 0x62, 0x74,
  0x6e, 0x28, 0x22, 0x63, 0x72, 0x6f, 0x73, 0x73, 0x22, 0x2c, 0x20, 0x32,
  0x35, 0x32, 0x2c, 0x20, 0x31, 0x30, 0x34, 0x2c, 0x20, 0x31, 0x33, 0x2c,
  0x20, 0x22, 0x41, 0x22, 0x2c, 0x20, 0x22, 0x23, 0x33, 0x66, 0x38, 0x63,
  0x66, 0x66, 0x22, 0x2c, 0x20, 0x66, 0x67, 0x29, 0x3b, 0x20, 0x62, 0x74,
  0x6e, 0x28, 0x22, 0x73, 0x71, 0x75, 0x61, 0x72, 0x65, 0x22, 0x2c, 0x20,
  0x32, 0x32, 0x36, 0x2c, 0x20, 0x38, 0x36, 0x2c, 0x20, 0x31, 0x33, 0x2c,
  0x20, 0x22, 0x42, 0x22, 0x2c, 0x20, 0x22, 0x23, 0x33, 0x64, 0x64, 0x63,
  0x35, 0x61, 0x22, 0x2c, 0x20, 0x66, 0x67, 0x29, 0x3b, 0x0a, 0x20, 0x20,
  0x20, 0x20, 0x62, 0x74, 0x6e, 0x28, 0x22, 0x74, 0x72, 0x69, 0x61, 0x6e,
  0x67, 0x6c, 0x65, 0x22, 0x2c, 0x20, 0x32, 0x36, 0x38, 0x2c, 0x20, 0x36,
  0x34, 0x2c, 0x20, 0x38, 0x2c, 0x20, 0x22, 0x43, 0xe2, 0x96, 0xb2, 0x22,
  0x2c, 0x20, 0x22, 0x23, 0x66, 0x35, 0x63, 0x35, 0x31, 0x38, 0x22, 0x2c,
  0x20, 0x66, 0x67, 0x29, 0x3b, 0x20, 0x62, 0x74, 0x6e, 0x28, 0x22, 0x63,
  0x69, 0x72, 0x63, 0x6c, 0x65, 0x22, 0x2c, 0x20, 0x32, 0x38, 0x36, 0x2c,
  0x20, 0x38, 0x30, 0x2c, 0x20, 0x38, 0x2c, 0x20, 0x22, 0x43, 0xe2, 0x96,
  0xb6, 0x22, 0x2c, 0x20, 0x22, 0x23, 0x66, 0x35, 0x63, 0x35, 0x31, 0x38,
  0x22, 0x2c, 0x20, 0x66, 0x67, 0x29, 0x3b, 0x0a, 0x20, 0x20, 0x7d, 0x20,
  0x65, 0x6c, 0x73, 0x65, 0x20, 0x69, 0x66, 0x20, 0x28, 0x46, 0x2e, 0x6d,
  0x64, 0x29, 0x20, 0x7b, 0x0a, 0x20, 0x20, 0x20, 0x20, 0x62, 0x74, 0x6e,
  0x28, 0x22, 0x73, 0x71, 0x75, 0x61, 0x72, 0x65, 0x22, 0x2c, 0x20, 0x32,
  0x30, 0x30, 0x2c, 0x20, 0x31, 0x32, 0x34, 0x2c, 0x20, 0x31, 0x33, 0x2c,
  0x20, 0x22, 0x41, 0x22, 0x2c, 0x20, 0x22, 0x22, 0x2c, 0x20, 0x66, 0x67,
  0x29, 0x3b, 0x20, 0x62, 0x74, 0x6e, 0x28, 0x22, 0x63, 0x72, 0x6f, 0x73,
  0x73, 0x22, 0x2c, 0x20, 0x32, 0x33, 0x32, 0x2c, 0x20, 0x31, 0x31, 0x36,
  0x2c, 0x20, 0x31, 0x33, 0x2c, 0x20, 0x22, 0x42, 0x22, 0x2c, 0x20, 0x22,
  0x22, 0x2c, 0x20, 0x66, 0x67, 0x29, 0x3b, 0x20, 0x62, 0x74, 0x6e, 0x28,
  0x22, 0x63, 0x69, 0x72, 0x63, 0x6c, 0x65, 0x22, 0x2c, 0x20, 0x32, 0x36,
  0x34, 0x2c, 0x20, 0x31, 0x30, 0x38, 0x2c, 0x20, 0x31, 0x33, 0x2c, 0x20,
  0x22, 0x43, 0x22, 0x2c, 0x20, 0x22, 0x22, 0x2c, 0x20, 0x66, 0x67, 0x29,
  0x3b, 0x0a, 0x20, 0x20, 0x20, 0x20, 0x62, 0x74, 0x6e, 0x28, 0x22, 0x74,
  0x72, 0x69, 0x61, 0x6e, 0x67, 0x6c, 0x65, 0x22, 0x2c, 0x20, 0x32, 0x32,
  0x32, 0x2c, 0x20, 0x38, 0x36, 0x2c, 0x20, 0x38, 0x2c, 0x20, 0x22, 0x59,
  0x22, 0x2c, 0x20, 0x22, 0x22, 0x2c, 0x20, 0x66, 0x67, 0x29, 0x3b, 0x20,
  0x62, 0x74, 0x6e, 0x28, 0x22, 0x6c, 0x31, 0x22, 0x2c, 0x20, 0x31, 0x39,
  0x34, 0x2c, 0x20, 0x39, 0x32, 0x2c, 0x20, 0x38, 0x2c, 0x20, 0x22, 0x58,
  0x22, 0x2c, 0x20, 0x22, 0x22, 0x2c, 0x20, 0x66, 0x67, 0x29, 0x3b, 0x20,
  0x62, 0x74, 0x6e, 0x28, 0x22, 0x72, 0x31, 0x22, 0x2c, 0x20, 0x32, 0x35,
  0x30, 0x2c, 0x20, 0x38, 0x30, 0x2c, 0x20, 0x38, 0x2c, 0x20, 0x22, 0x5a,
  0x22, 0x2c, 0x20, 0x22, 0x22, 0x2c, 0x20, 0x66, 0x67, 0x29, 0x3b, 0x0a,
  0x20, 0x20, 0x7d, 0x0a, 0x20, 0x20, 0x46, 0x2e, 0x6d, 0x69, 0x64, 0x2e,
  0x66, 0x6f, 0x72, 0x45, 0x61, 0x63, 0x68, 0x28, 0x66, 0x75, 0x6e, 0x63,
  0x74, 0x69, 0x6f, 0x6e, 0x20, 0x28, 0x6d, 0x29, 0x20, 0x7b, 0x0a, 0x20,
  0x20, 0x20, 0x20, 0x76, 0x61, 0x72, 0x20, 0x67, 0x20, 0x3d, 0x20, 0x6b,
  0x65, 0x79, 0x28, 0x6d, 0x5b, 0x30, 0x5d, 0x2c, 0x20, 0x73, 0x76, 0x28,
  0x22, 0x67, 0x22, 0x2c, 0x20, 0x7b, 0x7d, 0x2c, 0x20, 0x73, 0x29, 0x29,
  0x3b, 0x0a, 0x20, 0x20, 0x20, 0x20, 0x69, 0x66, 0x20, 0x28, 0x6d, 0x5b,
  0x34, 0x5d, 0x20, 0x3d, 0x3d, 0x3d, 0x20, 0x22, 0x74, 0x22, 0x29, 0x20,
  0x7b, 0x20, 0x73, 0x76, 0x28, 0x22, 0x72, 0x65, 0x63, 0x74, 0x22, 0x2c,
  0x20, 0x7b, 0x20, 0x78, 0x3a, 0x20, 0x31, 0x32, 0x36, 0x2c, 0x20, 0x79,
  0x3a, 0x20, 0x34, 0x38, 0x2c, 0x20, 0x77, 0x69, 0x64, 0x74, 0x68, 0x3a,
  0x20, 0x36, 0x38, 0x2c, 0x20, 0x68, 0x65, 0x69, 0x67, 0x68, 0x74, 0x3a,
  0x20, 0x34, 0x32, 0x2c, 0x20, 0x72, 0x78, 0x3a, 0x20, 0x36, 0x2c, 0x20,
  0x22, 0x63, 0x6c, 0x61, 0x73, 0x73, 0x22, 0x3a, 0x20, 0x22, 0x6b, 0x22,
  0x20, 0x7d, 0x2c, 0x20, 0x67, 0x29, 0x3b, 0x20, 0x73, 0x76, 0x28, 0x22,
  0x74, 0x65, 0x78, 0x74, 0x22, 0x2c, 0x20, 0x7b, 0x20, 0x78, 0x3a, 0x20,
  0x31, 0x36, 0x30, 0x2c, 0x20, 0x79, 0x3a, 0x20, 0x36, 0x39, 0x20, 0x7d,
  0x2c, 0x20, 0x67, 0x29, 0x2e, 0x74, 0x65, 0x78, 0x74, 0x43, 0x6f, 0x6e,
  0x74, 0x65, 0x6e, 0x74, 0x20, 0x3d, 0x20, 0x22, 0x54, 0x4f, 0x55, 0x43,
  0x48, 0x22, 0x3b, 0x20, 0x72, 0x65, 0x74, 0x75, 0x72, 0x6e, 0x3b, 0x20,
  0x7d, 0x0a, 0x20, 0x20, 0x20, 0x20, 0x69, 0x66, 0x20, 0x28, 0x6d, 0x5b,
  0x34, 0x5d, 0x20, 0x3d, 0x3d, 0x3d, 0x20, 0x22, 0x67, 0x22, 0x29, 0x20,
  0x73, 0x76, 0x28, 0x22, 0x63, 0x69, 0x72, 0x63, 0x6c, 0x65, 0x22, 0x2c,
  0x20, 0x7b, 0x20, 0x63, 0x78, 0x3a, 0x20, 0x6d, 0x5b, 0x32, 0x5d, 0x2c,
  0x20, 0x63, 0x79, 0x3a, 0x20, 0x6d, 0x5b, 0x33, 0x5d, 0x2c, 0x20, 0x72,
  0x3a, 0x20, 0x31, 0x32, 0x2c, 0x20, 0x22, 0x63, 0x6c, 0x61, 0x73, 0x73,
  0x22, 0x3a, 0x20, 0x22, 0x6b, 0x22, 0x20, 0x7d, 0x2c, 0x20, 0x67, 0x29,
  0x3b, 0x0a, 0x20, 0x20, 0x20, 0x20, 0x65, 0x6c, 0x73, 0x65, 0x20, 0x69,
  0x66, 0x20, 0x28, 0x6d, 0x5b, 0x34, 0x5d, 0x20, 0x3d, 0x3d, 0x3d, 0x20,
  0x22, 0x73, 0x22, 0x29, 0x20, 0x73, 0x76, 0x28, 0x22, 0x63, 0x69, 0x72,
  0x63, 0x6c, 0x65, 0x22, 0x2c, 0x20, 0x7b, 0x20, 0x63, 0x78, 0x3a, 0x20,
  0x6d, 0x5b, 0x32, 0x5d, 0x2c, 0x20, 0x63, 0x79, 0x3a, 0x20, 0x6d, 0x5b,
  0x33, 0x5d, 0x2c, 0x20, 0x72, 0x3a, 0x20, 0x38, 0x2c, 0x20, 0x22, 0x63,
  0x6c, 0x61, 0x73, 0x73, 0x22, 0x3a, 0x20, 0x22, 0x6b, 0x22, 0x20, 0x7d,
  0x2c, 0x20, 0x67, 0x29, 0x3b, 0x0a, 0x20, 0x20, 0x20, 0x20, 0x65, 0x6c,
  0x73, 0x65, 0x20, 0x73, 0x76, 0x28, 0x22, 0x72, 0x65, 0x63, 0x74, 0x22,
  0x2c, 0x20, 0x7b, 0x20, 0x78, 0x3a, 0x20, 0x6d, 0x5b, 0x32, 0x5d, 0x20,
  0x2d, 0x20, 0x32, 0x30, 0x2c, 0x20, 0x79, 0x3a, 0x20, 0x6d, 0x5b, 0x33,
  0x5d, 0x20, 0x2d, 0x20, 0x37, 0x2c, 0x20, 0x77, 0x69, 0x64, 0x74, 0x68,
  0x3a, 0x20, 0x34, 0x30, 0x2c, 0x20, 0x68, 0x65, 0x69, 0x67, 0x68, 0x74,
  0x3a, 0x20, 0x31, 0x34, 0x2c, 0x20, 0x72, 0x78, 0x3a, 0x20, 0x37, 0x2c,
  0x20, 0x22, 0x63, 0x6c, 0x61, 0x73, 0x73, 0x22, 0x3a, 0x20, 0x22, 0x6b,
  0x22, 0x20, 0x7d, 0x2c, 0x20, 0x67, 0x29, 0x3b, 0x0a, 0x20, 0x20, 0x20,
  0x20, 0x76, 0x61, 0x72, 0x20, 0x74, 0x78, 0x20, 0x3d, 0x20, 0x73, 0x76,
  0x28, 0x22, 0x74, 0x65, 0x78, 0x74, 0x22, 0x2c, 0x20, 0x7b, 0x20, 0x78,
  0x3a, 0x20, 0x6d, 0x5b, 0x32, 0x5d, 0x2c, 0x20, 0x79, 0x3a, 0x20, 0x6d,
  0x5b, 0x34, 0x5d, 0x20, 0x3d, 0x3d, 0x3d, 0x20, 0x22, 0x72, 0x22, 0x20,
  0x3f, 0x20, 0x6d, 0x5b, 0x33, 0x5d, 0x20, 0x2b, 0x20, 0x31, 0x36, 0x20,
  0x3a, 0x20, 0x6d, 0x5b, 0x33, 0x5d, 0x20, 0x7d, 0x2c, 0x20, 0x67, 0x29,
  0x3b, 0x20, 0x74, 0x78, 0x2e, 0x74, 0x65, 0x78, 0x74, 0x43, 0x6f, 0x6e,
  0x74, 0x65, 0x6e, 0x74, 0x20, 0x3d, 0x20, 0x6d, 0x5b, 0x31, 0x5d, 0x3b,
  0x0a, 0x20, 0x20, 0x20, 0x20, 0x69, 0x66, 0x20, 0x28, 0x6d, 0x5b, 0x34,
  0x5d, 0x20, 0x3d, 0x3d, 0x3d, 0x20, 0x22, 0x72, 0x22, 0x29, 0x20, 0x74,
  0x78, 0x2e, 0x73, 0x65, 0x74, 0x41, 0x74, 0x74, 0x72, 0x69, 0x62, 0x75,
  0x74, 0x65, 0x28, 0x22, 0x73, 0x74, 0x79, 0x6c, 0x65, 0x22, 0x2c, 0x20,
  0x22, 0x66, 0x6f, 0x6e, 0x74, 0x2d, 0x73, 0x69, 0x7a, 0x65, 0x3a, 0x39,
  0x70, 0x78, 0x22, 0x29, 0x3b, 0x0a, 0x20, 0x20, 0x20, 0x20, 0x69, 0x66,
  0x20, 0x28, 0x6d, 0x5b, 0x34, 0x5d, 0x20, 0x3d, 0x3d, 0x3d, 0x20, 0x22,
  0x67, 0x22, 0x20, 0x26, 0x26, 0x20, 0x6d, 0x5b, 0x31, 0x5d, 0x2e, 0x6c,
  0x65, 0x6e, 0x67, 0x74, 0x68, 0x20, 0x3e, 0x20, 0x32, 0x29, 0x20, 0x74,
  0x78, 0x2e, 0x73, 0x65, 0x74, 0x41, 0x74, 0x74, 0x72, 0x69, 0x62, 0x75,
  0x74, 0x65, 0x28, 0x22, 0x73, 0x74, 0x79, 0x6c, 0x65, 0x22, 0x2c, 0x20,
  0x22, 0x66, 0x6f, 0x6e, 0x74, 0x2d, 0x73, 0x69, 0x7a, 0x65, 0x3a, 0x38,
  0x70, 0x78, 0x22, 0x29, 0x3b, 0x0a, 0x20, 0x20, 0x7d, 0x29, 0x3b, 0x0a,
  0x20, 0x20, 0x63, 0x2e, 0x72, 0x6f, 0x6f, 0x74, 0x2e, 0x73, 0x74, 0x79,
  0x6c, 0x65, 0x2e, 0x73, 0x65, 0x74, 0x50, 0x72, 0x6f, 0x70, 0x65, 0x72,
  0x74, 0x79, 0x28, 0x22, 0x2d, 0x2d, 0x61, 0x63, 0x63, 0x22, 0x2c, 0x20,
  0x46, 0x2e, 0x61, 0x63, 0x63, 0x29, 0x3b, 0x0a, 0x20, 0x20, 0x72, 0x65,
  0x74, 0x75, 0x72, 0x6e, 0x20, 0x73, 0x3b, 0x0a, 0x7d, 0x0a, 0x66, 0x75,
  0x6e, 0x63, 0x74, 0x69, 0x6f, 0x6e, 0x20, 0x6e, 0x65, 0x77, 0x43, 0x61,
  0x72, 0x64, 0x28, 0x70, 0x29, 0x20, 0x7b, 0x0a, 0x20, 0x20, 0x76, 0x61,
  0x72, 0x20, 0x66, 0x61, 0x6d, 0x20, 0x3d, 0x20, 0x66, 0x61, 0x6d, 0x69,
  0x6c, 0x79, 0x28, 0x70, 0x29, 0x3b, 0x0a, 0x20, 0x20, 0x76, 0x61, 0x72,
  0x20, 0x63, 0x20, 0x3d, 0x20, 0x7b, 0x20, 0x72, 0x6f, 0x6f, 0x74, 0x3a,
  0x20, 0x65, 0x6c, 0x28, 0x22, 0x64, 0x69, 0x76, 0x22, 0x2c, 0x20, 0x22,
  0x63, 0x61, 0x72, 0x64, 0x22, 0x29, 0x2c, 0x20, 0x66, 0x61, 0x6d, 0x3a,
  0x20, 0x66, 0x61, 0x6d, 0x20, 0x7d, 0x2c, 0x20, 0x74, 0x6f, 0x70, 0x20,
  0x3d, 0x20, 0x65, 0x6c, 0x28, 0x22, 0x64, 0x69, 0x76, 0x22, 0x2c, 0x20,
  0x22, 0x63, 0x74, 0x6f, 0x70, 0x22, 0x29, 0x2c, 0x20, 0x69, 0x6e, 0x70,
  0x75, 0x74, 0x20, 0x3d, 0x20, 0x65, 0x6c, 0x28, 0x22, 0x64, 0x69, 0x76,
  0x22, 0x2c, 0x20, 0x22, 0x69, 0x6e, 0x70, 0x75, 0x74, 0x22, 0x29, 0x2c,
  0x20, 0x61, 0x63, 0x74, 0x73, 0x20, 0x3d, 0x20, 0x65, 0x6c, 0x28, 0x22,
  0x64, 0x69, 0x76, 0x22, 0x2c, 0x20, 0x22, 0x61, 0x63, 0x74, 0x73, 0x22,
  0x29, 0x3b, 0x0a, 0x20, 0x20, 0x63, 0x2e, 0x72, 0x6f, 0x6f, 0x74, 0x2e,
  0x73, 0x65, 0x74, 0x41, 0x74, 0x74, 0x72, 0x69, 0x62, 0x75, 0x74, 0x65,
  0x28, 0x22, 0x64, 0x61, 0x74, 0x61, 0x2d, 0x66, 0x61, 0x6d, 0x22, 0x2c,
  0x20, 0x66, 0x61, 0x6d, 0x29, 0x3b, 0x20, 0x63, 0x2e, 0x72, 0x6f, 0x6f,
  0x74, 0x2e, 0x74, 0x69, 0x74, 0x6c, 0x65, 0x20, 0x3d, 0x20, 0x44, 0x52,
  0x41, 0x57, 0x5b, 0x66, 0x61, 0x6d, 0x5d, 0x2e, 0x6e, 0x61, 0x6d, 0x65,
  0x3b, 0x0a, 0x20, 0x20, 0x63, 0x2e, 0x6d, 0x6f, 0x64, 0x65, 0x6c, 0x20,
  0x3d, 0x20, 0x65, 0x6c, 0x28, 0x22, 0x73, 0x70, 0x61, 0x6e, 0x22, 0x2c,
  0x20, 0x22, 0x6d, 0x6f, 0x64, 0x65, 0x6c, 0x22, 0x29, 0x3b, 0x20, 0x63,
  0x2e, 0x73, 0x6c, 0x6f, 0x74, 0x20, 0x3d, 0x20, 0x65, 0x6c, 0x28, 0x22,
  0x73, 0x70, 0x61, 0x6e, 0x22, 0x2c, 0x20, 0x22, 0x73, 0x6c, 0x6f, 0x74,
  0x22, 0x29, 0x3b, 0x0a, 0x20, 0x20, 0x74, 0x6f, 0x70, 0x2e, 0x61, 0x70,
  0x70, 0x65, 0x6e, 0x64, 0x43, 0x68, 0x69, 0x6c, 0x64, 0x28, 0x63, 0x2e,
  0x6d, 0x6f, 0x64, 0x65, 0x6c, 0x29, 0x3b, 0x20, 0x74, 0x6f, 0x70, 0x2e,
  0x61, 0x70, 0x70, 0x65, 0x6e, 0x64, 0x43, 0x68, 0x69, 0x6c, 0x64, 0x28,
  0x63, 0x2e, 0x73, 0x6c, 0x6f, 0x74, 0x29, 0x3b, 0x0a, 0x20, 0x20, 0x63,
  0x2e, 0x73, 0x75, 0x62, 0x20, 0x3d, 0x20, 0x65, 0x6c, 0x28, 0x22, 0x64,
  0x69, 0x76, 0x22, 0x2c, 0x20, 0x22, 0x73, 0x75, 0x62, 0x22, 0x29, 0x3b,
  0x0a, 0x20, 0x20, 0x63, 0x2e, 0x63, 0x68, 0x69, 0x70, 0x73, 0x20, 0x3d,
  0x20, 0x65, 0x6c, 0x28, 0x22, 0x64, 0x69, 0x76, 0x22, 0x2c, 0x20, 0x22,
  0x63, 0x68, 0x69, 0x70, 0x73, 0x22, 0x29, 0x3b, 0x0a, 0x20, 0x20, 0x69,
  0x6e, 0x70, 0x75, 0x74, 0x2e, 0x61, 0x70, 0x70, 0x65, 0x6e, 0x64, 0x43,
  0x68, 0x69, 0x6c, 0x64, 0x28, 0x64, 0x72, 0x61, 0x77, 0x50, 0x61, 0x64,
  0x28, 0x66, 0x61, 0x6d, 0x2c, 0x20, 0x63, 0x29, 0x29, 0x3b, 0x20, 0x69,
  0x6e, 0x70, 0x75, 0x74, 0x2e, 0x61, 0x70, 0x70, 0x65, 0x6e, 0x64, 0x43,
  0x68, 0x69, 0x6c, 0x64, 0x28, 0x63, 0x2e, 0x63, 0x68, 0x69, 0x70, 0x73,
  0x29, 0x3b, 0x0a, 0x20, 0x20, 0x63, 0x2e, 0x62, 0x61, 0x74, 0x74, 0x20,
  0x3d, 0x20, 0x65, 0x6c, 0x28, 0x22, 0x64, 0x69, 0x76, 0x22, 0x2c, 0x20,
  0x22, 0x62, 0x61, 0x74, 0x74, 0x22, 0x29, 0x3b, 0x20, 0x63, 0x2e, 0x63,
  0x65, 0x6c, 0x6c, 0x20, 0x3d, 0x20, 0x65, 0x6c, 0x28, 0x22, 0x64, 0x69,
  0x76, 0x22, 0x2c, 0x20, 0x22, 0x63, 0x65, 0x6c, 0x6c, 0x22, 0x29, 0x3b,
  0x20, 0x63, 0x2e, 0x66, 0x69, 0x6c, 0x6c, 0x20, 0x3d, 0x20, 0x65, 0x6c,
  0x28, 0x22, 0x62, 0x22, 0x29, 0x3b, 0x20, 0x63, 0x2e, 0x62, 0x74, 0x78,
  0x74, 0x20, 0x3d, 0x20, 0x65, 0x6c, 0x28, 0x22, 0x73, 0x70, 0x61, 0x6e,
  0x22, 0x29, 0x3b, 0x0a, 0x20, 0x20, 0x63, 0x2e, 0x63, 0x65, 0x6c, 0x6c,
  0x2e, 0x61, 0x70, 0x70, 0x65, 0x6e, 0x64, 0x43, 0x68, 0x69, 0x6c, 0x64,
  0x28, 0x63, 0x2e, 0x66, 0x69, 0x6c, 0x6c, 0x29, 0x3b, 0x20, 0x63, 0x2e,
  0x62, 0x61, 0x74, 0x74, 0x2e, 0x61, 0x70, 0x70, 0x65, 0x6e, 0x64, 0x43,
  0x68, 0x69, 0x6c, 0x64, 0x28, 0x63, 0x2e, 0x63, 0x65, 0x6c, 0x6c, 0x29,
  0x3b, 0x20, 0x63, 0x2e, 0x62, 0x61, 0x74, 0x74, 0x2e, 0x61, 0x70, 0x70,
  0x65, 0x6e, 0x64, 0x43, 0x68, 0x69, 0x6c, 0x64, 0x28, 0x63, 0x2e, 0x62,
  0x74, 0x78, 0x74, 0x29, 0x3b, 0x0a, 0x20, 0x20, 0x76, 0x61, 0x72, 0x20,
  0x70, 0x73, 0x20, 0x3d, 0x20, 0x65, 0x6c, 0x28, 0x22, 0x62, 0x75, 0x74,
  0x74, 0x6f, 0x6e, 0x22, 0x2c, 0x20, 0x22, 0x62, 0x74, 0x6e, 0x20, 0x70,
  0x73, 0x22, 0x2c, 0x20, 0x74, 0x28, 0x22, 0x70, 0x72, 0x65, 0x73, 0x73,
  0x50, 0x73, 0x22, 0x29, 0x29, 0x2c, 0x20, 0x68, 0x75, 0x6d, 0x20, 0x3d,
  0x20, 0x65, 0x6c, 0x28, 0x22, 0x62, 0x75, 0x74, 0x74, 0x6f, 0x6e, 0x22,
  0x2c, 0x20, 0x22, 0x62, 0x74, 0x6e, 0x20, 0x68, 0x75, 0x6d, 0x22, 0x2c,
  0x20, 0x74, 0x28, 0x22, 0x72, 0x75, 0x6d, 0x62, 0x6c, 0x65, 0x22, 0x29,
  0x29, 0x2c, 0x20, 0x66, 0x67, 0x20, 0x3d, 0x20, 0x65, 0x6c, 0x28, 0x22,
  0x62, 0x75, 0x74, 0x74, 0x6f, 0x6e, 0x22, 0x2c, 0x20, 0x22, 0x62, 0x74,
  0x6e, 0x20, 0x63, 0x75, 0x74, 0x22, 0x2c, 0x20, 0x74, 0x28, 0x22, 0x66,
  0x6f, 0x72, 0x67, 0x65, 0x74, 0x22, 0x29, 0x29, 0x3b, 0x0a, 0x20, 0x20,
  0x70, 0x73, 0x2e, 0x74, 0x69, 0x74, 0x6c, 0x65, 0x20, 0x3d, 0x20, 0x74,
  0x28, 0x22, 0x70, 0x73, 0x54, 0x69, 0x74, 0x6c, 0x65, 0x22, 0x29, 0x3b,
  0x0a, 0x20, 0x20, 0x68, 0x75, 0x6d, 0x2e, 0x74, 0x69, 0x74, 0x6c, 0x65,
  0x20, 0x3d, 0x20, 0x74, 0x28, 0x22, 0x72, 0x75, 0x6d, 0x62, 0x6c, 0x65,
  0x54, 0x69, 0x74, 0x6c, 0x65, 0x22, 0x29, 0x3b, 0x0a, 0x20, 0x20, 0x70,
  0x73, 0x2e, 0x6f, 0x6e, 0x63, 0x6c, 0x69, 0x63, 0x6b, 0x20, 0x3d, 0x20,
  0x66, 0x75, 0x6e, 0x63, 0x74, 0x69, 0x6f, 0x6e, 0x20, 0x28, 0x29, 0x20,
  0x7b, 0x20, 0x61, 0x63, 0x74, 0x28, 0x22, 0x2f, 0x61, 0x70, 0x69, 0x2f,
  0x70, 0x73, 0x3f, 0x73, 0x6c, 0x6f, 0x74, 0x3d, 0x22, 0x20, 0x2b, 0x20,
  0x63, 0x2e, 0x6e, 0x2c, 0x20, 0x74, 0x28, 0x22, 0x70, 0x73, 0x44, 0x6f,
  0x6e, 0x65, 0x22, 0x2c, 0x20, 0x7b, 0x20, 0x6e, 0x3a, 0x20, 0x63, 0x2e,
  0x6e, 0x20, 0x7d, 0x29, 0x29, 0x3b, 0x20, 0x7d, 0x3b, 0x0a, 0x20, 0x20,
  0x68, 0x75, 0x6d, 0x2e, 0x6f, 0x6e, 0x63, 0x6c, 0x69, 0x63, 0x6b, 0x20,
  0x3d, 0x20, 0x66, 0x75, 0x6e, 0x63, 0x74, 0x69, 0x6f, 0x6e, 0x20, 0x28,
  0x29, 0x20, 0x7b, 0x20, 0x61, 0x63, 0x74, 0x28, 0x22, 0x2f, 0x61, 0x70,
  0x69, 0x2f, 0x72, 0x75, 0x6d, 0x62, 0x6c, 0x65, 0x3f, 0x73, 0x6c, 0x6f,
  0x74, 0x3d, 0x22, 0x20, 0x2b, 0x20, 0x63, 0x2e, 0x6e, 0x2c, 0x20, 0x74,
  0x28, 0x22, 0x72, 0x75, 0x6d, 0x62, 0x6c, 0x65, 0x44, 0x6f, 0x6e, 0x65,
  0x22, 0x2c, 0x20, 0x7b, 0x20, 0x6e, 0x3a, 0x20, 0x63, 0x2e, 0x6e, 0x20,
  0x7d, 0x29, 0x2c, 0x20, 0x74, 0x28, 0x22, 0x6e, 0x6f, 0x52, 0x75, 0x6d,
  0x62, 0x6c, 0x65, 0x22, 0x29, 0x29, 0x3b, 0x20, 0x7d, 0x3b, 0x0a, 0x20,
  0x20, 0x61, 0x72, 0x6d, 0x65, 0x64, 0x28, 0x66, 0x67, 0x2c, 0x20, 0x22,
  0x73, 0x75, 0x72, 0x65, 0x22, 0x2c, 0x20, 0x66, 0x75, 0x6e, 0x63, 0x74,
  0x69, 0x6f, 0x6e, 0x20, 0x28, 0x29, 0x20, 0x7b, 0x20, 0x61, 0x63, 0x74,
  0x28, 0x22, 0x2f, 0x61, 0x70, 0x69, 0x2f, 0x66, 0x6f, 0x72, 0x67, 0x65,
  0x74, 0x3f, 0x61, 0x64, 0x64, 0x72, 0x3d, 0x22, 0x20, 0x2b, 0x20, 0x63,
  0x2e, 0x61, 0x64, 0x64, 0x72, 0x2c, 0x20, 0x74, 0x28, 0x22, 0x66, 0x6f,
  0x72, 0x67, 0x6f, 0x74, 0x74, 0x65, 0x6e, 0x22, 0x29, 0x29, 0x3b, 0x20,
  0x7d, 0x29, 0x3b, 0x0a, 0x20, 0x20, 0x5b, 0x70, 0x73, 0x2c, 0x20, 0x68,
  0x75, 0x6d, 0x2c, 0x20, 0x66, 0x67, 0x5d, 0x2e, 0x66, 0x6f, 0x72, 0x45,
  0x61, 0x63, 0x68, 0x28, 0x66, 0x75, 0x6e, 0x63, 0x74, 0x69, 0x6f, 0x6e,
  0x20, 0x28, 0x62, 0x29, 0x20, 0x7b, 0x20, 0x61, 0x63, 0x74, 0x73, 0x2e,
  0x61, 0x70, 0x70, 0x65, 0x6e, 0x64, 0x43, 0x68, 0x69, 0x6c, 0x64, 0x28,
  0x62, 0x29, 0x3b, 0x20, 0x7d, 0x29, 0x3b, 0x0a, 0x20, 0x20, 0x5b, 0x74,
  0x6f, 0x70, 0x2c, 0x20, 0x63, 0x2e, 0x73, 0x75, 0x62, 0x2c, 0x20, 0x69,
  0x6e, 0x70, 0x75, 0x74, 0x2c, 0x20, 0x63, 0x2e, 0x62, 0x61, 0x74, 0x74,
  0x2c, 0x20, 0x61, 0x63, 0x74, 0x73, 0x5d, 0x2e, 0x66, 0x6f, 0x72, 0x45,
  0x61, 0x63, 0x68, 0x28, 0x66, 0x75, 0x6e, 0x63, 0x74, 0x69, 0x6f, 0x6e,
  0x20, 0x28, 0x6e, 0x29, 0x20, 0x7b, 0x20, 0x63, 0x2e, 0x72, 0x6f, 0x6f,
  0x74, 0x2e, 0x61, 0x70, 0x70, 0x65, 0x6e, 0x64, 0x43, 0x68, 0x69, 0x6c,
  0x64, 0x28, 0x6e, 0x29, 0x3b, 0x20, 0x7d, 0x29, 0x3b, 0x0a, 0x20, 0x20,
  0x72, 0x65, 0x74, 0x75, 0x72, 0x6e, 0x20, 0x63, 0x3b, 0x0a, 0x7d, 0x0a,
  0x66, 0x75, 0x6e, 0x63, 0x74, 0x69, 0x6f, 0x6e, 0x20, 0x6d, 0x6f, 0x76,
  0x65, 0x53, 0x74, 0x69, 0x63, 0x6b, 0x28, 0x73, 0x2c, 0x20, 0x78, 0x2c,
  0x20, 0x79, 0x29, 0x20, 0x7b, 0x20, 0x69, 0x66, 0x20, 0x28, 0x21, 0x73,
  0x29, 0x20, 0x72, 0x65, 0x74, 0x75, 0x72, 0x6e, 0x3b, 0x20, 0x73, 0x2e,
  0x6e, 0x2e, 0x73, 0x65, 0x74, 0x41, 0x74, 0x74, 0x72, 0x69, 0x62, 0x75,
  0x74, 0x65, 0x28, 0x22, 0x63, 0x78, 0x22, 0x2c, 0x20, 0x73, 0x2e, 0x78,
  0x20, 0x2b, 0x20, 0x28, 0x78, 0x20, 0x2d, 0x20, 0x31, 0x32, 0x37, 0x2e,
  0x35, 0x29, 0x20, 0x2f, 0x20, 0x31, 0x32, 0x37, 0x2e, 0x35, 0x20, 0x2a,
  0x20, 0x31, 0x32, 0x29, 0x3b, 0x20, 0x73, 0x2e, 0x6e, 0x2e, 0x73, 0x65,
  0x74, 0x41, 0x74, 0x74, 0x72, 0x69, 0x62, 0x75, 0x74, 0x65, 0x28, 0x22,
  0x63, 0x79, 0x22, 0x2c, 0x20, 0x73, 0x2e, 0x79, 0x20, 0x2b, 0x20, 0x28,
  0x79, 0x20, 0x2d, 0x20, 0x31, 0x32, 0x37, 0x2e, 0x35, 0x29, 0x20, 0x2f,
  0x20, 0x31, 0x32, 0x37, 0x2e, 0x35, 0x20, 0x2a, 0x20, 0x31, 0x32, 0x29,
  0x3b, 0x20, 0x7d, 0x0a, 0x66, 0x75, 0x6e, 0x63, 0x74, 0x69, 0x6f, 0x6e,
  0x20, 0x72, 0x65, 0x6e, 0x64, 0x65, 0x72, 0x50, 0x61, 0x64, 0x73, 0x28,
  0x70, 0x61, 0x64, 0x73, 0x29, 0x20, 0x7b, 0x0a, 0x20, 0x20, 0x76, 0x61,
  0x72, 0x20, 0x62, 0x6f, 0x78, 0x20, 0x3d, 0x20, 0x24, 0x28, 0x22, 0x63,
  0x61, 0x72, 0x64, 0x73, 0x22, 0x29, 0x2c, 0x20, 0x73, 0x65, 0x65, 0x6e,
  0x20, 0x3d, 0x20, 0x7b, 0x7d, 0x3b, 0x0a, 0x20, 0x20, 0x70, 0x61, 0x64,
  0x73, 0x2e, 0x66, 0x6f, 0x72, 0x45, 0x61, 0x63, 0x68, 0x28, 0x66, 0x75,
  0x6e, 0x63, 0x74, 0x69, 0x6f, 0x6e, 0x20, 0x28, 0x70, 0x29, 0x20, 0x7b,
  0x0a, 0x20, 0x20, 0x20, 0x20, 0x76, 0x61, 0x72, 0x20, 0x6b, 0x65, 0x79,
  0x20, 0x3d, 0x20, 0x70, 0x2e, 0x73, 0x6c, 0x6f, 0x74, 0x20, 0x2b, 0x20,
  0x22, 0x2f, 0x22, 0x20, 0x2b, 0x20, 0x70, 0x2e, 0x61, 0x64, 0x64, 0x72,
  0x2c, 0x20, 0x63, 0x20, 0x3d, 0x20, 0x63, 0x61, 0x72, 0x64, 0x73, 0x5b,
  0x6b, 0x65, 0x79, 0x5d, 0x3b, 0x0a, 0x20, 0x20, 0x20, 0x20, 0x69, 0x66,
  0x20, 0x28, 0x63, 0x20, 0x26, 0x26, 0x20, 0x63, 0x2e, 0x66, 0x61, 0x6d,
  0x20, 0x21, 0x3d, 0x3d, 0x20, 0x66, 0x61, 0x6d, 0x69, 0x6c, 0x79, 0x28,
  0x70, 0x29, 0x29, 0x20, 0x7b, 0x20, 0x62, 0x6f, 0x78, 0x2e, 0x72, 0x65,
  0x6d, 0x6f, 0x76, 0x65, 0x43, 0x68, 0x69, 0x6c, 0x64, 0x28, 0x63, 0x2e,
  0x72, 0x6f, 0x6f, 0x74, 0x29, 0x3b, 0x20, 0x63, 0x20, 0x3d, 0x20, 0x6e,
  0x75, 0x6c, 0x6c, 0x3b, 0x20, 0x7d, 0x0a, 0x20, 0x20, 0x20, 0x20, 0x69,
  0x66, 0x20, 0x28, 0x21, 0x63, 0x29, 0x20, 0x7b, 0x20, 0x63, 0x20, 0x3d,
  0x20, 0x63, 0x61, 0x72, 0x64, 0x73, 0x5b, 0x6b, 0x65, 0x79, 0x5d, 0x20,
  0x3d, 0x20, 0x6e, 0x65, 0x77, 0x43, 0x61, 0x72, 0x64, 0x28, 0x70, 0x29,
  0x3b, 0x20, 0x7d, 0x0a, 0x20, 0x20, 0x20, 0x20, 0x73, 0x65, 0x65, 0x6e,
  0x5b, 0x6b, 0x65, 0x79, 0x5d, 0x20, 0x3d, 0x20, 0x31, 0x3b, 0x0a, 0x20,
  0x20, 0x20, 0x20, 0x63, 0x2e, 0x6e, 0x20, 0x3d, 0x20, 0x70, 0x2e, 0x73,
  0x6c, 0x6f, 0x74, 0x3b, 0x20, 0x63, 0x2e, 0x61, 0x64, 0x64, 0x72, 0x20,
  0x3d, 0x20, 0x70, 0x2e, 0x61, 0x64, 0x64, 0x72, 0x3b, 0x0a, 0x20, 0x20,
  0x20, 0x20, 0x63, 0x2e, 0x6d, 0x6f, 0x64, 0x65, 0x6c, 0x2e, 0x74, 0x65,
  0x78, 0x74, 0x43, 0x6f, 0x6e, 0x74, 0x65, 0x6e, 0x74, 0x20, 0x3d, 0x20,
  0x70, 0x2e, 0x6d, 0x6f, 0x64, 0x65, 0x6c, 0x20, 0x7c, 0x7c, 0x20, 0x70,
  0x2e, 0x70, 0x72, 0x6f, 0x66, 0x69, 0x6c, 0x65, 0x3b, 0x0a, 0x20, 0x20,
  0x20, 0x20, 0x63, 0x2e, 0x73, 0x6c, 0x6f, 0x74, 0x2e, 0x74, 0x65, 0x78,
  0x74, 0x43, 0x6f, 0x6e, 0x74, 0x65, 0x6e, 0x74, 0x20, 0x3d, 0x20, 0x22,
  0x50, 0x22, 0x20, 0x2b, 0x20, 0x70, 0x2e, 0x73, 0x6c, 0x6f, 0x74, 0x3b,
  0x0a, 0x20, 0x20, 0x20, 0x20, 0x63, 0x2e, 0x73, 0x75, 0x62, 0x2e, 0x74,
  0x65, 0x78, 0x74, 0x43, 0x6f, 0x6e, 0x74, 0x65, 0x6e, 0x74, 0x20, 0x3d,
  0x20, 0x70, 0x2e, 0x76, 0x69, 0x64, 0x20, 0x2b, 0x20, 0x22, 0x3a, 0x22,
  0x20, 0x2b, 0x20, 0x70, 0x2e, 0x70, 0x69, 0x64, 0x20, 0x2b, 0x20, 0x22,
  0x20, 0x20, 0xc2, 0xb7, 0x20, 0x20, 0x22, 0x20, 0x2b, 0x20, 0x70, 0x2e,
  0x61, 0x64, 0x64, 0x72, 0x3b, 0x0a, 0x20, 0x20, 0x20, 0x20, 0x63, 0x2e,
  0x6c, 0x32, 0x2e, 0x73, 0x65, 0x74, 0x41, 0x74, 0x74, 0x72, 0x69, 0x62,
  0x75, 0x74, 0x65, 0x28, 0x22, 0x77, 0x69, 0x64, 0x74, 0x68, 0x22, 0x2c,
  0x20, 0x70, 0x2e, 0x6c, 0x32, 0x20, 0x2f, 0x20, 0x32, 0x35, 0x35, 0x20,
  0x2a, 0x20, 0x37, 0x36, 0x29, 0x3b, 0x20, 0x63, 0x2e, 0x72, 0x32, 0x2e,
  0x73, 0x65, 0x74, 0x41, 0x74, 0x74, 0x72, 0x69, 0x62, 0x75, 0x74, 0x65,
  0x28, 0x22, 0x77, 0x69, 0x64, 0x74, 0x68, 0x22, 0x2c, 0x20, 0x70, 0x2e,
  0x72, 0x32, 0x20, 0x2f, 0x20, 0x32, 0x35, 0x35, 0x20, 0x2a, 0x20, 0x37,
  0x36, 0x29, 0x3b, 0x0a, 0x20, 0x20, 0x20, 0x20, 0x6d, 0x6f, 0x76, 0x65,
  0x53, 0x74, 0x69, 0x63, 0x6b, 0x28, 0x63, 0x2e, 0x6c, 0x73, 0x2c, 0x20,
  0x70, 0x2e, 0x6c, 0x78, 0x2c, 0x20, 0x70, 0x2e, 0x6c, 0x79, 0x29, 0x3b,
  0x20, 0x6d, 0x6f, 0x76, 0x65, 0x53, 0x74, 0x69, 0x63, 0x6b, 0x28, 0x63,
  0x2e, 0x72, 0x73, 0x2c, 0x20, 0x70, 0x2e, 0x72, 0x78, 0x2c, 0x20, 0x70,
  0x2e, 0x72, 0x79, 0x29, 0x3b, 0x0a, 0x20, 0x20, 0x20, 0x20, 0x76, 0x61,
  0x72, 0x20, 0x6f, 0x6e, 0x20, 0x3d, 0x20, 0x7b, 0x7d, 0x3b, 0x0a, 0x20,
  0x20, 0x20, 0x20, 0x70, 0x2e, 0x62, 0x75, 0x74, 0x74, 0x6f, 0x6e, 0x73,
  0x2e, 0x66, 0x6f, 0x72, 0x45, 0x61, 0x63, 0x68, 0x28, 0x66, 0x75, 0x6e,
  0x63, 0x74, 0x69, 0x6f, 0x6e, 0x20, 0x28, 0x62, 0x29, 0x20, 0x7b, 0x20,
  0x6f, 0x6e, 0x5b, 0x62, 0x5d, 0x20, 0x3d, 0x20, 0x31, 0x3b, 0x20, 0x7d,
  0x29, 0x3b, 0x0a, 0x20, 0x20, 0x20, 0x20, 0x69, 0x66, 0x20, 0x28, 0x70,
  0x2e, 0x6c, 0x32, 0x20, 0x3e, 0x20, 0x33, 0x30, 0x29, 0x20, 0x6f, 0x6e,
  0x2e, 0x6c, 0x32, 0x20, 0x3d, 0x20, 0x31, 0x3b, 0x0a, 0x20, 0x20, 0x20,
  0x20, 0x69, 0x66, 0x20, 0x28, 0x70, 0x2e, 0x72, 0x32, 0x20, 0x3e, 0x20,
  0x33, 0x30, 0x29, 0x20, 0x6f, 0x6e, 0x2e, 0x72, 0x32, 0x20, 0x3d, 0x20,
  0x31, 0x3b, 0x0a, 0x20, 0x20, 0x20, 0x20, 0x4f, 0x62, 0x6a, 0x65, 0x63,
  0x74, 0x2e, 0x6b, 0x65, 0x79, 0x73, 0x28, 0x63, 0x2e, 0x6b, 0x29, 0x2e,
  0x66, 0x6f, 0x72, 0x45, 0x61, 0x63, 0x68, 0x28, 0x66, 0x75, 0x6e, 0x63,
  0x74, 0x69, 0x6f, 0x6e, 0x20, 0x28, 0x62, 0x29, 0x20, 0x7b, 0x20, 0x63,
  0x2e, 0x6b, 0x5b, 0x62, 0x5d, 0x2e, 0x66, 0x6f, 0x72, 0x45, 0x61, 0x63,
  0x68, 0x28, 0x66, 0x75, 0x6e, 0x63, 0x74, 0x69, 0x6f, 0x6e, 0x20, 0x28,
  0x67, 0x29, 0x20, 0x7b, 0x20, 0x67, 0x2e, 0x73, 0x65, 0x74, 0x41, 0x74,
  0x74, 0x72, 0x69, 0x62, 0x75, 0x74, 0x65, 0x28, 0x22, 0x63, 0x6c, 0x61,
  0x73, 0x73, 0x22, 0x2c, 0x20, 0x6f, 0x6e, 0x5b, 0x62, 0x5d, 0x20, 0x3f,
  0x20, 0x22, 0x6f, 0x6e, 0x22, 0x20, 0x3a, 0x20, 0x22, 0x22, 0x29, 0x3b,
  0x20, 0x7d, 0x29, 0x3b, 0x20, 0x7d, 0x29, 0x3b, 0x0a, 0x20, 0x20, 0x20,
  0x20, 0x76, 0x61, 0x72, 0x20, 0x63, 0x68, 0x69, 0x70, 0x73, 0x20, 0x3d,
  0x20, 0x70, 0x2e, 0x62, 0x75, 0x74, 0x74, 0x6f, 0x6e, 0x73, 0x2e, 0x6d,
  0x61, 0x70, 0x28, 0x66, 0x75, 0x6e, 0x63, 0x74, 0x69, 0x6f, 0x6e, 0x20,
  0x28, 0x62, 0x29, 0x20, 0x7b, 0x20, 0x72, 0x65, 0x74, 0x75, 0x72, 0x6e,
  0x20, 0x42, 0x54, 0x4e, 0x5b, 0x62, 0x5d, 0x20, 0x7c, 0x7c, 0x20, 0x62,
  0x3b, 0x20, 0x7d, 0x29, 0x2e, 0x6a, 0x6f, 0x69, 0x6e, 0x28, 0x22, 0x7c,
  0x22, 0x29, 0x3b, 0x0a, 0x20, 0x20, 0x20, 0x20, 0x69, 0x66, 0x20, 0x28,
  0x63, 0x2e, 0x63, 0x68, 0x69, 0x70, 0x73, 0x2e, 0x64, 0x61, 0x74, 0x61,
  0x73, 0x65, 0x74, 0x2e, 0x76, 0x20, 0x21, 0x3d, 0x3d, 0x20, 0x63, 0x68,
  0x69, 0x70, 0x73, 0x29, 0x20, 0x7b, 0x0a, 0x20, 0x20, 0x20, 0x20, 0x20,
  0x20, 0x63, 0x2e, 0x63, 0x68, 0x69, 0x70, 0x73, 0x2e, 0x64, 0x61, 0x74,
  0x61, 0x73, 0x65, 0x74, 0x2e, 0x76, 0x20, 0x3d, 0x20, 0x63, 0x68, 0x69,
  0x70, 0x73, 0x3b, 0x0a, 0x20, 0x20, 0x20, 0x20, 0x20, 0x20, 0x63, 0x2e,
  0x63, 0x68, 0x69, 0x70, 0x73, 0x2e, 0x74, 0x65, 0x78, 0x74, 0x43, 0x6f,
  0x6e, 0x74, 0x65, 0x6e, 0x74, 0x20, 0x3d, 0x20, 0x22, 0x22, 0x3b, 0x0a,
  0x20, 0x20, 0x20, 0x20, 0x20, 0x20, 0x70, 0x2e, 0x62, 0x75, 0x74, 0x74,
  0x6f, 0x6e, 0x73, 0x2e, 0x66, 0x6f, 0x72, 0x45, 0x61, 0x63, 0x68, 0x28,
  0x66, 0x75, 0x6e, 0x63, 0x74, 0x69, 0x6f, 0x6e, 0x20, 0x28, 0x62, 0x29,
  0x20, 0x7b, 0x20, 0x63, 0x2e, 0x63, 0x68, 0x69, 0x70, 0x73, 0x2e, 0x61,
  0x70, 0x70, 0x65, 0x6e, 0x64, 0x43, 0x68, 0x69, 0x6c, 0x64, 0x28, 0x65,
  0x6c, 0x28, 0x22, 0x73, 0x70, 0x61, 0x6e, 0x22, 0x2c, 0x20, 0x22, 0x22,
  0x2c, 0x20, 0x42, 0x54, 0x4e, 0x5b, 0x62, 0x5d, 0x20, 0x7c, 0x7c, 0x20,
  0x62, 0x29, 0x29, 0x3b, 0x20, 0x7d, 0x29, 0x3b, 0x0a, 0x20, 0x20, 0x20,
  0x20, 0x7d, 0x0a, 0x20, 0x20, 0x20, 0x20, 0x69, 0x66, 0x20, 0x28, 0x70,
  0x2e, 0x62, 0x61, 0x74, 0x74, 0x65, 0x72, 0x79, 0x20, 0x3e, 0x3d, 0x20,
  0x30, 0x29, 0x20, 0x7b, 0x0a, 0x20, 0x20, 0x20, 0x20, 0x20, 0x20, 0x63,
  0x2e, 0x63, 0x65, 0x6c, 0x6c, 0x2e, 0x68, 0x69, 0x64, 0x64, 0x65, 0x6e,
  0x20, 0x3d, 0x20, 0x66, 0x61, 0x6c, 0x73, 0x65, 0x3b, 0x0a, 0x20, 0x20,
  0x20, 0x20, 0x20, 0x20, 0x63, 0x2e, 0x66, 0x69, 0x6c, 0x6c, 0x2e, 0x73,
  0x74, 0x79, 0x6c, 0x65, 0x2e, 0x77, 0x69, 0x64, 0x74, 0x68, 0x20, 0x3d,
  0x20, 0x70, 0x2e, 0x62, 0x61, 0x74, 0x74, 0x65, 0x72, 0x79, 0x20, 0x2b,
  0x20, 0x22, 0x25, 0x22, 0x3b, 0x0a, 0x20, 0x20, 0x20, 0x20, 0x20, 0x20,
  0x63, 0x2e, 0x66, 0x69, 0x6c, 0x6c, 0x2e, 0x73, 0x74, 0x79, 0x6c, 0x65,
  0x2e, 0x62, 0x61, 0x63, 0x6b, 0x67, 0x72, 0x6f, 0x75, 0x6e, 0x64, 0x20,
  0x3d, 0x20, 0x70, 0x2e, 0x62, 0x61, 0x74, 0x74, 0x65, 0x72, 0x79, 0x20,
  0x3c, 0x3d, 0x20, 0x32, 0x30, 0x20, 0x3f, 0x20, 0x22, 0x76, 0x61, 0x72,
  0x28, 0x2d, 0x2d, 0x62, 0x61, 0x64, 0x29, 0x22, 0x20, 0x3a, 0x20, 0x22,
  0x76, 0x61, 0x72, 0x28, 0x2d, 0x2d, 0x67, 0x6f, 0x6f, 0x64, 0x29, 0x22,
  0x3b, 0x0a, 0x20, 0x20, 0x20, 0x20, 0x20, 0x20, 0x63, 0x2e, 0x62, 0x74,
  0x78, 0x74, 0x2e, 0x74, 0x65, 0x78, 0x74, 0x43, 0x6f, 0x6e, 0x74, 0x65,
  0x6e, 0x74, 0x20, 0x3d, 0x20, 0x74, 0x28, 0x22, 0x62, 0x61, 0x74, 0x74,
  0x65, 0x72, 0x79, 0x22, 0x2c, 0x20, 0x7b, 0x20, 0x6e, 0x3a, 0x20, 0x70,
  0x2e, 0x62, 0x61, 0x74, 0x74, 0x65, 0x72, 0x79, 0x20, 0x7d, 0x29, 0x20,
  0x2b, 0x20, 0x28, 0x70, 0x2e, 0x63, 0x68, 0x61, 0x72, 0x67, 0x69, 0x6e,
  0x67, 0x20, 0x3f, 0x20, 0x22, 0x20, 0xc2, 0xb7, 0x20, 0x22, 0x20, 0x2b,
  0x20, 0x74, 0x28, 0x22, 0x63, 0x68, 0x61, 0x72, 0x67, 0x69, 0x6e, 0x67,
  0x22, 0x29, 0x20, 0x3a, 0x20, 0x22, 0x22, 0x29, 0x3b, 0x0a, 0x20, 0x20,
  0x20, 0x20, 0x7d, 0x20, 0x65, 0x6c, 0x73, 0x65, 0x20, 0x7b, 0x20, 0x63,
  0x2e, 0x63, 0x65, 0x6c, 0x6c, 0x2e, 0x68, 0x69, 0x64, 0x64, 0x65, 0x6e,
  0x20, 0x3d, 0x20, 0x74, 0x72, 0x75, 0x65, 0x3b, 0x20, 0x63, 0x2e, 0x62,
  0x74, 0x78, 0x74, 0x2e, 0x74, 0x65, 0x78, 0x74, 0x43, 0x6f, 0x6e, 0x74,
  0x65, 0x6e, 0x74, 0x20, 0x3d, 0x20, 0x74, 0x28, 0x22, 0x6e, 0x6f, 0x42,
  0x61, 0x74, 0x74, 0x65, 0x72, 0x79, 0x22, 0x29, 0x3b, 0x20, 0x7d, 0x0a,
  0x20, 0x20, 0x20, 0x20, 0x69, 0x66, 0x20, 0x28, 0x63, 0x2e, 0x72, 0x6f,
  0x6f, 0x74, 0x2e, 0x70, 0x61, 0x72, 0x65, 0x6e, 0x74, 0x4e, 0x6f, 0x64,
  0x65, 0x20, 0x21, 0x3d, 0x3d, 0x20, 0x62, 0x6f, 0x78, 0x29, 0x20, 0x62,
  0x6f, 0x78, 0x2e, 0x61, 0x70, 0x70, 0x65, 0x6e, 0x64, 0x43, 0x68, 0x69,
  0x6c, 0x64, 0x28, 0x63, 0x2e, 0x72, 0x6f, 0x6f, 0x74, 0x29, 0x3b, 0x0a,
  0x20, 0x20, 0x7d, 0x29, 0x3b, 0x0a, 0x20, 0x20, 0x4f, 0x62, 0x6a, 0x65,
  0x63, 0x74, 0x2e, 0x6b, 0x65, 0x79, 0x73, 0x28, 0x63, 0x61, 0x72, 0x64,
  0x73, 0x29, 0x2e, 0x66, 0x6f, 0x72, 0x45, 0x61, 0x63, 0x68, 0x28, 0x66,
  0x75, 0x6e, 0x63, 0x74, 0x69, 0x6f, 0x6e, 0x20, 0x28, 0x6b, 0x29, 0x20,
  0x7b, 0x20, 0x69, 0x66, 0x20, 0x28, 0x21, 0x73, 0x65, 0x65, 0x6e, 0x5b,
  0x6b, 0x5d, 0x29, 0x20, 0x7b, 0x20, 0x62, 0x6f, 0x78, 0x2e, 0x72, 0x65,
  0x6d, 0x6f, 0x76, 0x65, 0x43, 0x68, 0x69, 0x6c, 0x64, 0x28, 0x63, 0x61,
  0x72, 0x64, 0x73, 0x5b, 0x6b, 0x5d, 0x2e, 0x72, 0x6f, 0x6f, 0x74, 0x29,
  0x3b, 0x20, 0x64, 0x65, 0x6c, 0x65, 0x74, 0x65, 0x20, 0x63, 0x61, 0x72,
  0x64, 0x73, 0x5b, 0x6b, 0x5d, 0x3b, 0x20, 0x7d, 0x20, 0x7d, 0x29, 0x3b,
  0x0a, 0x20, 0x20, 0x76, 0x61, 0x72, 0x20, 0x65, 0x6d, 0x70, 0x74, 0x79,
  0x20, 0x3d, 0x20, 0x62, 0x6f, 0x78, 0x2e, 0x71, 0x75, 0x65, 0x72, 0x79,
  0x53, 0x65, 0x6c, 0x65, 0x63, 0x74, 0x6f, 0x72, 0x28, 0x22, 0x2e, 0x65,
  0x6d, 0x70, 0x74, 0x79, 0x22, 0x29, 0x3b, 0x0a, 0x20, 0x20, 0x69, 0x66,
  0x20, 0x28, 0x21, 0x70, 0x61, 0x64, 0x73, 0x2e, 0x6c, 0x65, 0x6e, 0x67,
  0x74, 0x68, 0x20, 0x26, 0x26, 0x20, 0x21, 0x65, 0x6d, 0x70, 0x74, 0x79,
  0x29, 0x20, 0x62, 0x6f, 0x78, 0x2e, 0x61, 0x70, 0x70, 0x65, 0x6e, 0x64,
  0x43, 0x68, 0x69, 0x6c, 0x64, 0x28, 0x65, 0x6c, 0x28, 0x22, 0x64, 0x69,
  0x76, 0x22, 0x2c, 0x20, 0x22, 0x65, 0x6d, 0x70, 0x74, 0x79, 0x22, 0x2c,
  0x20, 0x74, 0x28, 0x22, 0x6e, 0x6f, 0x50, 0x61, 0x64, 0x73, 0x22, 0x29,
  0x29, 0x29, 0x3b, 0x0a, 0x20, 0x20, 0x69, 0x66, 0x20, 0x28, 0x70, 0x61,
  0x64, 0x73, 0x2e, 0x6c, 0x65, 0x6e, 0x67, 0x74, 0x68, 0x20, 0x26, 0x26,
  0x20, 0x65, 0x6d, 0x70, 0x74, 0x79, 0x29, 0x20, 0x62, 0x6f, 0x78, 0x2e,
  0x72, 0x65, 0x6d, 0x6f, 0x76, 0x65, 0x43, 0x68, 0x69, 0x6c, 0x64, 0x28,
  0x65, 0x6d, 0x70, 0x74, 0x79, 0x29, 0x3b, 0x0a, 0x7d, 0x0a, 0x66, 0x75,
  0x6e, 0x63, 0x74, 0x69, 0x6f, 0x6e, 0x20, 0x72, 0x65, 0x6e, 0x64, 0x65,
  0x72, 0x50, 0x61, 0x69, 0x72, 0x65, 0x64, 0x28, 0x6c, 0x69, 0x73, 0x74,
  0x2c, 0x20, 0x70, 0x61, 0x64, 0x73, 0x29, 0x20, 0x7b, 0x0a, 0x20, 0x20,
  0x76, 0x61, 0x72, 0x20, 0x73, 0x69, 0x67, 0x20, 0x3d, 0x20, 0x4a, 0x53,
  0x4f, 0x4e, 0x2e, 0x73, 0x74, 0x72, 0x69, 0x6e, 0x67, 0x69, 0x66, 0x79,
  0x28, 0x6c, 0x69, 0x73, 0x74, 0x29, 0x20, 0x2b, 0x20, 0x22, 0x23, 0x22,
  0x20, 0x2b, 0x20, 0x70, 0x61, 0x64, 0x73, 0x2e, 0x6d, 0x61, 0x70, 0x28,
  0x66, 0x75, 0x6e, 0x63, 0x74, 0x69, 0x6f, 0x6e, 0x20, 0x28, 0x70, 0x29,
  0x20, 0x7b, 0x20, 0x72, 0x65, 0x74, 0x75, 0x72, 0x6e, 0x20, 0x70, 0x2e,
  0x61, 0x64, 0x64, 0x72, 0x3b, 0x20, 0x7d, 0x29, 0x2e, 0x6a, 0x6f, 0x69,
  0x6e, 0x28, 0x22, 0x2c, 0x22, 0x29, 0x3b, 0x0a, 0x20, 0x20, 0x69, 0x66,
  0x20, 0x28, 0x73, 0x69, 0x67, 0x20, 0x3d, 0x3d, 0x3d, 0x20, 0x70, 0x61,
  0x69, 0x72, 0x65, 0x64, 0x53, 0x69, 0x67, 0x29, 0x20, 0x72, 0x65, 0x74,
  0x75, 0x72, 0x6e, 0x3b, 0x0a, 0x20, 0x20, 0x70, 0x61, 0x69, 0x72, 0x65,
  0x64, 0x53, 0x69, 0x67, 0x20, 0x3d, 0x20, 0x73, 0x69, 0x67, 0x3b, 0x0a,
  0x20, 0x20, 0x76, 0x61, 0x72, 0x20, 0x62, 0x6f, 0x78, 0x20, 0x3d, 0x20,
  0x24, 0x28, 0x22, 0x70, 0x61, 0x69, 0x72, 0x65, 0x64, 0x22, 0x29, 0x3b,
  0x0a, 0x20, 0x20, 0x62, 0x6f, 0x78, 0x2e, 0x74, 0x65, 0x78, 0x74, 0x43,
  0x6f, 0x6e, 0x74, 0x65, 0x6e, 0x74, 0x20, 0x3d, 0x20, 0x22, 0x22, 0x3b,
  0x0a, 0x20, 0x20, 0x69, 0x66, 0x20, 0x28, 0x21, 0x6c, 0x69, 0x73, 0x74,
  0x2e, 0x6c, 0x65, 0x6e, 0x67, 0x74, 0x68, 0x29, 0x20, 0x7b, 0x20, 0x62,
  0x6f, 0x78, 0x2e, 0x61, 0x70, 0x70, 0x65, 0x6e, 0x64, 0x43, 0x68, 0x69,
  0x6c, 0x64, 0x28, 0x65, 0x6c, 0x28, 0x22, 0x64, 0x69, 0x76, 0x22, 0x2c,
  0x20, 0x22, 0x69, 0x74, 0x65, 0x6d, 0x22, 0x2c, 0x20, 0x74, 0x28, 0x22,
  0x6e, 0x6f, 0x74, 0x68, 0x69, 0x6e, 0x67, 0x50, 0x61, 0x69, 0x72, 0x65,
  0x64, 0x22, 0x29, 0x29, 0x29, 0x3b, 0x20, 0x72, 0x65, 0x74, 0x75, 0x72,
  0x6e, 0x3b, 0x20, 0x7d, 0x0a, 0x20, 0x20, 0x6c, 0x69, 0x73, 0x74, 0x2e,
  0x66, 0x6f, 0x72, 0x45, 0x61, 0x63, 0x68, 0x28, 0x66, 0x75, 0x6e, 0x63,
  0x74, 0x69, 0x6f, 0x6e, 0x20, 0x28, 0x70, 0x29, 0x20, 0x7b, 0x0a, 0x20,
  0x20, 0x20, 0x20, 0x76, 0x61, 0x72, 0x20, 0x72, 0x6f, 0x77, 0x20, 0x3d,
  0x20, 0x65, 0x6c, 0x28, 0x22, 0x64, 0x69, 0x76, 0x22, 0x2c, 0x20, 0x22,
  0x69, 0x74, 0x65, 0x6d, 0x22, 0x29, 0x2c, 0x20, 0x77, 0x68, 0x6f, 0x20,
  0x3d, 0x20, 0x65, 0x6c, 0x28, 0x22, 0x64, 0x69, 0x76, 0x22, 0x2c, 0x20,
  0x22, 0x77, 0x68, 0x6f, 0x22, 0x29, 0x2c, 0x20, 0x6c, 0x69, 0x76, 0x65,
  0x20, 0x3d, 0x20, 0x6e, 0x75, 0x6c, 0x6c, 0x3b, 0x0a, 0x20, 0x20, 0x20,
  0x20, 0x70, 0x61, 0x64, 0x73, 0x2e, 0x66, 0x6f, 0x72, 0x45, 0x61, 0x63,
  0x68, 0x28, 0x66, 0x75, 0x6e, 0x63, 0x74, 0x69, 0x6f, 0x6e, 0x20, 0x28,
  0x78, 0x29, 0x20, 0x7b, 0x20, 0x69, 0x66, 0x20, 0x28, 0x78, 0x2e, 0x61,
  0x64, 0x64, 0x72, 0x20, 0x3d, 0x3d, 0x3d, 0x20, 0x70, 0x2e, 0x61, 0x64,
  0x64, 0x72, 0x29, 0x20, 0x6c, 0x69, 0x76, 0x65, 0x20, 0x3d, 0x20, 0x78,
  0x3b, 0x20, 0x7d, 0x29, 0x3b, 0x0a, 0x20, 0x20, 0x20, 0x20, 0x72, 0x6f,
  0x77, 0x2e, 0x61, 0x70, 0x70, 0x65, 0x6e, 0x64, 0x43, 0x68, 0x69, 0x6c,
  0x64, 0x28, 0x65, 0x6c, 0x28, 0x22, 0x69, 0x22, 0x2c, 0x20, 0x22, 0x64,
  0x6f, 0x74, 0x22, 0x20, 0x2b, 0x20, 0x28, 0x70, 0x2e, 0x63, 0x6f, 0x6e,
  0x6e, 0x65, 0x63, 0x74, 0x65, 0x64, 0x20, 0x3f, 0x20, 0x22, 0x20, 0x6f,
  0x6e, 0x22, 0x20, 0x3a, 0x20, 0x22, 0x22, 0x29, 0x29, 0x29, 0x3b, 0x0a,
  0x20, 0x20, 0x20, 0x20, 0x77, 0x68, 0x6f, 0x2e, 0x61, 0x70, 0x70, 0x65,
  0x6e, 0x64, 0x43, 0x68, 0x69, 0x6c, 0x64, 0x28, 0x65, 0x6c, 0x28, 0x22,
  0x73, 0x74, 0x72, 0x6f, 0x6e, 0x67, 0x22, 0x2c, 0x20, 0x22, 0x22, 0x2c,
  0x20, 0x6c, 0x69, 0x76, 0x65, 0x20, 0x3f, 0x20, 0x28, 0x6c, 0x69, 0x76,
  0x65, 0x2e, 0x6d, 0x6f, 0x64, 0x65, 0x6c, 0x20, 0x7c, 0x7c, 0x20, 0x6c,
  0x69, 0x76, 0x65, 0x2e, 0x70, 0x72, 0x6f, 0x66, 0x69, 0x6c, 0x65, 0x29,
  0x20, 0x2b, 0x20, 0x22, 0x20, 0xc2, 0xb7, 0x20, 0x50, 0x22, 0x20, 0x2b,
  0x20, 0x6c, 0x69, 0x76, 0x65, 0x2e, 0x73, 0x6c, 0x6f, 0x74, 0x20, 0x3a,
  0x20, 0x28, 0x70, 0x2e, 0x63, 0x6f, 0x6e, 0x6e, 0x65, 0x63, 0x74, 0x65,
  0x64, 0x20, 0x3f, 0x20, 0x74, 0x28, 0x22, 0x63, 0x6f, 0x6e, 0x6e, 0x65,
  0x63, 0x74, 0x69, 0x6e, 0x67, 0x22, 0x29, 0x20, 0x3a, 0x20, 0x74, 0x28,
  0x22, 0x6f, 0x66, 0x66, 0x6c, 0x69, 0x6e, 0x65, 0x50, 0x61, 0x64, 0x22,
  0x29, 0x29, 0x29, 0x29, 0x3b, 0x0a, 0x20, 0x20, 0x20, 0x20, 0x77, 0x68,
  0x6f, 0x2e, 0x61, 0x70, 0x70, 0x65, 0x6e, 0x64, 0x43, 0x68, 0x69, 0x6c,
  0x64, 0x28, 0x65, 0x6c, 0x28, 0x22, 0x73, 0x70, 0x61, 0x6e, 0x22, 0x2c,
  0x20, 0x22, 0x22, 0x2c, 0x20, 0x70, 0x2e, 0x61, 0x64, 0x64, 0x72, 0x20,
  0x2b, 0x20, 0x22, 0x20, 0x20, 0xc2, 0xb7, 0x20, 0x20, 0x22, 0x20, 0x2b,
  0x20, 0x28, 0x70, 0x2e, 0x76, 0x69, 0x64, 0x20, 0x3d, 0x3d, 0x3d, 0x20,
  0x22, 0x30, 0x30, 0x30, 0x30, 0x22, 0x20, 0x26, 0x26, 0x20, 0x70, 0x2e,
  0x70, 0x69, 0x64, 0x20, 0x3d, 0x3d, 0x3d, 0x20, 0x22, 0x30, 0x30, 0x30,
  0x30, 0x22, 0x20, 0x3f, 0x20, 0x74, 0x28, 0x22, 0x75, 0x6e, 0x6b, 0x6e,
  0x6f, 0x77, 0x6e, 0x49, 0x64, 0x22, 0x29, 0x20, 0x3a, 0x20, 0x70, 0x2e,
  0x76, 0x69, 0x64, 0x20, 0x2b, 0x20, 0x22, 0x3a, 0x22, 0x20, 0x2b, 0x20,
  0x70, 0x2e, 0x70, 0x69, 0x64, 0x29, 0x29, 0x29, 0x3b, 0x0a, 0x20, 0x20,
  0x20, 0x20, 0x72, 0x6f, 0x77, 0x2e, 0x61, 0x70, 0x70, 0x65, 0x6e, 0x64,
  0x43, 0x68, 0x69, 0x6c, 0x64, 0x28, 0x77, 0x68, 0x6f, 0x29, 0x3b, 0x0a,
  0x20, 0x20, 0x20, 0x20, 0x69, 0x66, 0x20, 0x28, 0x70, 0x2e, 0x6c, 0x65,
  0x29, 0x20, 0x72, 0x6f, 0x77, 0x2e, 0x61, 0x70, 0x70, 0x65, 0x6e, 0x64,
  0x43, 0x68, 0x69, 0x6c, 0x64, 0x28, 0x65, 0x6c, 0x28, 0x22, 0x73, 0x70,
  0x61, 0x6e, 0x22, 0x2c, 0x20, 0x22, 0x74, 0x61, 0x67, 0x22, 0x2c, 0x20,
  0x22, 0x42, 0x4c, 0x45, 0x22, 0x29, 0x29, 0x3b, 0x0a, 0x20, 0x20, 0x20,
  0x20, 0x69, 0x66, 0x20, 0x28, 0x6c, 0x69, 0x76, 0x65, 0x29, 0x20, 0x7b,
  0x0a, 0x20, 0x20, 0x20, 0x20, 0x20, 0x20, 0x76, 0x61, 0x72, 0x20, 0x70,
  0x73, 0x20, 0x3d, 0x20, 0x65, 0x6c, 0x28, 0x22, 0x62, 0x75, 0x74, 0x74,
  0x6f, 0x6e, 0x22, 0x2c, 0x20, 0x22, 0x62, 0x74, 0x6e, 0x20, 0x73, 0x6d,
  0x61, 0x6c, 0x6c, 0x20, 0x70, 0x73, 0x22, 0x2c, 0x20, 0x74, 0x28, 0x22,
  0x70, 0x72, 0x65, 0x73, 0x73, 0x50, 0x73, 0x22, 0x29, 0x29, 0x3b, 0x0a,
  0x20, 0x20, 0x20, 0x20, 0x20, 0x20, 0x70, 0x73, 0x2e, 0x6f, 0x6e, 0x63,
  0x6c, 0x69, 0x63, 0x6b, 0x20, 0x3d, 0x20, 0x66, 0x75, 0x6e, 0x63, 0x74,
  0x69, 0x6f, 0x6e, 0x20, 0x28, 0x29, 0x20, 0x7b, 0x20, 0x61, 0x63, 0x74,
  0x28, 0x22, 0x2f, 0x61, 0x70, 0x69, 0x2f, 0x70, 0x73, 0x3f, 0x73, 0x6c,
  0x6f, 0x74, 0x3d, 0x22, 0x20, 0x2b, 0x20, 0x6c, 0x69, 0x76, 0x65, 0x2e,
  0x73, 0x6c, 0x6f, 0x74, 0x2c, 0x20, 0x74, 0x28, 0x22, 0x70, 0x73, 0x44,
  0x6f, 0x6e, 0x65, 0x22, 0x2c, 0x20, 0x7b, 0x20, 0x6e, 0x3a, 0x20, 0x6c,
  0x69, 0x76, 0x65, 0x2e, 0x73, 0x6c, 0x6f, 0x74, 0x20, 0x7d, 0x29, 0x29,
  0x3b, 0x20, 0x7d, 0x3b, 0x0a, 0x20, 0x20, 0x20, 0x20, 0x20, 0x20, 0x72,
  0x6f, 0x77, 0x2e, 0x61, 0x70, 0x70, 0x65, 0x6e, 0x64, 0x43, 0x68, 0x69,
  0x6c, 0x64, 0x28, 0x70, 0x73, 0x29, 0x3b, 0x0a, 0x20, 0x20, 0x20, 0x20,
  0x20, 0x20, 0x72, 0x6f, 0x77, 0x2e, 0x61, 0x70, 0x70, 0x65, 0x6e, 0x64,
  0x43, 0x68, 0x69, 0x6c, 0x64, 0x28, 0x64, 0x6f, 0x63, 0x75, 0x6d, 0x65,
  0x6e, 0x74, 0x2e, 0x63, 0x72, 0x65, 0x61, 0x74, 0x65, 0x54, 0x65, 0x78,
  0x74, 0x4e, 0x6f, 0x64, 0x65, 0x28, 0x22, 0x5c, 0x75, 0x30, 0x30, 0x61,
  0x30, 0x5c, 0x75, 0x30, 0x30, 0x61, 0x30, 0x22, 0x29, 0x29, 0x3b, 0x0a,
  0x20, 0x20, 0x20, 0x20, 0x7d, 0x0a, 0x20, 0x20, 0x20, 0x20, 0x76, 0x61,
  0x72, 0x20, 0x66, 0x67, 0x20, 0x3d, 0x20, 0x65, 0x6c, 0x28, 0x22, 0x62,
  0x75, 0x74, 0x74, 0x6f, 0x6e, 0x22, 0x2c, 0x20, 0x22, 0x62, 0x74, 0x6e,
  0x20, 0x73, 0x6d, 0x61, 0x6c, 0x6c, 0x20, 0x63, 0x75, 0x74, 0x22, 0x2c,
  0x20, 0x74, 0x28, 0x22, 0x66, 0x6f, 0x72, 0x67, 0x65, 0x74, 0x22, 0x29,
  0x29, 0x3b, 0x0a, 0x20, 0x20, 0x20, 0x20, 0x61, 0x72, 0x6d, 0x65, 0x64,
  0x28, 0x66, 0x67, 0x2c, 0x20, 0x22, 0x73, 0x75, 0x72, 0x65, 0x22, 0x2c,
  0x20, 0x66, 0x75, 0x6e, 0x63, 0x74, 0x69, 0x6f, 0x6e, 0x20, 0x28, 0x29,
  0x20, 0x7b, 0x20, 0x61, 0x63, 0x74, 0x28, 0x22, 0x2f, 0x61, 0x70, 0x69,
  0x2f, 0x66, 0x6f, 0x72, 0x67, 0x65, 0x74, 0x3f, 0x61, 0x64, 0x64, 0x72,
  0x3d, 0x22, 0x20, 0x2b, 0x20, 0x70, 0x2e, 0x61, 0x64, 0x64, 0x72, 0x2c,
  0x20, 0x74, 0x28, 0x22, 0x66, 0x6f, 0x72, 0x67, 0x6f, 0x74, 0x74, 0x65,
  0x6e, 0x22, 0x29, 0x29, 0x3b, 0x20, 0x7d, 0x29, 0x3b, 0x0a, 0x20, 0x20,
  0x20, 0x20, 0x72, 0x6f, 0x77, 0x2e, 0x61, 0x70, 0x70, 0x65, 0x6e, 0x64,
  0x43, 0x68, 0x69, 0x6c, 0x64, 0x28, 0x66, 0x67, 0x29, 0x3b, 0x0a, 0x20,
  0x20, 0x20, 0x20, 0x62, 0x6f, 0x78, 0x2e, 0x61, 0x70, 0x70, 0x65, 0x6e,
  0x64, 0x43, 0x68, 0x69, 0x6c, 0x64, 0x28, 0x72, 0x6f, 0x77, 0x29, 0x3b,
  0x0a, 0x20, 0x20, 0x7d, 0x29, 0x3b, 0x0a, 0x7d, 0x0a, 0x0a, 0x66, 0x75,
  0x6e, 0x63, 0x74, 0x69, 0x6f, 0x6e, 0x20, 0x72, 0x65, 0x6e, 0x64, 0x65,
  0x72, 0x28, 0x73, 0x29, 0x20, 0x7b, 0x0a, 0x20, 0x20, 0x69, 0x66, 0x20,
  0x28, 0x21, 0x73, 0x29, 0x20, 0x72, 0x65, 0x74, 0x75, 0x72, 0x6e, 0x3b,
  0x0a, 0x20, 0x20, 0x76, 0x61, 0x72, 0x20, 0x62, 0x74, 0x20, 0x3d, 0x20,
  0x73, 0x2e, 0x62, 0x6c, 0x75, 0x65, 0x74, 0x6f, 0x6f, 0x74, 0x68, 0x2c,
  0x20, 0x6c, 0x69, 0x76, 0x65, 0x20, 0x3d, 0x20, 0x24, 0x28, 0x22, 0x6c,
  0x69, 0x76, 0x65, 0x22, 0x29, 0x3b, 0x0a, 0x20, 0x20, 0x24, 0x28, 0x22,
  0x76, 0x65, 0x72, 0x22, 0x29, 0x2e, 0x74, 0x65, 0x78, 0x74, 0x43, 0x6f,
  0x6e, 0x74, 0x65, 0x6e, 0x74, 0x20, 0x3d, 0x20, 0x22, 0x76, 0x22, 0x20,
  0x2b, 0x20, 0x73, 0x2e, 0x76, 0x65, 0x72, 0x73, 0x69, 0x6f, 0x6e, 0x3b,
  0x0a, 0x20, 0x20, 0x6c, 0x69, 0x76, 0x65, 0x2e, 0x63, 0x6c, 0x61, 0x73,
  0x73, 0x4e, 0x61, 0x6d, 0x65, 0x20, 0x3d, 0x20, 0x22, 0x6c, 0x69, 0x76,
  0x65, 0x20, 0x22, 0x20, 0x2b, 0x20, 0x28, 0x62, 0x74, 0x20, 0x3d, 0x3d,
  0x3d, 0x20, 0x22, 0x6f, 0x6b, 0x22, 0x20, 0x3f, 0x20, 0x22, 0x6f, 0x6b,
  0x22, 0x20, 0x3a, 0x20, 0x62, 0x74, 0x20, 0x3d, 0x3d, 0x3d, 0x20, 0x22,
  0x66, 0x61, 0x69, 0x6c, 0x65, 0x64, 0x22, 0x20, 0x3f, 0x20, 0x22, 0x62,
  0x61, 0x64, 0x22, 0x20, 0x3a, 0x20, 0x22, 0x77, 0x61, 0x69, 0x74, 0x22,
  0x29, 0x3b, 0x0a, 0x20, 0x20, 0x24, 0x28, 0x22, 0x6c, 0x69, 0x76, 0x65,
  0x54, 0x65, 0x78, 0x74, 0x22, 0x29, 0x2e, 0x74, 0x65, 0x78, 0x74, 0x43,
  0x6f, 0x6e, 0x74, 0x65, 0x6e, 0x74, 0x20, 0x3d, 0x20, 0x74, 0x28, 0x73,
  0x2e, 0x70, 0x61, 0x69, 0x72, 0x69, 0x6e, 0x67, 0x20, 0x3e, 0x20, 0x30,
  0x20, 0x3f, 0x20, 0x22, 0x70, 0x61, 0x69, 0x72, 0x69, 0x6e, 0x67, 0x4e,
  0x6f, 0x77, 0x22, 0x20, 0x3a, 0x20, 0x62, 0x74, 0x20, 0x3d, 0x3d, 0x3d,
  0x20, 0x22, 0x6f, 0x6b, 0x22, 0x20, 0x3f, 0x20, 0x22, 0x72, 0x75, 0x6e,
  0x6e, 0x69, 0x6e, 0x67, 0x22, 0x20, 0x3a, 0x20, 0x62, 0x74, 0x20, 0x3d,
  0x3d, 0x3d, 0x20, 0x22, 0x66, 0x61, 0x69, 0x6c, 0x65, 0x64, 0x22, 0x20,
  0x3f, 0x20, 0x22, 0x6e, 0x6f, 0x42, 0x74, 0x22, 0x20, 0x3a, 0x20, 0x22,
  0x73, 0x74, 0x61, 0x72, 0x74, 0x69, 0x6e, 0x67, 0x42, 0x74, 0x22, 0x29,
  0x3b, 0x0a, 0x20, 0x20, 0x24, 0x28, 0x22, 0x66, 0x42, 0x74, 0x22, 0x29,
  0x2e, 0x74, 0x65, 0x78, 0x74, 0x43, 0x6f, 0x6e, 0x74, 0x65, 0x6e, 0x74,
  0x20, 0x3d, 0x20, 0x74, 0x28, 0x62, 0x74, 0x20, 0x3d, 0x3d, 0x3d, 0x20,
  0x22, 0x6f, 0x6b, 0x22, 0x20, 0x3f, 0x20, 0x22, 0x72, 0x65, 0x61, 0x64,
  0x79, 0x22, 0x20, 0x3a, 0x20, 0x62, 0x74, 0x20, 0x3d, 0x3d, 0x3d, 0x20,
  0x22, 0x66, 0x61, 0x69, 0x6c, 0x65, 0x64, 0x22, 0x20, 0x3f, 0x20, 0x22,
  0x66, 0x61, 0x69, 0x6c, 0x65, 0x64, 0x42, 0x74, 0x22, 0x20, 0x3a, 0x20,
  0x22, 0x73, 0x74, 0x61, 0x72, 0x74, 0x69, 0x6e, 0x67, 0x22, 0x29, 0x3b,
  0x0a, 0x20, 0x20, 0x24, 0x28, 0x22, 0x66, 0x50, 0x61, 0x64, 0x73, 0x22,
  0x29, 0x2e, 0x74, 0x65, 0x78, 0x74, 0x43, 0x6f, 0x6e, 0x74, 0x65, 0x6e,
  0x74, 0x20, 0x3d, 0x20, 0x73, 0x2e, 0x70, 0x61, 0x64, 0x73, 0x2e, 0x6c,
  0x65, 0x6e, 0x67, 0x74, 0x68, 0x20, 0x2b, 0x20, 0x22, 0x20, 0x2f, 0x20,
  0x34, 0x22, 0x3b, 0x0a, 0x20, 0x20, 0x24, 0x28, 0x22, 0x66, 0x50, 0x61,
  0x69, 0x72, 0x65, 0x64, 0x22, 0x29, 0x2e, 0x74, 0x65, 0x78, 0x74, 0x43,
  0x6f, 0x6e, 0x74, 0x65, 0x6e, 0x74, 0x20, 0x3d, 0x20, 0x73, 0x2e, 0x70,
  0x61, 0x69, 0x72, 0x65, 0x64, 0x2e, 0x6c, 0x65, 0x6e, 0x67, 0x74, 0x68,
  0x3b, 0x0a, 0x20, 0x20, 0x24, 0x28, 0x22, 0x72, 0x65, 0x74, 0x72, 0x79,
  0x52, 0x6f, 0x77, 0x22, 0x29, 0x2e, 0x68, 0x69, 0x64, 0x64, 0x65, 0x6e,
  0x20, 0x3d, 0x20, 0x62, 0x74, 0x20, 0x21, 0x3d, 0x3d, 0x20, 0x22, 0x66,
  0x61, 0x69, 0x6c, 0x65, 0x64, 0x22, 0x3b, 0x0a, 0x20, 0x20, 0x76, 0x61,
  0x72, 0x20, 0x72, 0x6b, 0x20, 0x3d, 0x20, 0x7b, 0x20, 0x6e, 0x6f, 0x63,
  0x68, 0x69, 0x70, 0x3a, 0x20, 0x22, 0x72, 0x4e, 0x6f, 0x63, 0x68, 0x69,
  0x70, 0x22, 0x2c, 0x20, 0x6c, 0x6f, 0x73, 0x74, 0x3a, 0x20, 0x22, 0x72,
  0x4c, 0x6f, 0x73, 0x74, 0x22, 0x2c, 0x20, 0x6e, 0x6f, 0x76, 0x70, 0x61,
  0x64, 0x3a, 0x20, 0x22, 0x72, 0x4e, 0x6f, 0x76, 0x70, 0x61, 0x64, 0x22,
  0x20, 0x7d, 0x5b, 0x73, 0x2e, 0x72, 0x65, 0x61, 0x73, 0x6f, 0x6e, 0x4b,
  0x65, 0x79, 0x5d, 0x3b, 0x0a, 0x20, 0x20, 0x69, 0x66, 0x20, 0x28, 0x62,
  0x74, 0x20, 0x3d, 0x3d, 0x3d, 0x20, 0x22, 0x66, 0x61, 0x69, 0x6c, 0x65,
  0x64, 0x22, 0x29, 0x20, 0x7b, 0x20, 0x24, 0x28, 0x22, 0x72, 0x65, 0x61,
  0x73, 0x6f, 0x6e, 0x22, 0x29, 0x2e, 0x74, 0x65, 0x78, 0x74, 0x43, 0x6f,
  0x6e, 0x74, 0x65, 0x6e, 0x74, 0x20, 0x3d, 0x20, 0x72, 0x6b, 0x20, 0x3f,
  0x20, 0x74, 0x28, 0x72, 0x6b, 0x29, 0x20, 0x3a, 0x20, 0x73, 0x2e, 0x72,
  0x65, 0x61, 0x73, 0x6f, 0x6e, 0x20, 0x7c, 0x7c, 0x20, 0x74, 0x28, 0x22,
  0x72, 0x4e, 0x6f, 0x63, 0x68, 0x69, 0x70, 0x22, 0x29, 0x3b, 0x20, 0x24,
  0x28, 0x22, 0x72, 0x65, 0x61, 0x73, 0x6f, 0x6e, 0x22, 0x29, 0x2e, 0x63,
  0x6c, 0x61, 0x73, 0x73, 0x4e, 0x61, 0x6d, 0x65, 0x20, 0x3d, 0x20, 0x22,
  0x6e, 0x6f, 0x74, 0x65, 0x20, 0x61, 0x6c, 0x65, 0x72, 0x74, 0x22, 0x3b,
  0x20, 0x7d, 0x0a, 0x20, 0x20, 0x65, 0x6c, 0x73, 0x65, 0x20, 0x7b, 0x20,
  0x24, 0x28, 0x22, 0x72, 0x65, 0x61, 0x73, 0x6f, 0x6e, 0x22, 0x29, 0x2e,
  0x69, 0x6e, 0x6e, 0x65, 0x72, 0x48, 0x54, 0x4d, 0x4c, 0x20, 0x3d, 0x20,
  0x65, 0x73, 0x63, 0x28, 0x74, 0x28, 0x22, 0x74, 0x69, 0x70, 0x55, 0x73,
  0x65, 0x72, 0x73, 0x22, 0x29, 0x29, 0x2e, 0x72, 0x65, 0x70, 0x6c, 0x61,
  0x63, 0x65, 0x28, 0x22, 0x7b, 0x70, 0x73, 0x7d, 0x22, 0x2c, 0x20, 0x22,
  0x3c, 0x62, 0x3e, 0x22, 0x20, 0x2b, 0x20, 0x65, 0x73, 0x63, 0x28, 0x74,
  0x28, 0x22, 0x70, 0x72, 0x65, 0x73, 0x73, 0x50, 0x73, 0x22, 0x29, 0x29,
  0x20, 0x2b, 0x20, 0x22, 0x3c, 0x2f, 0x62, 0x3e, 0x22, 0x29, 0x3b, 0x20,
  0x24, 0x28, 0x22, 0x72, 0x65, 0x61, 0x73, 0x6f, 0x6e, 0x22, 0x29, 0x2e,
  0x63, 0x6c, 0x61, 0x73, 0x73, 0x4e, 0x61, 0x6d, 0x65, 0x20, 0x3d, 0x20,
  0x22, 0x6e, 0x6f, 0x74, 0x65, 0x22, 0x3b, 0x20, 0x7d, 0x0a, 0x20, 0x20,
  0x24, 0x28, 0x22, 0x72, 0x69, 0x6e, 0x67, 0x22, 0x29, 0x2e, 0x73, 0x74,
  0x79, 0x6c, 0x65, 0x2e, 0x77, 0x69, 0x64, 0x74, 0x68, 0x20, 0x3d, 0x20,
  0x28, 0x73, 0x2e, 0x70, 0x61, 0x69, 0x72, 0x69, 0x6e, 0x67, 0x20, 0x3e,
  0x20, 0x30, 0x20, 0x3f, 0x20, 0x73, 0x2e, 0x70, 0x61, 0x69, 0x72, 0x69,
  0x6e, 0x67, 0x20, 0x2f, 0x20, 0x36, 0x30, 0x20, 0x2a, 0x20, 0x31, 0x30,
  0x30, 0x20, 0x3a, 0x20, 0x30, 0x29, 0x20, 0x2b, 0x20, 0x22, 0x25, 0x22,
  0x3b, 0x0a, 0x20, 0x20, 0x24, 0x28, 0x22, 0x70, 0x61, 0x69, 0x72, 0x54,
  0x65, 0x78, 0x74, 0x22, 0x29, 0x2e, 0x74, 0x65, 0x78, 0x74, 0x43, 0x6f,
  0x6e, 0x74, 0x65, 0x6e, 0x74, 0x20, 0x3d, 0x20, 0x73, 0x2e, 0x70, 0x61,
  0x69, 0x72, 0x69, 0x6e, 0x67, 0x20, 0x3e, 0x20, 0x30, 0x0a, 0x20, 0x20,
  0x20, 0x20, 0x3f, 0x20, 0x74, 0x28, 0x22, 0x73, 0x65, 0x61, 0x72, 0x63,
  0x68, 0x69, 0x6e, 0x67, 0x22, 0x2c, 0x20, 0x7b, 0x20, 0x6e, 0x3a, 0x20,
  0x73, 0x2e, 0x70, 0x61, 0x69, 0x72, 0x69, 0x6e, 0x67, 0x20, 0x7d, 0x29,
  0x20, 0x3a, 0x20, 0x74, 0x28, 0x22, 0x70, 0x61, 0x69, 0x72, 0x49, 0x64,
  0x6c, 0x65, 0x22, 0x29, 0x3b, 0x0a, 0x20, 0x20, 0x24, 0x28, 0x22, 0x70,
  0x61, 0x69, 0x72, 0x22, 0x29, 0x2e, 0x64, 0x69, 0x73, 0x61, 0x62, 0x6c,
  0x65, 0x64, 0x20, 0x3d, 0x20, 0x73, 0x2e, 0x70, 0x61, 0x69, 0x72, 0x69,
  0x6e, 0x67, 0x20, 0x3e, 0x20, 0x30, 0x20, 0x7c, 0x7c, 0x20, 0x62, 0x74,
  0x20, 0x21, 0x3d, 0x3d, 0x20, 0x22, 0x6f, 0x6b, 0x22, 0x3b, 0x0a, 0x20,
  0x20, 0x24, 0x28, 0x22, 0x70, 0x61, 0x69, 0x72, 0x22, 0x29, 0x2e, 0x74,
  0x65, 0x78, 0x74, 0x43, 0x6f, 0x6e, 0x74, 0x65, 0x6e, 0x74, 0x20, 0x3d,
  0x20, 0x73, 0x2e, 0x70, 0x61, 0x69, 0x72, 0x69, 0x6e, 0x67, 0x20, 0x3e,
  0x20, 0x30, 0x20, 0x3f, 0x20, 0x74, 0x28, 0x22, 0x70, 0x61, 0x69, 0x72,
  0x69, 0x6e, 0x67, 0x53, 0x65, 0x63, 0x22, 0x2c, 0x20, 0x7b, 0x20, 0x6e,
  0x3a, 0x20, 0x73, 0x2e, 0x70, 0x61, 0x69, 0x72, 0x69, 0x6e, 0x67, 0x20,
  0x7d, 0x29, 0x20, 0x3a, 0x20, 0x74, 0x28, 0x22, 0x70, 0x61, 0x69, 0x72,
  0x42, 0x74, 0x6e, 0x22, 0x29, 0x3b, 0x0a, 0x20, 0x20, 0x24, 0x28, 0x22,
  0x70, 0x61, 0x64, 0x73, 0x48, 0x69, 0x6e, 0x74, 0x22, 0x29, 0x2e, 0x74,
  0x65, 0x78, 0x74, 0x43, 0x6f, 0x6e, 0x74, 0x65, 0x6e, 0x74, 0x20, 0x3d,
  0x20, 0x73, 0x2e, 0x63, 0x6f, 0x6d, 0x62, 0x6f, 0x20, 0x3f, 0x20, 0x74,
  0x28, 0x22, 0x68, 0x6f, 0x74, 0x6b, 0x65, 0x79, 0x22, 0x2c, 0x20, 0x7b,
  0x20, 0x63, 0x3a, 0x20, 0x73, 0x2e, 0x63, 0x6f, 0x6d, 0x62, 0x6f, 0x20,
  0x7d, 0x29, 0x20, 0x3a, 0x20, 0x74, 0x28, 0x22, 0x75, 0x70, 0x54, 0x6f,
  0x34, 0x22, 0x29, 0x3b, 0x0a, 0x20, 0x20, 0x72, 0x65, 0x6e, 0x64, 0x65,
  0x72, 0x50, 0x61, 0x64, 0x73, 0x28, 0x73, 0x2e, 0x70, 0x61, 0x64, 0x73,
  0x29, 0x3b, 0x0a, 0x20, 0x20, 0x72, 0x65, 0x6e, 0x64, 0x65, 0x72, 0x50,
  0x61, 0x69, 0x72, 0x65, 0x64, 0x28, 0x73, 0x2e, 0x70, 0x61, 0x69, 0x72,
  0x65, 0x64, 0x2c, 0x20, 0x73, 0x2e, 0x70, 0x61, 0x64, 0x73, 0x29, 0x3b,
  0x0a, 0x7d, 0x0a, 0x76, 0x61, 0x72, 0x20, 0x69, 0x6e, 0x46, 0x6c, 0x69,
  0x67, 0x68, 0x74, 0x20, 0x3d, 0x20, 0x66, 0x61, 0x6c, 0x73, 0x65, 0x3b,
  0x0a, 0x66, 0x75, 0x6e, 0x63, 0x74, 0x69, 0x6f, 0x6e, 0x20, 0x72, 0x65,
  0x66, 0x72, 0x65, 0x73, 0x68, 0x28, 0x29, 0x20, 0x7b, 0x0a, 0x20, 0x20,
  0x69, 0x66, 0x20, 0x28, 0x69, 0x6e, 0x46, 0x6c, 0x69, 0x67, 0x68, 0x74,
  0x29, 0x20, 0x72, 0x65, 0x74, 0x75, 0x72, 0x6e, 0x20, 0x50, 0x72, 0x6f,
  0x6d, 0x69, 0x73, 0x65, 0x2e, 0x72, 0x65, 0x73, 0x6f, 0x6c, 0x76, 0x65,
  0x28, 0x29, 0x3b, 0x0a, 0x20, 0x20, 0x69, 0x6e, 0x46, 0x6c, 0x69, 0x67,
  0x68, 0x74, 0x20, 0x3d, 0x20, 0x74, 0x72, 0x75, 0x65, 0x3b, 0x0a, 0x20,
  0x20, 0x72, 0x65, 0x74, 0x75, 0x72, 0x6e, 0x20, 0x61, 0x70, 0x69, 0x28,
  0x22, 0x47, 0x45, 0x54, 0x22, 0x2c, 0x20, 0x22, 0x2f, 0x61, 0x70, 0x69,
  0x2f, 0x73, 0x74, 0x61, 0x74, 0x65, 0x22, 0x29, 0x2e, 0x74, 0x68, 0x65,
  0x6e, 0x28, 0x66, 0x75, 0x6e, 0x63, 0x74, 0x69, 0x6f, 0x6e, 0x20, 0x28,
  0x73, 0x29, 0x20, 0x7b, 0x0a, 0x20, 0x20, 0x20, 0x20, 0x69, 0x6e, 0x46,
  0x6c, 0x69, 0x67, 0x68, 0x74, 0x20, 0x3d, 0x20, 0x66, 0x61, 0x6c, 0x73,
  0x65, 0x3b, 0x0a, 0x20, 0x20, 0x20, 0x20, 0x6c, 0x61, 0x73, 0x74, 0x53,
  0x74, 0x61, 0x74, 0x65, 0x20, 0x3d, 0x20, 0x73, 0x3b, 0x0a, 0x20, 0x20,
  0x20, 0x20, 0x69, 0x66, 0x20, 0x28, 0x21, 0x6c, 0x61, 0x6e, 0x67, 0x46,
  0x72, 0x6f, 0x6d, 0x43, 0x6f, 0x6e, 0x73, 0x6f, 0x6c, 0x65, 0x20, 0x26,
  0x26, 0x20, 0x73, 0x2e, 0x6c, 0x61, 0x6e, 0x67, 0x20, 0x26, 0x26, 0x20,
  0x49, 0x31, 0x38, 0x4e, 0x5b, 0x73, 0x2e, 0x6c, 0x61, 0x6e, 0x67, 0x5d,
  0x29, 0x20, 0x7b, 0x20, 0x20, 0x20, 0x20, 0x20, 0x20, 0x2f, 0x2a, 0x20,
  0x74, 0x68, 0x65, 0x20, 0x63, 0x6f, 0x6e, 0x73, 0x6f, 0x6c, 0x65, 0x27,
  0x73, 0x20, 0x63, 0x68, 0x6f, 0x69, 0x63, 0x65, 0x20, 0x77, 0x69, 0x6e,
  0x73, 0x20, 0x6f, 0x76, 0x65, 0x72, 0x20, 0x74, 0x68, 0x69, 0x73, 0x20,
  0x62, 0x72, 0x6f, 0x77, 0x73, 0x65, 0x72, 0x27, 0x73, 0x20, 0x2a, 0x2f,
  0x0a, 0x20, 0x20, 0x20, 0x20, 0x20, 0x20, 0x6c, 0x61, 0x6e, 0x67, 0x46,
  0x72, 0x6f, 0x6d, 0x43, 0x6f, 0x6e, 0x73, 0x6f, 0x6c, 0x65, 0x20, 0x3d,
  0x20, 0x74, 0x72, 0x75, 0x65, 0x3b, 0x0a, 0x20, 0x20, 0x20, 0x20, 0x20,
  0x20, 0x69, 0x66, 0x20, 0x28, 0x73, 0x2e, 0x6c, 0x61, 0x6e, 0x67, 0x20,
  0x21, 0x3d, 0x3d, 0x20, 0x4c, 0x41, 0x4e, 0x47, 0x29, 0x20, 0x7b, 0x20,
  0x73, 0x65, 0x74, 0x4c, 0x61, 0x6e, 0x67, 0x28, 0x73, 0x2e, 0x6c, 0x61,
  0x6e, 0x67, 0x2c, 0x20, 0x66, 0x61, 0x6c, 0x73, 0x65, 0x29, 0x3b, 0x20,
  0x72, 0x65, 0x74, 0x75, 0x72, 0x6e, 0x3b, 0x20, 0x7d, 0x0a, 0x20, 0x20,
  0x20, 0x20, 0x7d, 0x0a, 0x20, 0x20, 0x20, 0x20, 0x72, 0x65, 0x6e, 0x64,
  0x65, 0x72, 0x28, 0x73, 0x29, 0x3b, 0x0a, 0x20, 0x20, 0x7d, 0x2c, 0x20,
  0x66, 0x75, 0x6e, 0x63, 0x74, 0x69, 0x6f, 0x6e, 0x20, 0x28, 0x29, 0x20,
  0x7b, 0x0a, 0x20, 0x20, 0x20, 0x20, 0x69, 0x6e, 0x46, 0x6c, 0x69, 0x67,
  0x68, 0x74, 0x20, 0x3d, 0x20, 0x66, 0x61, 0x6c, 0x73, 0x65, 0x3b, 0x0a,
  0x20, 0x20, 0x20, 0x20, 0x24, 0x28, 0x22, 0x6c, 0x69, 0x76, 0x65, 0x22,
  0x29, 0x2e, 0x63, 0x6c, 0x61, 0x73, 0x73, 0x4e, 0x61, 0x6d, 0x65, 0x20,
  0x3d, 0x20, 0x22, 0x6c, 0x69, 0x76, 0x65, 0x20, 0x62, 0x61, 0x64, 0x22,
  0x3b, 0x0a, 0x20, 0x20, 0x20, 0x20, 0x24, 0x28, 0x22, 0x6c, 0x69, 0x76,
  0x65, 0x54, 0x65, 0x78, 0x74, 0x22, 0x29, 0x2e, 0x74, 0x65, 0x78, 0x74,
  0x43, 0x6f, 0x6e, 0x74, 0x65, 0x6e, 0x74, 0x20, 0x3d, 0x20, 0x74, 0x28,
  0x22, 0x6f, 0x66, 0x66, 0x6c, 0x69, 0x6e, 0x65, 0x22, 0x29, 0x3b, 0x0a,
  0x20, 0x20, 0x7d, 0x29, 0x3b, 0x0a, 0x7d, 0x0a, 0x66, 0x75, 0x6e, 0x63,
  0x74, 0x69, 0x6f, 0x6e, 0x20, 0x6c, 0x6f, 0x61, 0x64, 0x4c, 0x6f, 0x67,
  0x28, 0x29, 0x20, 0x7b, 0x0a, 0x20, 0x20, 0x72, 0x65, 0x74, 0x75, 0x72,
  0x6e, 0x20, 0x61, 0x70, 0x69, 0x28, 0x22, 0x47, 0x45, 0x54, 0x22, 0x2c,
  0x20, 0x22, 0x2f, 0x61, 0x70, 0x69, 0x2f, 0x6c, 0x6f, 0x67, 0x22, 0x29,
  0x2e, 0x74, 0x68, 0x65, 0x6e, 0x28, 0x66, 0x75, 0x6e, 0x63, 0x74, 0x69,
  0x6f, 0x6e, 0x20, 0x28, 0x74, 0x78, 0x74, 0x29, 0x20, 0x7b, 0x0a, 0x20,
  0x20, 0x20, 0x20, 0x76, 0x61, 0x72, 0x20, 0x70, 0x72, 0x65, 0x20, 0x3d,
  0x20, 0x24, 0x28, 0x22, 0x6c, 0x6f, 0x67, 0x22, 0x29, 0x2c, 0x20, 0x65,
  0x6e, 0x64, 0x20, 0x3d, 0x20, 0x70, 0x72, 0x65, 0x2e, 0x73, 0x63, 0x72,
  0x6f, 0x6c, 0x6c, 0x54, 0x6f, 0x70, 0x20, 0x2b, 0x20, 0x70, 0x72, 0x65,
  0x2e, 0x63, 0x6c, 0x69, 0x65, 0x6e, 0x74, 0x48, 0x65, 0x69, 0x67, 0x68,
  0x74, 0x20, 0x3e, 0x3d, 0x20, 0x70, 0x72, 0x65, 0x2e, 0x73, 0x63, 0x72,
  0x6f, 0x6c, 0x6c, 0x48, 0x65, 0x69, 0x67, 0x68, 0x74, 0x20, 0x2d, 0x20,
  0x33, 0x30, 0x3b, 0x0a, 0x20, 0x20, 0x20, 0x20, 0x70, 0x72, 0x65, 0x2e,
  0x74, 0x65, 0x78, 0x74, 0x43, 0x6f, 0x6e, 0x74, 0x65, 0x6e, 0x74, 0x20,
  0x3d, 0x20, 0x74, 0x78, 0x74, 0x20, 0x7c, 0x7c, 0x20, 0x74, 0x28, 0x22,
  0x65, 0x6d, 0x70, 0x74, 0x79, 0x22, 0x29, 0x3b, 0x0a, 0x20, 0x20, 0x20,
  0x20, 0x69, 0x66, 0x20, 0x28, 0x65, 0x6e, 0x64, 0x29, 0x20, 0x70, 0x72,
  0x65, 0x2e, 0x73, 0x63, 0x72, 0x6f, 0x6c, 0x6c, 0x54, 0x6f, 0x70, 0x20,
  0x3d, 0x20, 0x70, 0x72, 0x65, 0x2e, 0x73, 0x63, 0x72, 0x6f, 0x6c, 0x6c,
  0x48, 0x65, 0x69, 0x67, 0x68, 0x74, 0x3b, 0x0a, 0x20, 0x20, 0x7d, 0x2c,
  0x20, 0x66, 0x75, 0x6e, 0x63, 0x74, 0x69, 0x6f, 0x6e, 0x20, 0x28, 0x29,
  0x20, 0x7b, 0x20, 0x24, 0x28, 0x22, 0x6c, 0x6f, 0x67, 0x22, 0x29, 0x2e,
  0x74, 0x65, 0x78, 0x74, 0x43, 0x6f, 0x6e, 0x74, 0x65, 0x6e, 0x74, 0x20,
  0x3d, 0x20, 0x74, 0x28, 0x22, 0x6c, 0x6f, 0x67, 0x45, 0x72, 0x72, 0x6f,
  0x72, 0x22, 0x29, 0x3b, 0x20, 0x7d, 0x29, 0x3b, 0x0a, 0x7d, 0x0a, 0x0a,
  0x24, 0x28, 0x22, 0x70, 0x61, 0x69, 0x72, 0x22, 0x29, 0x2e, 0x6f, 0x6e,
  0x63, 0x6c, 0x69, 0x63, 0x6b, 0x20, 0x3d, 0x20, 0x66, 0x75, 0x6e, 0x63,
  0x74, 0x69, 0x6f, 0x6e, 0x20, 0x28, 0x29, 0x20, 0x7b, 0x20, 0x61, 0x63,
  0x74, 0x28, 0x22, 0x2f, 0x61, 0x70, 0x69, 0x2f, 0x70, 0x61, 0x69, 0x72,
  0x22, 0x2c, 0x20, 0x74, 0x28, 0x22, 0x70, 0x61, 0x69, 0x72, 0x53, 0x74,
  0x61, 0x72, 0x74, 0x65, 0x64, 0x22, 0x29, 0x29, 0x3b, 0x20, 0x7d, 0x3b,
  0x0a, 0x24, 0x28, 0x22, 0x72, 0x65, 0x74, 0x72, 0x79, 0x22, 0x29, 0x2e,
  0x6f, 0x6e, 0x63, 0x6c, 0x69, 0x63, 0x6b, 0x20, 0x3d, 0x20, 0x66, 0x75,
  0x6e, 0x63, 0x74, 0x69, 0x6f, 0x6e, 0x20, 0x28, 0x29, 0x20, 0x7b, 0x20,
  0x61, 0x63, 0x74, 0x28, 0x22, 0x2f, 0x61, 0x70, 0x69, 0x2f, 0x72, 0x65,
  0x74, 0x72, 0x79, 0x22, 0x2c, 0x20, 0x74, 0x28, 0x22, 0x72, 0x65, 0x74,
  0x72, 0x79, 0x69, 0x6e, 0x67, 0x22, 0x29, 0x29, 0x3b, 0x20, 0x7d, 0x3b,
  0x0a, 0x24, 0x28, 0x22, 0x6c, 0x6f, 0x67, 0x52, 0x65, 0x66, 0x72, 0x65,
  0x73, 0x68, 0x22, 0x29, 0x2e, 0x6f, 0x6e, 0x63, 0x6c, 0x69, 0x63, 0x6b,
  0x20, 0x3d, 0x20, 0x6c, 0x6f, 0x61, 0x64, 0x4c, 0x6f, 0x67, 0x3b, 0x0a,
  0x24, 0x28, 0x22, 0x6c, 0x6f, 0x67, 0x42, 0x6f, 0x78, 0x22, 0x29, 0x2e,
  0x61, 0x64, 0x64, 0x45, 0x76, 0x65, 0x6e, 0x74, 0x4c, 0x69, 0x73, 0x74,
  0x65, 0x6e, 0x65, 0x72, 0x28, 0x22, 0x74, 0x6f, 0x67, 0x67, 0x6c, 0x65,
  0x22, 0x2c, 0x20, 0x66, 0x75, 0x6e, 0x63, 0x74, 0x69, 0x6f, 0x6e, 0x20,
  0x28, 0x29, 0x20, 0x7b, 0x20, 0x69, 0x66, 0x20, 0x28, 0x24, 0x28, 0x22,
  0x6c, 0x6f, 0x67, 0x42, 0x6f, 0x78, 0x22, 0x29, 0x2e, 0x6f, 0x70, 0x65,
  0x6e, 0x29, 0x20, 0x6c, 0x6f, 0x61, 0x64, 0x4c, 0x6f, 0x67, 0x28, 0x29,
  0x3b, 0x20, 0x7d, 0x29, 0x3b, 0x0a, 0x61, 0x72, 0x6d, 0x65, 0x64, 0x28,
  0x24, 0x28, 0x22, 0x73, 0x74, 0x6f, 0x70, 0x22, 0x29, 0x2c, 0x20, 0x22,
  0x74, 0x61, 0x70, 0x53, 0x74, 0x6f, 0x70, 0x22, 0x2c, 0x20, 0x66, 0x75,
  0x6e, 0x63, 0x74, 0x69, 0x6f, 0x6e, 0x20, 0x28, 0x29, 0x20, 0x7b, 0x0a,
  0x20, 0x20, 0x61, 0x70, 0x69, 0x28, 0x22, 0x50, 0x4f, 0x53, 0x54, 0x22,
  0x2c, 0x20, 0x22, 0x2f, 0x61, 0x70, 0x69, 0x2f, 0x73, 0x74, 0x6f, 0x70,
  0x22, 0x29, 0x2e, 0x74, 0x68, 0x65, 0x6e, 0x28, 0x66, 0x75, 0x6e, 0x63,
  0x74, 0x69, 0x6f, 0x6e, 0x20, 0x28, 0x29, 0x20, 0x7b, 0x20, 0x74, 0x6f,
  0x61, 0x73, 0x74, 0x28, 0x74, 0x28, 0x22, 0x73, 0x74, 0x6f, 0x70, 0x70,
  0x69, 0x6e, 0x67, 0x22, 0x29, 0x29, 0x3b, 0x20, 0x7d, 0x2c, 0x20, 0x66,
  0x75, 0x6e, 0x63, 0x74, 0x69, 0x6f, 0x6e, 0x20, 0x28, 0x29, 0x20, 0x7b,
  0x7d, 0x29, 0x3b, 0x0a, 0x20, 0x20, 0x24, 0x28, 0x22, 0x6c, 0x69, 0x76,
  0x65, 0x54, 0x65, 0x78, 0x74, 0x22, 0x29, 0x2e, 0x74, 0x65, 0x78, 0x74,
  0x43, 0x6f, 0x6e, 0x74, 0x65, 0x6e, 0x74, 0x20, 0x3d, 0x20, 0x74, 0x28,
  0x22, 0x73, 0x74, 0x6f, 0x70, 0x70, 0x69, 0x6e, 0x67, 0x53, 0x68, 0x6f,
  0x72, 0x74, 0x22, 0x29, 0x3b, 0x0a, 0x7d, 0x29, 0x3b, 0x0a, 0x24, 0x28,
  0x22, 0x6c, 0x61, 0x6e, 0x67, 0x62, 0x74, 0x6e, 0x22, 0x29, 0x2e, 0x61,
  0x64, 0x64, 0x45, 0x76, 0x65, 0x6e, 0x74, 0x4c, 0x69, 0x73, 0x74, 0x65,
  0x6e, 0x65, 0x72, 0x28, 0x22, 0x63, 0x6c, 0x69, 0x63, 0x6b, 0x22, 0x2c,
  0x20, 0x66, 0x75, 0x6e, 0x63, 0x74, 0x69, 0x6f, 0x6e, 0x20, 0x28, 0x65,
  0x76, 0x29, 0x20, 0x7b, 0x20, 0x65, 0x76, 0x2e, 0x73, 0x74, 0x6f, 0x70,
  0x50, 0x72, 0x6f, 0x70, 0x61, 0x67, 0x61, 0x74, 0x69, 0x6f, 0x6e, 0x28,
  0x29, 0x3b, 0x20, 0x74, 0x6f, 0x67, 0x67, 0x6c, 0x65, 0x4c, 0x61, 0x6e,
  0x67, 0x4c, 0x69, 0x73, 0x74, 0x28, 0x29, 0x3b, 0x20, 0x7d, 0x29, 0x3b,
  0x0a, 0x64, 0x6f, 0x63, 0x75, 0x6d, 0x65, 0x6e, 0x74, 0x2e, 0x61, 0x64,
  0x64, 0x45, 0x76, 0x65, 0x6e, 0x74, 0x4c, 0x69, 0x73, 0x74, 0x65, 0x6e,
  0x65, 0x72, 0x28, 0x22, 0x63, 0x6c, 0x69, 0x63, 0x6b, 0x22, 0x2c, 0x20,
  0x66, 0x75, 0x6e, 0x63, 0x74, 0x69, 0x6f, 0x6e, 0x20, 0x28, 0x65, 0x76,
  0x29, 0x20, 0x7b, 0x0a, 0x20, 0x20, 0x69, 0x66, 0x20, 0x28, 0x24, 0x28,
  0x22, 0x6c, 0x61, 0x6e, 0x67, 0x6c, 0x69, 0x73, 0x74, 0x22, 0x29, 0x2e,
  0x67, 0x65, 0x74, 0x41, 0x74, 0x74, 0x72, 0x69, 0x62, 0x75, 0x74, 0x65,
  0x28, 0x22, 0x64, 0x61, 0x74, 0x61, 0x2d, 0x73, 0x74, 0x61, 0x74, 0x65,
  0x22, 0x29, 0x20, 0x3d, 0x3d, 0x3d, 0x20, 0x22, 0x6f, 0x70, 0x65, 0x6e,
  0x22, 0x20, 0x26, 0x26, 0x20, 0x21, 0x24, 0x28, 0x22, 0x6c, 0x61, 0x6e,
  0x67, 0x62, 0x6f, 0x78, 0x22, 0x29, 0x2e, 0x63, 0x6f, 0x6e, 0x74, 0x61,
  0x69, 0x6e, 0x73, 0x28, 0x65, 0x76, 0x2e, 0x74, 0x61, 0x72, 0x67, 0x65,
  0x74, 0x29, 0x29, 0x20, 0x74, 0x6f, 0x67, 0x67, 0x6c, 0x65, 0x4c, 0x61,
  0x6e, 0x67, 0x4c, 0x69, 0x73, 0x74, 0x28, 0x66, 0x61, 0x6c, 0x73, 0x65,
  0x29, 0x3b, 0x0a, 0x7d, 0x29, 0x3b, 0x0a, 0x64, 0x6f, 0x63, 0x75, 0x6d,
  0x65, 0x6e, 0x74, 0x2e, 0x61, 0x64, 0x64, 0x45, 0x76, 0x65, 0x6e, 0x74,
  0x4c, 0x69, 0x73, 0x74, 0x65, 0x6e, 0x65, 0x72, 0x28, 0x22, 0x6b, 0x65,
  0x79, 0x64, 0x6f, 0x77, 0x6e, 0x22, 0x2c, 0x20, 0x66, 0x75, 0x6e, 0x63,
  0x74, 0x69, 0x6f, 0x6e, 0x20, 0x28, 0x65, 0x76, 0x29, 0x20, 0x7b, 0x20,
  0x69, 0x66, 0x20, 0x28, 0x65, 0x76, 0x2e, 0x6b, 0x65, 0x79, 0x43, 0x6f,
  0x64, 0x65, 0x20, 0x3d, 0x3d, 0x3d, 0x20, 0x32, 0x37, 0x29, 0x20, 0x74,
  0x6f, 0x67, 0x67, 0x6c, 0x65, 0x4c, 0x61, 0x6e, 0x67, 0x4c, 0x69, 0x73,
  0x74, 0x28, 0x66, 0x61, 0x6c, 0x73, 0x65, 0x29, 0x3b, 0x20, 0x7d, 0x29,
  0x3b, 0x0a, 0x61, 0x70, 0x70, 0x6c, 0x79, 0x4c, 0x61, 0x6e, 0x67, 0x28,
  0x29, 0x3b, 0x0a, 0x0a, 0x72, 0x65, 0x66, 0x72, 0x65, 0x73, 0x68, 0x28,
  0x29, 0x3b, 0x0a, 0x73, 0x65, 0x74, 0x49, 0x6e, 0x74, 0x65, 0x72, 0x76,
  0x61, 0x6c, 0x28, 0x72, 0x65, 0x66, 0x72, 0x65, 0x73, 0x68, 0x2c, 0x20,
  0x31, 0x30, 0x30, 0x30, 0x29, 0x3b, 0x0a, 0x73, 0x65, 0x74, 0x49, 0x6e,
  0x74, 0x65, 0x72, 0x76, 0x61, 0x6c, 0x28, 0x66, 0x75, 0x6e, 0x63, 0x74,
  0x69, 0x6f, 0x6e, 0x20, 0x28, 0x29, 0x20, 0x7b, 0x20, 0x69, 0x66, 0x20,
  0x28, 0x24, 0x28, 0x22, 0x6c, 0x6f, 0x67, 0x42, 0x6f, 0x78, 0x22, 0x29,
  0x2e, 0x6f, 0x70, 0x65, 0x6e, 0x29, 0x20, 0x6c, 0x6f, 0x61, 0x64, 0x4c,
  0x6f, 0x67, 0x28, 0x29, 0x3b, 0x20, 0x7d, 0x2c, 0x20, 0x33, 0x30, 0x30,
  0x30, 0x29, 0x3b, 0x0a, 0x3c, 0x2f, 0x73, 0x63, 0x72, 0x69, 0x70, 0x74,
  0x3e, 0x0a, 0x3c, 0x2f, 0x62, 0x6f, 0x64, 0x79, 0x3e, 0x0a, 0x3c, 0x2f,
  0x68, 0x74, 0x6d, 0x6c, 0x3e, 0x0a
};
const unsigned int web_page_html_len = sizeof web_page_html;
